Iteration,Total_Cost,Position_Cost,Heading_Cost,Gamma_State_Cost,Lateral_Ref_Cost,Velocity_Cost,Gamma_Ctrl_Cost,Obstacle_Cost,Lane_Cost,Gamma_Barrier_Cost,Gamma_Dot_Barrier_Cost,Speed_Rate_Cost,Lambda_Value
0,1147.92,7.01804,0.05172,1.02047,133.096,0,4.52737,959.033,0,5.60027,37.5741,0,7
-1,1147.92,7.01804,0.05172,1.02047,133.096,0,4.52737,959.033,0,5.60027,37.5741,0,7
-2,950.126,7.71373,0.0596926,0.91516,172.459,0.09881,4.12969,721.664,0,5.56654,37.5047,0.0144964,7
1,950.126,7.71373,0.0596926,0.91516,172.459,0.09881,4.12969,721.664,0,5.56654,37.5047,0.0144964,7
-1,950.126,7.71373,0.0596926,0.91516,172.459,0.09881,4.12969,721.664,0,5.56654,37.5047,0.0144964,4.9
-2,832.808,8.23518,0.0691643,0.934629,198.304,0.464329,6.14269,575.13,0,5.57304,37.8834,0.0715551,4.9
2,832.808,8.23518,0.0691643,0.934629,198.304,0.464329,6.14269,575.13,0,5.57304,37.8834,0.0715551,4.9
-1,832.808,8.23518,0.0691643,0.934629,198.304,0.464329,6.14269,575.13,0,5.57304,37.8834,0.0715551,3.43
-2,752.255,8.38656,0.0763872,0.959018,208.045,1.18226,8.11825,481.458,0,5.5812,38.256,0.19215,3.43
3,752.255,8.38656,0.0763872,0.959018,208.045,1.18226,8.11825,481.458,0,5.5812,38.256,0.19215,3.43
-1,752.255,8.38656,0.0763872,0.959018,208.045,1.18226,8.11825,481.458,0,5.5812,38.256,0.19215,2.401
-2,689.722,8.40806,0.0802558,0.944278,205.611,2.3058,9.10887,418.847,0,5.57691,38.444,0.396038,2.401
4,689.722,8.40806,0.0802558,0.944278,205.611,2.3058,9.10887,418.847,0,5.57691,38.444,0.396038,2.401
-1,689.722,8.40806,0.0802558,0.944278,205.611,2.3058,9.10887,418.847,0,5.57691,38.444,0.396038,1.6807
-2,637.866,8.1073,0.0811349,0.895131,196.268,3.84463,9.21073,374.737,0,5.5617,38.4644,0.695086,1.6807
5,637.866,8.1073,0.0811349,0.895131,196.268,3.84463,9.21073,374.737,0,5.5617,38.4644,0.695086,1.6807
-1,637.866,8.1073,0.0811349,0.895131,196.268,3.84463,9.21073,374.737,0,5.5617,38.4644,0.695086,1.17649
-2,594.575,7.96237,0.0798333,0.831162,184.146,5.77621,8.82823,341.923,0,5.54184,38.3931,1.09298,1.17649
6,594.575,7.96237,0.0798333,0.831162,184.146,5.77621,8.82823,341.923,0,5.54184,38.3931,1.09298,1.17649
-1,594.575,7.96237,0.0798333,0.831162,184.146,5.77621,8.82823,341.923,0,5.54184,38.3931,1.09298,0.823543
-2,557.725,7.40222,0.076737,0.768983,171.449,8.04687,8.28387,316.302,0,5.52254,38.2913,1.5817,0.823543
7,557.725,7.40222,0.076737,0.768983,171.449,8.04687,8.28387,316.302,0,5.52254,38.2913,1.5817,0.823543
-1,557.725,7.40222,0.076737,0.768983,171.449,8.04687,8.28387,316.302,0,5.52254,38.2913,1.5817,0.57648
-2,527.442,6.71926,0.0731472,0.718273,159.961,10.5663,7.76102,295.789,0,5.50679,38.1932,2.15377,0.57648
8,527.442,6.71926,0.0731472,0.718273,159.961,10.5663,7.76102,295.789,0,5.50679,38.1932,2.15377,0.57648
-1,527.442,6.71926,0.0731472,0.718273,159.961,10.5663,7.76102,295.789,0,5.50679,38.1932,2.15377,0.403536
-2,503.33,6.63863,0.0706135,0.681375,150.046,13.2492,7.31656,278.929,0,5.4953,38.1098,2.79456,0.403536
9,503.33,6.63863,0.0706135,0.681375,150.046,13.2492,7.31656,278.929,0,5.4953,38.1098,2.79456,0.403536
-1,503.33,6.63863,0.0706135,0.681375,150.046,13.2492,7.31656,278.929,0,5.4953,38.1098,2.79456,0.282475
-2,483.865,7.08654,0.0668642,0.656622,141.455,16.045,6.93708,264.613,0,5.48755,38.0385,3.47826,0.282475
10,483.865,7.08654,0.0668642,0.656622,141.455,16.045,6.93708,264.613,0,5.48755,38.0385,3.47826,0.282475
-1,483.865,7.08654,0.0668642,0.656622,141.455,16.045,6.93708,264.613,0,5.48755,38.0385,3.47826,0.197733
-2,465.868,5.99335,0.0600058,0.642348,133.848,18.9453,6.60932,252.119,0,5.48301,37.9769,4.19019,0.197733
11,465.868,5.99335,0.0600058,0.642348,133.848,18.9453,6.60932,252.119,0,5.48301,37.9769,4.19019,0.197733
-1,465.868,5.99335,0.0600058,0.642348,133.848,18.9453,6.60932,252.119,0,5.48301,37.9769,4.19019,0.138413
-2,452.085,5.75519,0.0588069,0.635927,127.528,21.835,6.36608,241.566,0,5.48088,37.9312,4.92745,0.138413
12,452.085,5.75519,0.0588069,0.635927,127.528,21.835,6.36608,241.566,0,5.48088,37.9312,4.92745,0.138413
-1,452.085,5.75519,0.0588069,0.635927,127.528,21.835,6.36608,241.566,0,5.48088,37.9312,4.92745,0.096889
-2,440.906,6.09825,0.0552228,0.635533,121.923,24.7084,6.15573,232.288,0,5.48062,37.8917,5.66874,0.096889
13,440.906,6.09825,0.0552228,0.635533,121.923,24.7084,6.15573,232.288,0,5.48062,37.8917,5.66874,0.096889
-1,440.906,6.09825,0.0552228,0.635533,121.923,24.7084,6.15573,232.288,0,5.48062,37.8917,5.66874,0.0678223
-2,429.659,4.97515,0.053444,0.640419,116.728,27.6061,5.95253,223.973,0,5.48197,37.8535,6.3948,0.0678223
14,429.659,4.97515,0.053444,0.640419,116.728,27.6061,5.95253,223.973,0,5.48197,37.8535,6.3948,0.0678223
-1,429.659,4.97515,0.053444,0.640419,116.728,27.6061,5.95253,223.973,0,5.48197,37.8535,6.3948,0.0474756
-2,422.669,5.9045,0.0504439,0.646185,112.603,30.3024,5.79476,216.94,0,5.48362,37.8237,7.12053,0.0474756
15,422.669,5.9045,0.0504439,0.646185,112.603,30.3024,5.79476,216.94,0,5.48362,37.8237,7.12053,0.0474756
-1,422.669,5.9045,0.0504439,0.646185,112.603,30.3024,5.79476,216.94,0,5.48362,37.8237,7.12053,0.0332329
-2,414.543,5.00059,0.0492374,0.655663,108.669,33.0292,5.62806,210.423,0,5.4864,37.7923,7.80942,0.0332329
16,414.543,5.00059,0.0492374,0.655663,108.669,33.0292,5.62806,210.423,0,5.4864,37.7923,7.80942,0.0332329
-1,414.543,5.00059,0.0492374,0.655663,108.669,33.0292,5.62806,210.423,0,5.4864,37.7923,7.80942,0.0232631
-2,409.833,5.97036,0.0470304,0.663619,105.524,35.5157,5.49978,204.871,0,5.48875,37.7681,8.48459,0.0232631
17,409.833,5.97036,0.0470304,0.663619,105.524,35.5157,5.49978,204.871,0,5.48875,37.7681,8.48459,0.0232631
-1,409.833,5.97036,0.0470304,0.663619,105.524,35.5157,5.49978,204.871,0,5.48875,37.7681,8.48459,0.0162841
-2,403.464,5.00193,0.0457425,0.674376,102.338,38.0417,5.36014,199.654,0,5.49195,37.7418,9.11392,0.0162841
18,403.464,5.00193,0.0457425,0.674376,102.338,38.0417,5.36014,199.654,0,5.49195,37.7418,9.11392,0.0162841
-1,403.464,5.00193,0.0457425,0.674376,102.338,38.0417,5.36014,199.654,0,5.49195,37.7418,9.11392,0.0113989
-2,400.33,5.85879,0.0446624,0.682534,100.04,40.2899,5.25361,195.237,0,5.49439,37.7218,9.70699,0.0113989
19,400.33,5.85879,0.0446624,0.682534,100.04,40.2899,5.25361,195.237,0,5.49439,37.7218,9.70699,0.0113989
-1,400.33,5.85879,0.0446624,0.682534,100.04,40.2899,5.25361,195.237,0,5.49439,37.7218,9.70699,0.00797923
-2,395.485,5.1062,0.0430836,0.692309,97.432,42.5615,5.14036,191.051,0,5.49731,37.7005,10.2608,0.00797923
20,395.485,5.1062,0.0430836,0.692309,97.432,42.5615,5.14036,191.051,0,5.49731,37.7005,10.2608,0.00797923
-1,395.485,5.1062,0.0430836,0.692309,97.432,42.5615,5.14036,191.051,0,5.49731,37.7005,10.2608,0.00558546
-2,392.558,5.21237,0.0432131,0.699711,95.5641,44.6317,5.044,187.402,0,5.49953,37.6824,10.7791,0.00558546
21,392.558,5.21237,0.0432131,0.699711,95.5641,44.6317,5.044,187.402,0,5.49953,37.6824,10.7791,0.00558546
-1,392.558,5.21237,0.0432131,0.699711,95.5641,44.6317,5.044,187.402,0,5.49953,37.6824,10.7791,0.00390982
-2,390.029,5.58103,0.041977,0.70733,93.6265,46.5952,4.96026,184.083,0,5.50181,37.6667,11.2652,0.00390982
22,390.029,5.58103,0.041977,0.70733,93.6265,46.5952,4.96026,184.083,0,5.50181,37.6667,11.2652,0.00390982
-1,390.029,5.58103,0.041977,0.70733,93.6265,46.5952,4.96026,184.083,0,5.50181,37.6667,11.2652,0.00273687
-2,386.563,4.86514,0.0405483,0.713555,91.7104,48.5423,4.86861,180.957,0,5.50368,37.6495,11.7127,0.00273687
23,386.563,4.86514,0.0405483,0.713555,91.7104,48.5423,4.86861,180.957,0,5.50368,37.6495,11.7127,0.00273687
-1,386.563,4.86514,0.0405483,0.713555,91.7104,48.5423,4.86861,180.957,0,5.50368,37.6495,11.7127,0.00191581
-2,384.923,5.22722,0.0414545,0.717864,90.3905,50.246,4.79293,178.242,0,5.50497,37.6353,12.1246,0.00191581
24,384.923,5.22722,0.0414545,0.717864,90.3905,50.246,4.79293,178.242,0,5.50497,37.6353,12.1246,0.00191581
-1,384.923,5.22722,0.0414545,0.717864,90.3905,50.246,4.79293,178.242,0,5.50497,37.6353,12.1246,0.00134107
-2,383.121,5.44023,0.0400882,0.722556,88.9306,51.9272,4.72479,175.704,0,5.50637,37.6226,12.5022,0.00134107
25,383.121,5.44023,0.0400882,0.722556,88.9306,51.9272,4.72479,175.704,0,5.50637,37.6226,12.5022,0.00134107
-1,383.121,5.44023,0.0400882,0.722556,88.9306,51.9272,4.72479,175.704,0,5.50637,37.6226,12.5022,0.001
-2,380.621,4.84923,0.0391843,0.725925,87.5246,53.5812,4.6484,173.288,0,5.50738,37.6083,12.8489,0.001
26,380.621,4.84923,0.0391843,0.725925,87.5246,53.5812,4.6484,173.288,0,5.50738,37.6083,12.8489,0.001
-1,380.621,4.84923,0.0391843,0.725925,87.5246,53.5812,4.6484,173.288,0,5.50738,37.6083,12.8489,0.001
-2,379.287,5.07478,0.0394338,0.727986,86.4049,55.0117,4.58685,171.168,0,5.50799,37.5969,13.1678,0.001
27,379.287,5.07478,0.0394338,0.727986,86.4049,55.0117,4.58685,171.168,0,5.50799,37.5969,13.1678,0.001
-1,379.287,5.07478,0.0394338,0.727986,86.4049,55.0117,4.58685,171.168,0,5.50799,37.5969,13.1678,0.001
-2,378.479,5.62926,0.0390332,0.730007,85.4092,56.3884,4.5316,169.21,0,5.50859,37.5865,13.4469,0.001
28,378.479,5.62926,0.0390332,0.730007,85.4092,56.3884,4.5316,169.21,0,5.50859,37.5865,13.4469,0.001
0,377.144,5.66675,0.0381963,0.747464,85.4092,56.2238,3.50757,169.209,0,5.51385,37.3914,13.4371,0.001
-1,377.144,5.66675,0.0381963,0.747464,85.4092,56.2238,3.50757,169.209,0,5.51385,37.3914,13.4371,7
-2,375.799,5.03101,0.0375278,0.746903,84.8619,56.8977,3.49805,168.317,0,5.51367,37.3897,13.5054,7
1,375.799,5.03101,0.0375278,0.746903,84.8619,56.8977,3.49805,168.317,0,5.51367,37.3897,13.5054,7
-1,375.799,5.03101,0.0375278,0.746903,84.8619,56.8977,3.49805,168.317,0,5.51367,37.3897,13.5054,4.9
-2,374.66,4.63109,0.0370428,0.74517,84.3851,57.5983,3.47178,167.312,0,5.51314,37.3849,13.5817,4.9
2,374.66,4.63109,0.0370428,0.74517,84.3851,57.5983,3.47178,167.312,0,5.51314,37.3849,13.5817,4.9
-1,374.66,4.63109,0.0370428,0.74517,84.3851,57.5983,3.47178,167.312,0,5.51314,37.3849,13.5817,3.43
-2,373.917,4.66779,0.0369247,0.742979,83.9232,58.2979,3.43768,166.253,0,5.51246,37.3787,13.6669,3.43
3,373.917,4.66779,0.0369247,0.742979,83.9232,58.2979,3.43768,166.253,0,5.51246,37.3787,13.6669,3.43
0,372.958,4.60852,0.0365177,0.757188,83.9303,58.1906,2.75781,166.251,0,5.51675,37.2509,13.6585,2.401
-1,372.958,4.60852,0.0365177,0.757188,83.9303,58.1906,2.75781,166.251,0,5.51675,37.2509,13.6585,7
-2,373.289,5.40317,0.0365341,0.748617,83.6347,58.7224,2.72805,165.548,0,5.51414,37.2454,13.7078,7
-2,373.505,5.37788,0.0363322,0.752875,83.7948,58.4555,2.74249,165.899,0,5.51543,37.2481,13.6827,7
-2,373.276,5.05048,0.0361133,0.755024,83.8511,58.3228,2.75004,166.075,0,5.51609,37.2495,13.6705,7
-2,373.225,4.92998,0.0361526,0.756104,83.8983,58.2566,2.7539,166.163,0,5.51642,37.2502,13.6644,7
-2,372.922,4.59037,0.0365107,0.756916,83.9177,58.2071,2.75683,166.229,0,5.51666,37.2507,13.6599,7
1,372.922,4.59037,0.0365107,0.756916,83.9177,58.2071,2.75683,166.229,0,5.51666,37.2507,13.6599,7
0,372.288,4.50335,0.0364105,0.766623,83.9388,58.1202,2.35843,166.226,0,5.5196,37.1767,13.6417,4.9
-1,372.288,4.50335,0.0364105,0.766623,83.9388,58.1202,2.35843,166.226,0,5.5196,37.1767,13.6417,7
-2,372.682,5.39115,0.0362653,0.748114,83.652,58.6615,2.31834,165.501,0,5.51397,37.1693,13.6904,7
-2,372.814,5.26892,0.0361274,0.757264,83.8063,58.3899,2.33766,165.863,0,5.51675,37.1729,13.6656,7
-2,372.595,4.94298,0.0359581,0.761917,83.8605,58.2548,2.34786,166.044,0,5.51817,37.1748,13.6535,7
-2,372.548,4.82311,0.0360213,0.764263,83.9072,58.1874,2.3531,166.135,0,5.51888,37.1757,13.6476,7
-2,372.441,4.68313,0.035894,0.766032,83.9192,58.137,2.35709,166.203,0,5.51942,37.1765,13.6431,7
-2,372.379,4.59902,0.0364079,0.766475,83.9357,58.1244,2.35809,166.22,0,5.51955,37.1767,13.642,7
-2,372.286,4.50222,0.0364097,0.766586,83.9381,58.1213,2.35835,166.225,0,5.51958,37.1767,13.6417,7
1,372.286,4.50222,0.0364097,0.766586,83.9381,58.1213,2.35835,166.225,0,5.51958,37.1767,13.6417,7
0,372.012,4.50296,0.0367892,0.771127,83.9811,58.0603,2.15432,166.22,0,5.52096,37.1391,13.6255,4.9
-1,372.012,4.50296,0.0367892,0.771127,83.9811,58.0603,2.15432,166.22,0,5.52096,37.1391,13.6255,7
-2,372.425,5.48674,0.0362892,0.740252,83.6628,58.6143,2.10445,165.465,0,5.51159,37.1299,13.6743,7
-2,372.492,5.26715,0.0363172,0.755415,83.827,58.3364,2.12811,165.841,0,5.51619,37.1343,13.6495,7
-2,372.294,4.94172,0.0362417,0.763202,83.8904,58.1981,2.1409,166.03,0,5.51855,37.1366,13.6374,7
-2,372.259,4.82222,0.0363519,0.767147,83.9429,58.1292,2.14753,166.125,0,5.51975,37.1379,13.6314,7
-2,372.161,4.68258,0.0362606,0.770129,83.9597,58.0775,2.1526,166.196,0,5.52066,37.1388,13.627,7
-2,372.102,4.59857,0.0367835,0.770877,83.9775,58.0646,2.15389,166.214,0,5.52088,37.139,13.6259,7
-2,372.109,4.60209,0.0367882,0.771064,83.9802,58.0614,2.15421,166.218,0,5.52094,37.1391,13.6256,7
-2,372.111,4.60297,0.0367894,0.771111,83.9808,58.0606,2.15429,166.219,0,5.52095,37.1391,13.6255,7
-2,372.012,4.50289,0.0367891,0.771123,83.981,58.0604,2.15431,166.22,0,5.52096,37.1391,13.6255,7
1,372.012,4.50289,0.0367891,0.771123,83.981,58.0604,2.15431,166.22,0,5.52096,37.1391,13.6255,7
0,371.955,4.49472,0.0373611,0.771032,84.0932,58.0197,2.07019,166.211,0,5.52093,37.1237,13.6129,4.9
-1,371.955,4.49472,0.0373611,0.771032,84.0932,58.0197,2.07019,166.211,0,5.52093,37.1237,13.6129,7
-2,372.303,5.57389,0.0362769,0.725868,83.6663,58.5875,2.01165,165.42,0,5.50723,37.1129,13.6615,7
-2,372.337,5.2564,0.0365887,0.74788,83.8713,58.3026,2.03879,165.815,0,5.5139,37.1179,13.6368,7
-2,372.184,4.93202,0.0366601,0.759313,83.9654,58.1609,2.05395,166.013,0,5.51737,37.1207,13.6248,7
-2,372.175,4.81319,0.0368459,0.765137,84.0357,58.0903,2.06194,166.112,0,5.51914,37.1222,13.6188,7
-2,372.097,4.67412,0.0368127,0.769552,84.0669,58.0373,2.0681,166.186,0,5.52048,37.1233,13.6144,7
-2,372.043,4.59027,0.0373504,0.770662,84.0884,58.0241,2.06967,166.205,0,5.52082,37.1236,13.6133,7
-2,372.052,4.59383,0.0373588,0.77094,84.092,58.0208,2.07006,166.209,0,5.5209,37.1237,13.613,7
-2,372.054,4.59472,0.0373609,0.771009,84.0929,58.02,2.07016,166.21,0,5.52092,37.1237,13.613,7
-2,371.954,4.49465,0.0373609,0.771026,84.0931,58.0198,2.07018,166.211,0,5.52093,37.1237,13.6129,7
1,371.954,4.49465,0.0373609,0.771026,84.0931,58.0198,2.07018,166.211,0,5.52093,37.1237,13.6129,7
0,372.085,4.47891,0.0380517,0.767534,84.322,57.9936,2.04785,166.195,0,5.51987,37.1196,13.6019,4.9
-1,372.085,4.47891,0.0380517,0.767534,84.322,57.9936,2.04785,166.195,0,5.51987,37.1196,13.6019,7
-2,372.128,5.54957,0.0361808,0.706661,83.6554,58.5761,1.98215,165.364,0,5.50141,37.1075,13.6495,7
-2,372.288,5.23566,0.0368551,0.736074,83.9567,58.2838,2.01168,165.779,0,5.51032,37.1129,13.6253,7
-2,372.218,4.91348,0.0371316,0.751548,84.1166,58.1385,2.02894,165.987,0,5.51501,37.1161,13.6135,7
-2,372.255,4.79595,0.0374249,0.759477,84.2243,58.066,2.03819,166.091,0,5.51742,37.1178,13.6077,7
-2,372.214,4.65794,0.037475,0.765508,84.2854,58.0117,2.0454,166.169,0,5.51925,37.1192,13.6033,7
-2,372.17,4.57436,0.0380339,0.767027,84.3146,57.9981,2.04724,166.189,0,5.51971,37.1195,13.6023,7
-2,372.181,4.57799,0.0380477,0.767407,84.3202,57.9947,2.0477,166.194,0,5.51983,37.1196,13.602,7
-2,372.184,4.5789,0.0380511,0.767502,84.3216,57.9939,2.04781,166.195,0,5.51986,37.1196,13.6019,7
-2,372.185,4.57913,0.038052,0.767526,84.3219,57.9937,2.04784,166.195,0,5.51986,37.1196,13.6019,7
-2,372.085,4.47889,0.0380516,0.767532,84.322,57.9936,2.04785,166.195,0,5.51987,37.1196,13.6019,7
1,372.085,4.47889,0.0380516,0.767532,84.322,57.9936,2.04785,166.195,0,5.51987,37.1196,13.6019,7
0,372.399,4.45773,0.0387862,0.76213,84.7206,57.9781,2.04684,166.168,0,5.51822,37.1194,13.5892,4.9
-1,372.399,4.45773,0.0387862,0.76213,84.7206,57.9781,2.04684,166.168,0,5.51822,37.1194,13.5892,7
-2,371.94,5.51369,0.0359104,0.684632,83.625,58.5765,1.97583,165.293,0,5.49474,37.1063,13.6349,7
1,371.94,5.51369,0.0359104,0.684632,83.625,58.5765,1.97583,165.293,0,5.49474,37.1063,13.6349,7
0,371.849,5.46318,0.035915,0.673048,83.6718,58.5718,1.97244,165.245,0,5.49123,37.1057,13.6194,4.9
-1,371.849,5.46318,0.035915,0.673048,83.6718,58.5718,1.97244,165.245,0,5.49123,37.1057,13.6194,7
-2,370.454,5.10476,0.0336552,0.62081,82.8893,59.3327,1.93291,164.313,0,5.47546,37.0984,13.6531,7
1,370.454,5.10476,0.0336552,0.62081,82.8893,59.3327,1.93291,164.313,0,5.47546,37.0984,13.6531,7
-1,370.454,5.10476,0.0336552,0.62081,82.8893,59.3327,1.93291,164.313,0,5.47546,37.0984,13.6531,4.9
-2,369,4.49949,0.0318109,0.593064,82.2422,60.1587,1.91822,163.307,0,5.4671,37.0956,13.6873,4.9
2,369,4.49949,0.0318109,0.593064,82.2422,60.1587,1.91822,163.307,0,5.4671,37.0956,13.6873,4.9
-1,369,4.49949,0.0318109,0.593064,82.2422,60.1587,1.91822,163.307,0,5.4671,37.0956,13.6873,3.43
-2,367.698,3.99311,0.0309639,0.577875,81.6687,60.9671,1.91163,162.262,0,5.46253,37.0943,13.7301,3.43
3,367.698,3.99311,0.0309639,0.577875,81.6687,60.9671,1.91163,162.262,0,5.46253,37.0943,13.7301,3.43
-1,367.698,3.99311,0.0309639,0.577875,81.6687,60.9671,1.91163,162.262,0,5.46253,37.0943,13.7301,2.401
-2,368.391,5.40285,0.0305066,0.569001,81.1967,61.6994,1.90996,161.249,0,5.45986,37.094,13.7799,2.401
-2,367.32,3.9678,0.0304289,0.573342,81.4428,61.3312,1.90979,161.756,0,5.46116,37.094,13.7537,2.401
4,367.32,3.9678,0.0304289,0.573342,81.4428,61.3312,1.90979,161.756,0,5.46116,37.094,13.7537,2.401
0,366.681,3.90751,0.0294694,0.555345,81.0078,61.3294,1.89454,161.671,0,5.45572,37.0912,13.7383,1.6807
-1,366.681,3.90751,0.0294694,0.555345,81.0078,61.3294,1.89454,161.671,0,5.45572,37.0912,13.7383,7
-2,367.788,5.53488,0.0293059,0.543696,80.6425,61.8585,1.89324,160.99,0,5.45222,37.0909,13.7531,7
-2,367.46,4.96167,0.0293325,0.549366,80.8127,61.5931,1.89316,161.33,0,5.45392,37.0909,13.7452,7
-2,366.506,3.89383,0.0293638,0.552317,80.8879,61.461,1.89367,161.501,0,5.45481,37.091,13.7416,7
1,366.506,3.89383,0.0293638,0.552317,80.8879,61.461,1.89367,161.501,0,5.45481,37.091,13.7416,7
0,365.552,3.82925,0.0281907,0.53562,80.2782,61.4526,1.86708,161.348,0,5.44977,37.0861,13.6777,4.9
-1,365.552,3.82925,0.0281907,0.53562,80.2782,61.4526,1.86708,161.348,0,5.44977,37.0861,13.6777,7
-2,366.952,5.80815,0.0273068,0.520712,79.879,61.9786,1.87585,160.651,0,5.44529,37.0877,13.6781,7
-2,366.678,5.24645,0.0280983,0.52789,80.0795,61.7147,1.87042,160.999,0,5.44745,37.0867,13.6773,7
-2,366.481,4.90017,0.0281146,0.531686,80.1835,61.5834,1.86849,161.173,0,5.44859,37.0864,13.6774,7
-2,366.114,4.46941,0.0281129,0.533636,80.224,61.5179,1.86772,161.26,0,5.44917,37.0862,13.6775,7
-2,365.817,4.11568,0.0281766,0.535121,80.2632,61.4689,1.86723,161.326,0,5.44962,37.0862,13.6776,7
-2,365.543,3.82579,0.0281851,0.535495,80.2742,61.4567,1.86712,161.342,0,5.44973,37.0861,13.6777,7
1,365.543,3.82579,0.0281851,0.535495,80.2742,61.4567,1.86712,161.342,0,5.44973,37.0861,13.6777,7
0,364.136,3.76097,0.0268299,0.520691,79.4309,61.4235,1.83701,161.067,0,5.44526,37.0806,13.5427,4.9
-1,364.136,3.76097,0.0268299,0.520691,79.4309,61.4235,1.83701,161.067,0,5.44526,37.0806,13.5427,7
-2,365.37,5.73116,0.0258265,0.501991,78.9097,61.9681,1.85417,160.333,0,5.43965,37.0837,13.5228,7
-2,365.168,5.17317,0.0266562,0.510892,79.1625,61.6948,1.84414,160.7,0,5.44232,37.0819,13.532,7
-2,365.015,4.829,0.0267102,0.515679,79.2989,61.5589,1.84021,160.883,0,5.44376,37.0812,13.5372,7
-2,364.672,4.39958,0.0267296,0.518157,79.3575,61.4912,1.83852,160.975,0,5.4445,37.0809,13.5399,7
-2,364.394,4.04688,0.02681,0.520052,79.411,61.4404,1.83737,161.044,0,5.44507,37.0807,13.542,7
-2,364.326,3.9578,0.02684,0.52053,79.4264,61.4278,1.8371,161.061,0,5.44522,37.0807,13.5425,7
-2,364.133,3.76009,0.0268281,0.52065,79.4296,61.4246,1.83703,161.066,0,5.44525,37.0806,13.5426,7
1,364.133,3.76009,0.0268281,0.52065,79.4296,61.4246,1.83703,161.066,0,5.44525,37.0806,13.5426,7
0,362.007,3.69794,0.0253545,0.507757,78.2509,61.3271,1.81392,160.573,0,5.44137,37.0764,13.2932,4.9
-1,362.007,3.69794,0.0253545,0.507757,78.2509,61.3271,1.81392,160.573,0,5.44137,37.0764,13.2932,7
-2,363.139,5.76193,0.0243061,0.486079,77.5857,61.8921,1.83826,159.796,0,5.43486,37.0808,13.2391,7
-2,362.916,5.1065,0.0251477,0.496303,77.8894,61.6086,1.82431,160.184,0,5.43793,37.0783,13.2652,7
-2,362.82,4.76398,0.0252147,0.501876,78.069,61.4676,1.81867,160.378,0,5.4396,37.0773,13.279,7
-2,362.509,4.33551,0.0252433,0.504778,78.1517,61.3973,1.81618,160.475,0,5.44047,37.0768,13.286,7
-2,362.257,3.98355,0.0253317,0.507005,78.2244,61.3446,1.81446,160.548,0,5.44114,37.0765,13.2914,7
-2,362.195,3.89467,0.0253638,0.507569,78.2447,61.3315,1.81405,160.567,0,5.44131,37.0764,13.2927,7
-2,362.205,3.8975,0.0253697,0.50771,78.2498,61.3282,1.81395,160.571,0,5.44135,37.0764,13.2931,7
-2,362.106,3.798,0.0253547,0.507745,78.2505,61.3274,1.81393,160.572,0,5.44136,37.0764,13.2932,7
-2,362.006,3.69789,0.0253544,0.507754,78.2508,61.3272,1.81392,160.573,0,5.44136,37.0764,13.2932,7
1,362.006,3.69789,0.0253544,0.507754,78.2508,61.3272,1.81392,160.573,0,5.44136,37.0764,13.2932,7
0,358.7,3.64086,0.0238884,0.496444,76.5957,61.0882,1.80464,159.684,0,5.43796,37.0747,12.8539,4.9
-1,358.7,3.64086,0.0238884,0.496444,76.5957,61.0882,1.80464,159.684,0,5.43796,37.0747,12.8539,7
-2,359.571,5.70274,0.0229416,0.472669,75.7478,61.6755,1.83494,158.858,0,5.43083,37.0802,12.7458,7
-2,359.461,5.0476,0.0237155,0.48382,76.1273,61.3806,1.81785,159.27,0,5.43417,37.0771,12.7985,7
-2,359.436,4.70581,0.0237622,0.489948,76.3563,61.2341,1.81076,159.477,0,5.43601,37.0758,12.8259,7
-2,359.163,4.27781,0.0237832,0.493149,76.4668,61.1611,1.80758,159.581,0,5.43697,37.0752,12.8398,7
-2,358.94,3.9263,0.023867,0.495611,76.5616,61.1064,1.80535,159.658,0,5.43771,37.0748,12.8504,7
-2,358.886,3.83754,0.0238981,0.496235,76.5876,61.0927,1.80482,159.678,0,5.4379,37.0748,12.853,7
-2,358.898,3.8404,0.0239037,0.496391,76.5942,61.0893,1.80468,159.682,0,5.43794,37.0747,12.8537,7
-2,358.8,3.74092,0.0238886,0.496431,76.5952,61.0884,1.80465,159.684,0,5.43795,37.0747,12.8539,7
-2,358.8,3.74109,0.023889,0.49644,76.5956,61.0882,1.80464,159.684,0,5.43796,37.0747,12.8539,7
-2,358.7,3.64085,0.0238884,0.496443,76.5957,61.0882,1.80464,159.684,0,5.43796,37.0747,12.8539,7
1,358.7,3.64085,0.0238884,0.496443,76.5957,61.0882,1.80464,159.684,0,5.43796,37.0747,12.8539,7
0,353.45,3.58764,0.0226372,0.486086,74.2803,60.565,1.80462,158.069,0,5.43484,37.0747,12.1251,4.9
-1,353.45,3.58764,0.0226372,0.486086,74.2803,60.565,1.80462,158.069,0,5.43484,37.0747,12.1251,7
-2,353.975,5.5574,0.0223663,0.46119,73.2881,61.176,1.83956,157.183,0,5.42737,37.0811,11.9387,7
-2,354.052,4.99667,0.0225741,0.47286,73.7065,60.8692,1.82019,157.626,0,5.43087,37.0775,12.0299,7
-2,354.101,4.65344,0.0225637,0.479279,73.9841,60.7168,1.81193,157.847,0,5.4328,37.076,12.077,7
-2,353.869,4.22487,0.0225578,0.482633,74.1219,60.6408,1.80815,157.958,0,5.4338,37.0754,12.1009,7
-2,353.679,3.87311,0.0226221,0.485214,74.2386,60.584,1.80548,158.042,0,5.43458,37.0749,12.1191,7
-2,353.633,3.78433,0.0226484,0.485867,74.2703,60.5698,1.80483,158.062,0,5.43477,37.0748,12.1236,7
-2,353.647,3.78718,0.0226528,0.486031,74.2783,60.5662,1.80467,158.068,0,5.43482,37.0747,12.1248,7
-2,353.549,3.6877,0.0226375,0.486072,74.2797,60.5653,1.80463,158.069,0,5.43484,37.0747,12.125,7
-2,353.55,3.68787,0.0226378,0.486082,74.2802,60.5651,1.80462,158.069,0,5.43484,37.0747,12.1251,7
-2,353.45,3.58763,0.0226371,0.486085,74.2803,60.565,1.80462,158.069,0,5.43484,37.0747,12.1251,7
1,353.45,3.58763,0.0226371,0.486085,74.2803,60.565,1.80462,158.069,0,5.43484,37.0747,12.1251,7
0,344.984,3.46438,0.0218143,0.475771,71.1022,59.5141,1.79129,155.113,0,5.43173,37.0723,10.9979,4.9
-1,344.984,3.46438,0.0218143,0.475771,71.1022,59.5141,1.79129,155.113,0,5.43173,37.0723,10.9979,7
-2,345.016,5.25396,0.0218762,0.450856,69.933,60.148,1.82862,154.157,0,5.42426,37.0791,10.7191,7
-2,345.442,4.88177,0.021926,0.462596,70.445,59.8295,1.8083,154.635,0,5.42778,37.0754,10.8555,7
-2,345.559,4.53391,0.0218278,0.469004,70.7607,59.6714,1.79938,154.874,0,5.4297,37.0737,10.926,7
-2,345.364,4.10323,0.0217784,0.472343,70.9203,59.5927,1.79523,154.993,0,5.43071,37.073,10.9618,7
-2,345.203,3.75021,0.02181,0.474906,71.0545,59.5337,1.79226,155.083,0,5.43148,37.0725,10.9889,7
-2,345.165,3.66115,0.0218282,0.475554,71.0906,59.519,1.79153,155.105,0,5.43167,37.0723,10.9957,7
-2,345.18,3.66394,0.0218306,0.475717,71.0998,59.5153,1.79135,155.111,0,5.43172,37.0723,10.9974,7
-2,345.083,3.56444,0.0218148,0.475758,71.1014,59.5144,1.7913,155.112,0,5.43173,37.0723,10.9978,7
-2,345.084,3.56461,0.0218149,0.475768,71.102,59.5142,1.79129,155.113,0,5.43173,37.0723,10.9979,7
-2,345.085,3.56465,0.021815,0.47577,71.1022,59.5141,1.79129,155.113,0,5.43173,37.0723,10.9979,7
1,344.984,3.46438,0.0218143,0.475771,71.1022,59.5141,1.79129,155.113,0,5.43173,37.0723,10.9979,7
-1,344.984,3.46438,0.0218143,0.475771,71.1022,59.5141,1.79129,155.113,0,5.43173,37.0723,10.9979,14
-2,345.259,5.16084,0.0220352,0.451043,70.0451,59.9447,1.81599,154.47,0,5.42432,37.0768,10.8482,14
-2,345.516,4.77679,0.0219293,0.462786,70.5072,59.7288,1.80245,154.791,0,5.42784,37.0743,10.9222,14
-2,345.38,4.2769,0.0218142,0.469124,70.7796,59.6213,1.79658,154.952,0,5.42974,37.0732,10.9599,14
-2,345.326,4.02286,0.0217943,0.472409,70.9328,59.5677,1.79386,155.032,0,5.43073,37.0727,10.9788,14
-2,345.219,3.75484,0.0218116,0.474923,71.0583,59.5275,1.79192,155.093,0,5.43148,37.0724,10.9932,14
-2,345.169,3.66228,0.0218286,0.475559,71.0916,59.5174,1.79145,155.108,0,5.43167,37.0723,10.9967,14
-2,345.081,3.56403,0.0218143,0.475718,71.0994,59.5149,1.79133,155.112,0,5.43172,37.0723,10.9976,14
-2,345.084,3.56451,0.0218148,0.475758,71.1015,59.5143,1.7913,155.113,0,5.43173,37.0723,10.9979,14
-2,345.084,3.56463,0.0218149,0.475768,71.102,59.5142,1.79129,155.113,0,5.43173,37.0723,10.9979,14
-2,344.984,3.46437,0.0218143,0.47577,71.1022,59.5141,1.79129,155.113,0,5.43173,37.0723,10.9979,14
2,344.984,3.46437,0.0218143,0.47577,71.1022,59.5141,1.79129,155.113,0,5.43173,37.0723,10.9979,14
0,331.477,3.26359,0.0218931,0.464286,66.794,57.5526,1.72857,149.701,0,5.42828,37.0608,9.4622,9.8
-1,331.477,3.26359,0.0218931,0.464286,66.794,57.5526,1.72857,149.701,0,5.42828,37.0608,9.4622,7
-2,331.362,5.08735,0.0223277,0.440677,65.5636,58.1997,1.7637,148.681,0,5.42119,37.0672,9.11565,7
-2,331.851,4.69643,0.0222042,0.451919,66.0976,57.8745,1.74485,149.19,0,5.42456,37.0638,9.28456,7
-2,332.007,4.34018,0.0220083,0.457961,66.4309,57.7131,1.73639,149.446,0,5.42638,37.0622,9.37229,7
-2,331.833,3.90559,0.0219085,0.461088,66.6007,57.6327,1.7324,149.573,0,5.42732,37.0615,9.41697,7
-2,331.69,3.55013,0.0219018,0.46348,66.7433,57.5726,1.72951,149.669,0,5.42803,37.061,9.45084,7
-2,331.656,3.46053,0.0219103,0.464084,66.7817,57.5576,1.7288,149.693,0,5.42821,37.0608,9.45936,7
-2,331.672,3.4632,0.0219103,0.464235,66.7914,57.5538,1.72863,149.699,0,5.42826,37.0608,9.46149,7
-2,331.576,3.36366,0.0218938,0.464273,66.7932,57.5529,1.72858,149.7,0,5.42827,37.0608,9.46202,7
-2,331.577,3.36382,0.0218938,0.464282,66.7938,57.5526,1.72857,149.701,0,5.42827,37.0608,9.46215,7
-2,331.577,3.36387,0.0218938,0.464285,66.7939,57.5526,1.72857,149.701,0,5.42828,37.0608,9.46219,7
1,331.477,3.26359,0.0218931,0.464286,66.794,57.5526,1.72857,149.701,0,5.42828,37.0608,9.4622,7
-1,331.477,3.26359,0.0218931,0.464286,66.794,57.5526,1.72857,149.701,0,5.42828,37.0608,9.4622,14
-2,331.538,4.88432,0.0225165,0.440747,65.6583,57.9818,1.75135,149.039,0,5.42121,37.0649,9.27372,14
-2,331.832,4.48809,0.0220999,0.452012,66.1406,57.7666,1.73903,149.37,0,5.42459,37.0627,9.36668,14
-2,331.837,4.08109,0.0219912,0.458023,66.446,57.6594,1.73356,149.535,0,5.4264,37.0617,9.41412,14
-2,331.698,3.72404,0.0219357,0.461123,66.6096,57.606,1.73101,149.618,0,5.42733,37.0612,9.43808,14
-2,331.707,3.55458,0.0219028,0.463489,66.7466,57.5659,1.72917,149.68,0,5.42804,37.0609,9.45615,14
-2,331.66,3.46162,0.0219106,0.464086,66.7825,57.5559,1.72872,149.696,0,5.42822,37.0608,9.46069,14
-2,331.573,3.36328,0.0218939,0.464236,66.7909,57.5534,1.72861,149.699,0,5.42826,37.0608,9.46182,14
-2,331.576,3.36373,0.0218938,0.464273,66.7932,57.5528,1.72858,149.7,0,5.42827,37.0608,9.4621,14
-2,331.577,3.36384,0.0218938,0.464282,66.7938,57.5526,1.72857,149.701,0,5.42827,37.0608,9.46218,14
-2,331.577,3.36387,0.0218938,0.464285,66.7939,57.5526,1.72857,149.701,0,5.42828,37.0608,9.46219,14
2,331.477,3.26359,0.0218931,0.464286,66.794,57.5526,1.72857,149.701,0,5.42828,37.0608,9.4622,14
-1,331.477,3.26359,0.0218931,0.464286,66.794,57.5526,1.72857,149.701,0,5.42828,37.0608,9.4622,28
-2,331.541,4.63818,0.0224348,0.441017,65.7139,57.8075,1.74291,149.325,0,5.42129,37.0634,9.36521,28
-2,331.621,4.15715,0.0220662,0.452232,66.1616,57.6798,1.73513,149.513,0,5.42466,37.062,9.41336,28
-2,331.623,3.81263,0.0219499,0.458154,66.4501,57.6161,1.73169,149.607,0,5.42643,37.0614,9.43769,28
-2,331.746,3.7391,0.0219419,0.461194,66.6176,57.5843,1.73009,149.654,0,5.42735,37.0611,9.44992,28
-2,331.618,3.45775,0.0219132,0.463508,66.7484,57.5605,1.72894,149.689,0,5.42804,37.0609,9.45913,28
-2,331.663,3.4625,0.021911,0.464091,66.783,57.5546,1.72866,149.698,0,5.42822,37.0608,9.46143,28
-2,331.573,3.36349,0.021894,0.464237,66.7911,57.5531,1.72859,149.7,0,5.42826,37.0608,9.46201,28
-2,331.576,3.36378,0.0218939,0.464273,66.7932,57.5527,1.72858,149.701,0,5.42827,37.0608,9.46215,28
-2,331.577,3.36385,0.0218938,0.464283,66.7938,57.5526,1.72857,149.701,0,5.42827,37.0608,9.46219,28
-2,331.577,3.36387,0.0218938,0.464285,66.7939,57.5526,1.72857,149.701,0,5.42828,37.0608,9.4622,28
3,331.477,3.26359,0.0218931,0.464286,66.794,57.5526,1.72857,149.701,0,5.42828,37.0608,9.4622,28
-1,331.477,3.26359,0.0218931,0.464286,66.794,57.5526,1.72857,149.701,0,5.42828,37.0608,9.4622,56
-2,331.28,4.23407,0.0223086,0.441769,65.7115,57.6929,1.74239,149.537,0,5.42151,37.0633,9.41338,56
4,331.28,4.23407,0.0223086,0.441769,65.7115,57.6929,1.74239,149.537,0,5.42151,37.0633,9.41338,56
0,310.699,3.12085,0.0233501,0.450103,61.1211,54.1717,1.59766,139.985,0,5.424,37.0367,7.76902,56
-1,310.699,3.12085,0.0233501,0.450103,61.1211,54.1717,1.59766,139.985,0,5.424,37.0367,7.76902,7
-2,310.592,4.90652,0.0240805,0.429501,59.9264,54.7982,1.62394,138.964,0,5.41781,37.0415,7.4601,7
-2,311.03,4.48226,0.0238018,0.439449,60.4485,54.4833,1.60979,139.474,0,5.4208,37.039,7.60919,7
-2,311.153,4.11055,0.0235273,0.444688,60.7662,54.3271,1.60347,139.729,0,5.42237,37.0378,7.68776,7
-2,310.966,3.66871,0.0234149,0.447373,60.9311,54.2493,1.6005,139.857,0,5.42318,37.0373,7.72805,7
-2,310.915,3.40882,0.0233688,0.449416,61.072,54.1911,1.59836,139.953,0,5.42379,37.0369,7.75872,7
-2,310.879,3.31814,0.0233698,0.449931,61.1092,54.1766,1.59783,139.977,0,5.42395,37.0368,7.76644,7
-2,310.794,3.22036,0.0233514,0.45006,61.118,54.1729,1.5977,139.983,0,5.42398,37.0368,7.76838,7
-2,310.798,3.22094,0.0233509,0.450092,61.1203,54.172,1.59767,139.984,0,5.42399,37.0367,7.76886,7
-2,310.799,3.22109,0.0233508,0.4501,61.1209,54.1718,1.59766,139.985,0,5.424,37.0367,7.76898,7
-2,310.8,3.22112,0.0233508,0.450102,61.1211,54.1717,1.59766,139.985,0,5.424,37.0367,7.76901,7
1,310.699,3.12085,0.0233501,0.450103,61.1211,54.1717,1.59766,139.985,0,5.424,37.0367,7.76902,7
-1,310.699,3.12085,0.0233501,0.450103,61.1211,54.1717,1.59766,139.985,0,5.424,37.0367,7.76902,14
-2,310.729,4.6863,0.0241236,0.429383,59.9947,54.5765,1.6143,139.347,0,5.41778,37.0398,7.59953,14
-2,310.996,4.26506,0.0236976,0.439414,60.4814,54.3735,1.60528,139.666,0,5.42079,37.0381,7.68269,14
-2,311.082,3.94773,0.0235304,0.444676,60.7814,54.2725,1.60129,139.825,0,5.42237,37.0374,7.72546,14
-2,310.931,3.58563,0.0234347,0.447369,60.9409,54.2221,1.59943,139.905,0,5.42318,37.0371,7.74714,14
-2,310.831,3.31252,0.0233793,0.449416,61.0746,54.1843,1.59809,139.965,0,5.42379,37.0368,7.76353,14
-2,310.883,3.31913,0.0233702,0.449931,61.1099,54.1749,1.59777,139.98,0,5.42395,37.0368,7.76765,14
-2,310.795,3.2206,0.0233515,0.45006,61.1181,54.1725,1.59768,139.984,0,5.42398,37.0367,7.76868,14
-2,310.799,3.221,0.023351,0.450092,61.1204,54.1719,1.59766,139.984,0,5.42399,37.0367,7.76893,14
-2,310.799,3.2211,0.0233508,0.4501,61.1209,54.1718,1.59766,139.985,0,5.424,37.0367,7.769,14
-2,310.8,3.22113,0.0233508,0.450102,61.1211,54.1717,1.59766,139.985,0,5.424,37.0367,7.76902,14
2,310.699,3.12085,0.0233501,0.450103,61.1211,54.1717,1.59766,139.985,0,5.424,37.0367,7.76902,14
-1,310.699,3.12085,0.0233501,0.450103,61.1211,54.1717,1.59766,139.985,0,5.424,37.0367,7.76902,28
-2,310.715,4.42203,0.0241854,0.429389,60.0551,54.4082,1.60826,139.63,0,5.41778,37.0387,7.68105,28
-2,310.871,4.02673,0.0236868,0.439457,60.4983,54.2898,1.60251,139.807,0,5.4208,37.0376,7.72461,28
-2,310.859,3.67559,0.0234916,0.444708,60.7825,54.2307,1.59997,139.896,0,5.42238,37.0372,7.74671,28
-2,310.875,3.49876,0.023455,0.447387,60.9466,54.2012,1.59879,139.94,0,5.42318,37.0369,7.75784,28
-2,310.842,3.31566,0.0233811,0.449421,61.0762,54.1791,1.59793,139.974,0,5.42379,37.0368,7.76622,28
-2,310.886,3.31992,0.0233707,0.449932,61.1103,54.1736,1.59773,139.982,0,5.42395,37.0368,7.76832,28
-2,310.796,3.22079,0.0233516,0.45006,61.1182,54.1722,1.59767,139.984,0,5.42398,37.0367,7.76885,28
-2,310.799,3.22105,0.023351,0.450092,61.1204,54.1718,1.59766,139.985,0,5.42399,37.0367,7.76898,28
-2,310.799,3.22111,0.0233508,0.4501,61.1209,54.1718,1.59766,139.985,0,5.424,37.0367,7.76901,28
-2,310.8,3.22113,0.0233508,0.450102,61.1211,54.1717,1.59766,139.985,0,5.424,37.0367,7.76902,28
3,310.699,3.12085,0.0233501,0.450103,61.1211,54.1717,1.59766,139.985,0,5.424,37.0367,7.76902,28
-1,310.699,3.12085,0.0233501,0.450103,61.1211,54.1717,1.59766,139.985,0,5.424,37.0367,7.76902,56
-2,310.526,4.10668,0.024074,0.429768,60.0535,54.3008,1.60888,139.821,0,5.41789,37.0388,7.72446,56
4,310.526,4.10668,0.024074,0.429768,60.0535,54.3008,1.60888,139.821,0,5.41789,37.0388,7.72446,56
0,280.103,2.85341,0.0265801,0.431613,54.0106,48.8874,1.44535,123.524,0,5.41841,37.0087,6.49749,56
-1,280.103,2.85341,0.0265801,0.431613,54.0106,48.8874,1.44535,123.524,0,5.41841,37.0087,6.49749,7
-2,280.276,4.52695,0.0273091,0.416268,52.9754,49.4227,1.45923,122.665,0,5.4138,37.0113,6.35814,7
-2,280.689,4.25676,0.0270063,0.423766,53.4336,49.1538,1.45118,123.094,0,5.41605,37.0098,6.423,7
-2,280.581,3.76221,0.0267408,0.427646,53.702,49.0203,1.44798,123.309,0,5.41722,37.0092,6.45904,7
-2,280.434,3.41019,0.0266423,0.429618,53.8465,48.9538,1.4466,123.416,0,5.41781,37.009,6.47796,7
-2,280.335,3.14349,0.0265984,0.431112,53.968,48.904,1.44565,123.497,0,5.41826,37.0088,6.49255,7
-2,280.287,3.05122,0.0265997,0.431487,54.0003,48.8915,1.44542,123.517,0,5.41837,37.0088,6.49625,7
-2,280.199,2.95304,0.0265814,0.431581,54.0079,48.8884,1.44536,123.522,0,5.4184,37.0087,6.49718,7
-2,280.202,2.95353,0.026581,0.431605,54.0099,48.8876,1.44535,123.523,0,5.41841,37.0087,6.49741,7
-2,280.203,2.95365,0.0265809,0.431611,54.0104,48.8874,1.44535,123.523,0,5.41841,37.0087,6.49747,7
-2,280.203,2.95369,0.0265808,0.431612,54.0105,48.8874,1.44535,123.524,0,5.41841,37.0087,6.49749,7
1,280.103,2.85341,0.0265801,0.431613,54.0106,48.8874,1.44535,123.524,0,5.41841,37.0087,6.49749,7
-1,280.103,2.85341,0.0265801,0.431613,54.0106,48.8874,1.44535,123.524,0,5.41841,37.0087,6.49749,14
-2,280.385,4.37951,0.0273617,0.415777,53.0362,49.2252,1.4532,123.004,0,5.41365,37.0102,6.42041,14
-2,280.483,3.926,0.0269247,0.423535,53.4559,49.0559,1.44859,123.264,0,5.41598,37.0093,6.45751,14
-2,280.371,3.4935,0.0267089,0.427534,53.7082,48.9715,1.4468,123.394,0,5.41718,37.009,6.47714,14
-2,280.383,3.3245,0.0266719,0.429563,53.8546,48.9294,1.44603,123.459,0,5.41779,37.0089,6.48722,14
-2,280.247,3.04657,0.0266113,0.431099,53.9703,48.8979,1.44551,123.507,0,5.41825,37.0088,6.49491,14
-2,280.29,3.05206,0.0266008,0.431484,54.0009,48.89,1.44539,123.519,0,5.41837,37.0087,6.49684,14
-2,280.2,2.95325,0.0265817,0.431581,54.008,48.888,1.44536,123.523,0,5.4184,37.0087,6.49733,14
-2,280.202,2.95358,0.026581,0.431605,54.0099,48.8875,1.44535,123.523,0,5.41841,37.0087,6.49745,14
-2,280.203,2.95367,0.0265809,0.431611,54.0104,48.8874,1.44535,123.523,0,5.41841,37.0087,6.49748,14
-2,280.203,2.95369,0.0265808,0.431612,54.0106,48.8874,1.44535,123.524,0,5.41841,37.0087,6.49749,14
2,280.103,2.85341,0.0265801,0.431613,54.0106,48.8874,1.44535,123.524,0,5.41841,37.0087,6.49749,14
-1,280.103,2.85341,0.0265801,0.431613,54.0106,48.8874,1.44535,123.524,0,5.41841,37.0087,6.49749,28
-2,280.159,3.99333,0.0273646,0.415362,53.0711,49.0816,1.4501,123.24,0,5.41353,37.0096,6.45734,28
-2,280.31,3.67708,0.0269663,0.423342,53.467,48.9843,1.44735,123.381,0,5.41592,37.0091,6.47702,28
-2,280.233,3.31631,0.0267644,0.427441,53.715,48.9358,1.44625,123.452,0,5.41716,37.0089,6.48716,28
-2,280.213,3.13542,0.0266617,0.429518,53.8568,48.9116,1.44577,123.488,0,5.41778,37.0088,6.4923,28
-2,280.255,3.04922,0.0266153,0.431087,53.9717,48.8934,1.44545,123.515,0,5.41825,37.0088,6.49619,28
-2,280.292,3.05273,0.0266017,0.431481,54.0013,48.8889,1.44537,123.521,0,5.41837,37.0087,6.49716,28
-2,280.2,2.95341,0.0265819,0.43158,54.0081,48.8878,1.44535,123.523,0,5.4184,37.0087,6.49741,28
-2,280.203,2.95362,0.0265811,0.431604,54.01,48.8875,1.44535,123.523,0,5.41841,37.0087,6.49747,28
-2,280.203,2.95368,0.0265809,0.431611,54.0104,48.8874,1.44535,123.523,0,5.41841,37.0087,6.49749,28
-2,280.203,2.95369,0.0265808,0.431612,54.0106,48.8874,1.44535,123.524,0,5.41841,37.0087,6.49749,28
3,280.103,2.85341,0.0265801,0.431613,54.0106,48.8874,1.44535,123.524,0,5.41841,37.0087,6.49749,28
-1,280.103,2.85341,0.0265801,0.431613,54.0106,48.8874,1.44535,123.524,0,5.41841,37.0087,6.49749,56
-2,279.909,3.66185,0.0274233,0.415239,53.0734,48.9924,1.45151,123.387,0,5.41349,37.0099,6.47712,56
4,279.909,3.66185,0.0274233,0.415239,53.0734,48.9924,1.45151,123.387,0,5.41349,37.0099,6.47712,56
0,238.963,2.61265,0.0318513,0.407927,45.6913,41.6111,1.36648,98.7713,0,5.41123,36.9943,6.06449,56
-1,238.963,2.61265,0.0318513,0.407927,45.6913,41.6111,1.36648,98.7713,0,5.41123,36.9943,6.06449,7
-2,239.648,4.19888,0.0317538,0.400775,44.9033,41.9663,1.37178,98.2741,0,5.40907,36.9952,6.09643,7
-2,239.618,3.76855,0.031799,0.404189,45.2526,41.7882,1.36717,98.5224,0,5.4101,36.9944,6.07818,7
-2,239.532,3.44575,0.0318405,0.406017,45.4599,41.6995,1.36633,98.6468,0,5.41066,36.9943,6.07076,7
-2,239.29,3.08056,0.0318427,0.406962,45.5672,41.6553,1.36629,98.709,0,5.41094,36.9942,6.06748,7
-2,239.119,2.80511,0.0318576,0.407684,45.6592,41.6222,1.36641,98.7557,0,5.41116,36.9943,6.06521,7
-2,239.152,2.81113,0.0318657,0.407866,45.6837,41.6139,1.36646,98.7674,0,5.41121,36.9943,6.06467,7
-2,239.06,2.71245,0.0318513,0.407912,45.6893,41.6118,1.36648,98.7703,0,5.41123,36.9943,6.06453,7
-2,239.062,2.71282,0.0318518,0.407923,45.6908,41.6113,1.36648,98.771,0,5.41123,36.9943,6.0645,7
-2,239.063,2.71291,0.0318519,0.407926,45.6912,41.6112,1.36648,98.7712,0,5.41123,36.9943,6.06449,7
-2,239.063,2.71293,0.031852,0.407927,45.6913,41.6111,1.36648,98.7712,0,5.41123,36.9943,6.06449,7
1,238.963,2.61265,0.0318513,0.407927,45.6913,41.6111,1.36648,98.7713,0,5.41123,36.9943,6.06449,7
-1,238.963,2.61265,0.0318513,0.407927,45.6913,41.6111,1.36648,98.7713,0,5.41123,36.9943,6.06449,14
-2,239.574,4.01399,0.0320582,0.399602,44.9685,41.8319,1.36615,98.4768,0,5.40872,36.9942,6.08233,14
-2,239.418,3.52045,0.0319014,0.403659,45.2746,41.7213,1.36517,98.6239,0,5.40995,36.994,6.07272,14
-2,239.273,3.16889,0.031858,0.405767,45.4645,41.6662,1.36554,98.6976,0,5.41058,36.9941,6.06843,14
-2,239.216,2.99144,0.031891,0.40684,45.5749,41.6387,1.36594,98.7344,0,5.4109,36.9942,6.06642,14
-2,239.125,2.80771,0.0318664,0.407654,45.6614,41.618,1.36633,98.762,0,5.41115,36.9943,6.06496,14
-2,239.154,2.81178,0.0318679,0.407859,45.6843,41.6129,1.36645,98.769,0,5.41121,36.9943,6.06461,14
-2,239.061,2.71261,0.0318518,0.40791,45.6894,41.6116,1.36647,98.7707,0,5.41123,36.9943,6.06452,14
-2,239.062,2.71286,0.0318519,0.407923,45.6908,41.6112,1.36648,98.7711,0,5.41123,36.9943,6.06449,14
-2,239.063,2.71292,0.031852,0.407926,45.6912,41.6112,1.36648,98.7712,0,5.41123,36.9943,6.06449,14
-2,239.063,2.71293,0.031852,0.407927,45.6913,41.6111,1.36648,98.7713,0,5.41123,36.9943,6.06449,14
2,238.963,2.61265,0.0318513,0.407927,45.6913,41.6111,1.36648,98.7713,0,5.41123,36.9943,6.06449,14
-1,238.963,2.61265,0.0318513,0.407927,45.6913,41.6111,1.36648,98.7713,0,5.41123,36.9943,6.06449,28
-2,239.312,3.6997,0.0321971,0.398483,44.9925,41.7362,1.36409,98.6126,0,5.40839,36.9938,6.07407,28
-2,239.179,3.25856,0.0319789,0.403139,45.2822,41.6736,1.36473,98.6919,0,5.40979,36.994,6.06909,28
-2,239.208,3.08633,0.0319419,0.405516,45.4734,41.6424,1.36546,98.7316,0,5.41051,36.9941,6.06674,28
-2,239.131,2.89987,0.0318871,0.406717,45.5778,41.6267,1.36594,98.7514,0,5.41087,36.9942,6.0656,28
-2,239.13,2.80975,0.0318752,0.407624,45.6627,41.615,1.36634,98.7663,0,5.41114,36.9943,6.06476,28
-2,239.054,2.71211,0.0318536,0.407851,45.684,41.6121,1.36645,98.77,0,5.41121,36.9943,6.06456,28
-2,239.061,2.71273,0.0318524,0.407908,45.6895,41.6114,1.36647,98.771,0,5.41123,36.9943,6.0645,28
-2,239.062,2.71289,0.0318521,0.407922,45.6909,41.6112,1.36648,98.7712,0,5.41123,36.9943,6.06449,28
-2,239.063,2.71293,0.031852,0.407926,45.6912,41.6111,1.36648,98.7712,0,5.41123,36.9943,6.06449,28
-2,239.063,2.71294,0.031852,0.407927,45.6913,41.6111,1.36648,98.7713,0,5.41123,36.9943,6.06449,28
3,238.963,2.61265,0.0318513,0.407927,45.6913,41.6111,1.36648,98.7713,0,5.41123,36.9943,6.06449,28
-1,238.963,2.61265,0.0318513,0.407927,45.6913,41.6111,1.36648,98.7713,0,5.41123,36.9943,6.06449,56
-2,238.877,3.24981,0.0323468,0.397635,44.9881,41.678,1.36575,98.693,0,5.40813,36.9942,6.06949,56
-2,239.015,3.08102,0.0321176,0.402733,45.2855,41.6446,1.36586,98.7321,0,5.40967,36.9942,6.06694,56
-2,239.024,2.89701,0.0319727,0.405318,45.4737,41.6279,1.36611,98.7517,0,5.41045,36.9942,6.0657,56
-2,239.04,2.80488,0.0319243,0.406619,45.5793,41.6195,1.36628,98.7615,0,5.41084,36.9943,6.06509,56
-2,239.132,2.81106,0.0318822,0.407599,45.6632,41.6132,1.36643,98.7688,0,5.41113,36.9943,6.06464,56
-2,239.055,2.71243,0.0318554,0.407845,45.6841,41.6117,1.36647,98.7707,0,5.41121,36.9943,6.06452,56
-2,239.061,2.71281,0.0318528,0.407906,45.6895,41.6113,1.36648,98.7711,0,5.41123,36.9943,6.0645,56
-2,239.062,2.71291,0.0318522,0.407922,45.6909,41.6112,1.36648,98.7712,0,5.41123,36.9943,6.06449,56
-2,239.063,2.71293,0.031852,0.407926,45.6912,41.6111,1.36648,98.7713,0,5.41123,36.9943,6.06449,56
-2,238.963,2.61265,0.0318513,0.407927,45.6913,41.6111,1.36648,98.7713,0,5.41123,36.9943,6.06449,56
4,238.963,2.61265,0.0318513,0.407927,45.6913,41.6111,1.36648,98.7713,0,5.41123,36.9943,6.06449,56
0,190.65,2.32629,0.0392282,0.380145,36.8322,33.0256,1.36489,68.2206,0,5.4028,36.994,6.06447,39.2
-1,190.65,2.32629,0.0392282,0.380145,36.8322,33.0256,1.36489,68.2206,0,5.4028,36.994,6.06447,7
-2,191.68,3.82259,0.0374741,0.384893,36.3085,33.1633,1.36617,68.0984,0,5.4042,36.9942,6.10013,7
-2,191.387,3.33335,0.0382977,0.382017,36.5387,33.0943,1.36154,68.1595,0,5.40335,36.9934,6.08211,7
-2,191.054,2.88266,0.0387395,0.380956,36.6696,33.0599,1.36221,68.19,0,5.40303,36.9935,6.07324,7
-2,191.052,2.80558,0.0390068,0.380519,36.7501,33.0428,1.3633,68.2053,0,5.40291,36.9937,6.06884,7
-2,190.825,2.52141,0.0391812,0.380233,36.8109,33.0299,1.36444,68.2167,0,5.40282,36.9939,6.06556,7
-2,190.845,2.52544,0.0392293,0.380167,36.8274,33.0267,1.36477,68.2196,0,5.4028,36.994,6.06474,7
-2,190.749,2.42625,0.0392249,0.380151,36.8309,33.0259,1.36486,68.2203,0,5.4028,36.994,6.06454,7
-2,190.75,2.4265,0.0392279,0.380147,36.8319,33.0257,1.36488,68.2205,0,5.4028,36.994,6.06449,7
-2,190.75,2.42656,0.0392287,0.380146,36.8322,33.0256,1.36489,68.2205,0,5.4028,36.994,6.06447,7
-2,190.751,2.42657,0.0392288,0.380146,36.8322,33.0256,1.36489,68.2206,0,5.4028,36.994,6.06447,7
1,190.65,2.32629,0.0392282,0.380145,36.8322,33.0256,1.36489,68.2206,0,5.4028,36.994,6.06447,7
-1,190.65,2.32629,0.0392282,0.380145,36.8322,33.0256,1.36489,68.2206,0,5.4028,36.994,6.06447,14
-2,191.368,3.50143,0.0378344,0.382631,36.3488,33.1116,1.35682,68.1489,0,5.40352,36.9925,6.08426,14
-2,191.02,2.96804,0.0384785,0.381067,36.5507,33.0686,1.35845,68.1847,0,5.40306,36.9928,6.07431,14
-2,190.978,2.79826,0.0388802,0.380526,36.6835,33.0471,1.36107,68.2026,0,5.40291,36.9933,6.06937,14
-2,190.861,2.61279,0.0390447,0.380316,36.7547,33.0364,1.36283,68.2116,0,5.40284,36.9936,6.06692,14
-2,190.828,2.52322,0.0391973,0.380184,36.8129,33.0283,1.36434,68.2183,0,5.40281,36.9939,6.06508,14
-2,190.846,2.52589,0.0392333,0.380155,36.8279,33.0263,1.36475,68.22,0,5.4028,36.994,6.06462,14
-2,190.749,2.42636,0.0392259,0.380148,36.831,33.0258,1.36485,68.2204,0,5.4028,36.994,6.06451,14
-2,190.75,2.42652,0.0392282,0.380146,36.8319,33.0257,1.36488,68.2205,0,5.4028,36.994,6.06448,14
-2,190.75,2.42657,0.0392287,0.380146,36.8322,33.0256,1.36489,68.2205,0,5.4028,36.994,6.06447,14
-2,190.751,2.42658,0.0392289,0.380146,36.8322,33.0256,1.36489,68.2206,0,5.4028,36.994,6.06447,14
2,190.65,2.32629,0.0392282,0.380145,36.8322,33.0256,1.36489,68.2206,0,5.4028,36.994,6.06447,14
-1,190.65,2.32629,0.0392282,0.380145,36.8322,33.0256,1.36489,68.2206,0,5.4028,36.994,6.06447,28
-2,190.929,3.05845,0.0382627,0.380393,36.3718,33.0733,1.3539,68.1831,0,5.40286,36.992,6.07487,28
-2,190.858,2.79306,0.0387729,0.380099,36.5709,33.0494,1.35818,68.2018,0,5.40277,36.9928,6.06965,28
-2,190.795,2.61013,0.0389901,0.38008,36.6931,33.0375,1.36123,68.2112,0,5.40277,36.9933,6.06706,28
-2,190.771,2.51834,0.0391218,0.380102,36.7611,33.0316,1.36298,68.2159,0,5.40278,36.9936,6.06576,28
-2,190.831,2.52466,0.0392144,0.380133,36.8146,33.0271,1.3644,68.2194,0,5.40279,36.9939,6.06479,28
-2,190.745,2.42606,0.0392212,0.380142,36.8277,33.026,1.36476,68.2203,0,5.40279,36.994,6.06455,28
-2,190.749,2.42645,0.039227,0.380145,36.8311,33.0257,1.36486,68.2205,0,5.4028,36.994,6.06449,28
-2,190.75,2.42655,0.0392284,0.380145,36.832,33.0257,1.36488,68.2205,0,5.4028,36.994,6.06447,28
-2,190.75,2.42657,0.0392288,0.380145,36.8322,33.0256,1.36489,68.2206,0,5.4028,36.994,6.06447,28
-2,190.751,2.42658,0.0392289,0.380145,36.8322,33.0256,1.36489,68.2206,0,5.4028,36.994,6.06447,28
3,190.65,2.32629,0.0392282,0.380145,36.8322,33.0256,1.36489,68.2206,0,5.4028,36.994,6.06447,28
-1,190.65,2.32629,0.0392282,0.380145,36.8322,33.0256,1.36489,68.2206,0,5.4028,36.994,6.06447,56
-2,190.673,2.79047,0.0387728,0.378471,36.3907,33.0504,1.35705,68.2021,0,5.40228,36.9926,6.06981,56
-2,190.681,2.60831,0.0389878,0.379232,36.5822,33.038,1.36044,68.2113,0,5.40252,36.9932,6.06713,56
-2,190.709,2.5173,0.0391201,0.37967,36.7004,33.0318,1.36253,68.216,0,5.40265,36.9936,6.0658,56
-2,190.778,2.52199,0.0391825,0.379903,36.7649,33.0287,1.36368,68.2183,0,5.40272,36.9938,6.06513,56
-2,190.833,2.52558,0.0392296,0.380084,36.8156,33.0264,1.36458,68.22,0,5.40278,36.9939,6.06463,56
-2,190.746,2.42628,0.039225,0.38013,36.8279,33.0258,1.36481,68.2204,0,5.40279,36.994,6.06451,56
-2,190.749,2.4265,0.0392279,0.380142,36.8312,33.0257,1.36487,68.2205,0,5.40279,36.994,6.06448,56
-2,190.75,2.42656,0.0392287,0.380145,36.832,33.0256,1.36488,68.2205,0,5.4028,36.994,6.06447,56
-2,190.75,2.42657,0.0392288,0.380145,36.8322,33.0256,1.36489,68.2206,0,5.4028,36.994,6.06447,56
-2,190.65,2.32629,0.0392282,0.380145,36.8322,33.0256,1.36489,68.2206,0,5.4028,36.994,6.06447,56
4,190.65,2.32629,0.0392282,0.380145,36.8322,33.0256,1.36489,68.2206,0,5.4028,36.994,6.06447,56
0,144.119,2.03706,0.0485951,0.351746,28.5061,24.4311,1.3085,39.3333,0,5.39417,36.9837,5.72466,39.2
-1,144.119,2.03706,0.0485951,0.351746,28.5061,24.4311,1.3085,39.3333,0,5.39417,36.9837,5.72466,7
-2,144.885,3.31277,0.043703,0.373067,28.0286,24.4054,1.3075,39.388,0,5.40055,36.9835,5.64169,7
-2,144.564,2.7799,0.04603,0.360972,28.2359,24.4181,1.30029,39.3606,0,5.39692,36.9822,5.68276,7
-2,144.431,2.50957,0.0473291,0.356,28.3627,24.4246,1.30247,39.347,0,5.39544,36.9826,5.70361,7
-2,144.322,2.32382,0.0479493,0.353783,28.4316,24.4278,1.305,39.3402,0,5.39478,36.983,5.71411,7
-2,144.295,2.23406,0.048448,0.352239,28.4876,24.4303,1.30753,39.335,0,5.39432,36.9835,5.72202,7
-2,144.314,2.23667,0.0485711,0.351868,28.502,24.4309,1.30825,39.3338,0,5.39421,36.9836,5.724,7
-2,144.218,2.13713,0.0485855,0.351776,28.5049,24.4311,1.30843,39.3334,0,5.39418,36.9837,5.7245,7
-2,144.219,2.13729,0.0485933,0.351754,28.5058,24.4311,1.30848,39.3334,0,5.39417,36.9837,5.72462,7
-2,144.219,2.13733,0.0485952,0.351748,28.5061,24.4311,1.30849,39.3333,0,5.39417,36.9837,5.72465,7
-2,144.219,2.13734,0.0485957,0.351746,28.5061,24.4311,1.3085,39.3333,0,5.39417,36.9837,5.72466,7
1,144.119,2.03706,0.0485951,0.351746,28.5061,24.4311,1.3085,39.3333,0,5.39417,36.9837,5.72466,7
-1,144.119,2.03706,0.0485951,0.351746,28.5061,24.4311,1.3085,39.3333,0,5.39417,36.9837,5.72466,14
-2,144.483,2.86281,0.0443647,0.369197,28.0748,24.4175,1.29221,39.3647,0,5.39938,36.9807,5.67694,14
-2,144.421,2.60135,0.0464526,0.359459,28.2663,24.4243,1.2955,39.349,0,5.39647,36.9813,5.70067,14
-2,144.261,2.31962,0.04751,0.355349,28.3786,24.4277,1.30079,39.3412,0,5.39524,36.9823,5.71263,14
-2,144.339,2.32882,0.0480537,0.353484,28.4415,24.4294,1.30434,39.3372,0,5.39469,36.9829,5.71864,14
-2,144.299,2.23527,0.0484743,0.352169,28.4901,24.4307,1.3074,39.3343,0,5.3943,36.9835,5.72315,14
-2,144.214,2.13679,0.0485613,0.351851,28.502,24.431,1.30822,39.3336,0,5.3942,36.9836,5.72428,14
-2,144.218,2.1372,0.0485872,0.351772,28.5051,24.4311,1.30843,39.3334,0,5.39418,36.9837,5.72457,14
-2,144.219,2.13731,0.0485937,0.351753,28.5059,24.4311,1.30848,39.3333,0,5.39417,36.9837,5.72464,14
-2,144.219,2.13734,0.0485953,0.351748,28.5061,24.4311,1.30849,39.3333,0,5.39417,36.9837,5.72465,14
-2,144.219,2.13734,0.0485957,0.351746,28.5061,24.4311,1.30849,39.3333,0,5.39417,36.9837,5.72466,14
2,144.119,2.03706,0.0485951,0.351746,28.5061,24.4311,1.3085,39.3333,0,5.39417,36.9837,5.72466,14
-1,144.119,2.03706,0.0485951,0.351746,28.5061,24.4311,1.3085,39.3333,0,5.39417,36.9837,5.72466,28
-2,144.284,2.59829,0.0452743,0.365246,28.1365,24.4221,1.28804,39.3511,0,5.3982,36.9799,5.69881,28
-2,144.178,2.31773,0.0469017,0.35788,28.3015,24.4266,1.29569,39.3422,0,5.396,36.9813,5.7117,28
-2,144.294,2.32779,0.0477447,0.354659,28.3999,24.4289,1.30145,39.3378,0,5.39504,36.9824,5.71817,28
-2,144.255,2.23247,0.048181,0.353164,28.4521,24.43,1.30481,39.3356,0,5.39459,36.983,5.72141,28
-2,144.304,2.23627,0.0485041,0.352093,28.4929,24.4308,1.30754,39.3339,0,5.39427,36.9835,5.72385,28
-2,144.215,2.13703,0.0485688,0.351832,28.5027,24.431,1.30826,39.3335,0,5.3942,36.9836,5.72446,28
-2,144.218,2.13727,0.0485891,0.351768,28.5053,24.4311,1.30844,39.3334,0,5.39418,36.9837,5.72461,28
-2,144.219,2.13732,0.0485941,0.351751,28.5059,24.4311,1.30848,39.3333,0,5.39417,36.9837,5.72465,28
-2,144.219,2.13734,0.0485954,0.351747,28.5061,24.4311,1.30849,39.3333,0,5.39417,36.9837,5.72466,28
-2,144.219,2.13734,0.0485957,0.351746,28.5061,24.4311,1.3085,39.3333,0,5.39417,36.9837,5.72466,28
3,144.119,2.03706,0.0485951,0.351746,28.5061,24.4311,1.3085,39.3333,0,5.39417,36.9837,5.72466,28
-1,144.119,2.03706,0.0485951,0.351746,28.5061,24.4311,1.3085,39.3333,0,5.39417,36.9837,5.72466,56
-2,144.071,2.31863,0.0461229,0.361722,28.192,24.425,1.29533,39.3427,0,5.39715,36.9813,5.71117,56
4,144.071,2.31863,0.0461229,0.361722,28.192,24.425,1.29533,39.3427,0,5.39715,36.9813,5.71117,56
0,108.451,1.88448,0.0597874,0.326843,21.9303,17.0025,1.11565,18.945,0,5.38662,36.9482,4.85156,56
-1,108.451,1.88448,0.0597874,0.326843,21.9303,17.0025,1.11565,18.945,0,5.38662,36.9482,4.85156,7
-2,108.283,2.7906,0.0500429,0.370669,21.0157,16.9056,1.11809,19.0117,0,5.39975,36.9486,4.67218,7
1,108.283,2.7906,0.0500429,0.370669,21.0157,16.9056,1.11809,19.0117,0,5.39975,36.9486,4.67218,7
0,85.6542,2.66759,0.0600546,0.356708,16.4383,11.3023,0.853896,7.95637,0,5.39552,36.8998,3.7237,4.9
-1,85.6542,2.66759,0.0600546,0.356708,16.4383,11.3023,0.853896,7.95637,0,5.39552,36.8998,3.7237,7
-2,85.2696,3.35578,0.0499365,0.429706,15.3813,11.2515,0.954705,7.98702,0,5.41754,36.9182,3.52402,7
1,85.2696,3.35578,0.0499365,0.429706,15.3813,11.2515,0.954705,7.98702,0,5.41754,36.9182,3.52402,7
0,72.5306,3.22374,0.0583154,0.429081,12.8253,7.28222,0.720663,3.04256,0,5.41735,36.875,2.65631,4.9
-1,72.5306,3.22374,0.0583154,0.429081,12.8253,7.28222,0.720663,3.04256,0,5.41735,36.875,2.65631,7
-2,73.2439,4.61813,0.0567443,0.532553,11.9526,7.27794,0.909867,3.05301,0,5.44881,36.9096,2.48465,7
-2,72.3622,3.63998,0.0571763,0.477683,12.1646,7.27961,0.804609,3.04778,0,5.4321,36.8903,2.56833,7
1,72.3622,3.63998,0.0571763,0.477683,12.1646,7.27961,0.804609,3.04778,0,5.4321,36.8903,2.56833,7
0,66.4643,3.59701,0.0649985,0.486331,11.911,4.55898,0.649425,1.09893,0,5.43472,36.8618,1.80108,4.9
-1,66.4643,3.59701,0.0649985,0.486331,11.911,4.55898,0.649425,1.09893,0,5.43472,36.8618,1.80108,7
-2,65.5829,4.36372,0.0568216,0.640746,9.83042,4.58744,0.934323,1.10175,0,5.48193,36.914,1.67181,7
1,65.5829,4.36372,0.0568216,0.640746,9.83042,4.58744,0.934323,1.10175,0,5.48193,36.914,1.67181,7
0,63.3935,4.34169,0.0621514,0.666333,10.6652,2.84855,0.860891,0.38997,0,5.48973,36.9005,1.16855,4.9
-1,63.3935,4.34169,0.0621514,0.666333,10.6652,2.84855,0.860891,0.38997,0,5.48973,36.9005,1.16855,7
-2,61.128,3.73006,0.0482905,0.864735,8.30771,2.91692,1.26272,0.390256,0,5.5512,36.9743,1.08182,7
1,61.128,3.73006,0.0482905,0.864735,8.30771,2.91692,1.26272,0.390256,0,5.5512,36.9743,1.08182,7
-1,61.128,3.73006,0.0482905,0.864735,8.30771,2.91692,1.26272,0.390256,0,5.5512,36.9743,1.08182,4.9
-2,60.0116,2.95077,0.0393844,1.01012,7.39921,2.98922,1.60622,0.390787,0,5.59681,37.0374,0.991659,4.9
2,60.0116,2.95077,0.0393844,1.01012,7.39921,2.98922,1.60622,0.390787,0,5.59681,37.0374,0.991659,4.9
-1,60.0116,2.95077,0.0393844,1.01012,7.39921,2.98922,1.60622,0.390787,0,5.59681,37.0374,0.991659,3.43
-2,59.4751,2.45376,0.0344042,1.11217,6.95946,3.04985,1.85956,0.391751,0,5.62911,37.0841,0.900974,3.43
3,59.4751,2.45376,0.0344042,1.11217,6.95946,3.04985,1.85956,0.391751,0,5.62911,37.0841,0.900974,3.43
0,58.5256,2.43344,0.0360377,1.17807,7.45353,2.00703,1.84034,0.138751,0,5.64957,37.0806,0.7083,2.401
-1,58.5256,2.43344,0.0360377,1.17807,7.45353,2.00703,1.84034,0.138751,0,5.64957,37.0806,0.7083,7
-2,57.8105,2.06238,0.0299816,1.31404,6.60452,2.05051,2.12724,0.138884,0,5.69299,37.1335,0.6565,7
1,57.8105,2.06238,0.0299816,1.31404,6.60452,2.05051,2.12724,0.138884,0,5.69299,37.1335,0.6565,7
0,57.9829,2.10884,0.0307454,1.39198,7.65544,1.31847,2.12598,0.0484561,0,5.71731,37.1332,0.452487,4.9
-1,57.9829,2.10884,0.0307454,1.39198,7.65544,1.31847,2.12598,0.0484561,0,5.71731,37.1332,0.452487,7
-2,57.1209,1.78902,0.0243994,1.55983,6.49432,1.35727,2.46199,0.0484732,0,5.77154,37.1953,0.418762,7
1,57.1209,1.78902,0.0243994,1.55983,6.49432,1.35727,2.46199,0.0484732,0,5.77154,37.1953,0.418762,7
0,57.763,1.78806,0.0249012,1.65135,7.66193,0.882761,2.46008,0.0168877,0,5.80027,37.1949,0.281905,4.9
-1,57.763,1.78806,0.0249012,1.65135,7.66193,0.882761,2.46008,0.0168877,0,5.80027,37.1949,0.281905,7
-2,57.4855,1.89592,0.0223513,1.834,6.60649,0.916768,2.81113,0.0168828,0,5.86004,37.2598,0.26209,7
1,57.4855,1.89592,0.0223513,1.834,6.60649,0.916768,2.81113,0.0168828,0,5.86004,37.2598,0.26209,7
0,58.1913,1.92284,0.0223502,1.9392,7.5662,0.609451,2.79974,0.00586607,0,5.89331,37.2577,0.174599,4.9
-1,58.1913,1.92284,0.0223502,1.9392,7.5662,0.609451,2.79974,0.00586607,0,5.89331,37.2577,0.174599,7
-2,59.7346,3.57492,0.0198955,2.13342,6.75013,0.646308,3.15824,0.00585796,0,5.95771,37.3241,0.164069,7
-2,58.5305,2.31408,0.0227494,2.03504,7.16503,0.627591,2.97569,0.00586201,0,5.925,37.2903,0.169165,7
-2,58.5071,2.21684,0.0233508,1.9868,7.41417,0.618449,2.88689,0.00586403,0,5.90903,37.2738,0.17184,7
-2,58.351,2.06989,0.0229722,1.96292,7.49226,0.613932,2.84311,0.00586505,0,5.90114,37.2657,0.173209,7
-2,58.3477,2.00646,0.0228204,1.94512,7.61713,0.610568,2.81054,0.00586582,0,5.89526,37.2597,0.17425,7
-2,58.1827,1.92007,0.0223057,1.94068,7.55509,0.60973,2.80244,0.00586601,0,5.8938,37.2582,0.174512,7
1,58.1827,1.92007,0.0223057,1.94068,7.55509,0.60973,2.80244,0.00586601,0,5.8938,37.2582,0.174512,7
0,59.1003,1.89123,0.022761,2.0449,8.65999,0.407602,2.7828,0.00202766,0,5.92676,37.2546,0.107563,4.9
-1,59.1003,1.89123,0.022761,2.0449,8.65999,0.407602,2.7828,0.00202766,0,5.92676,37.2546,0.107563,7
-2,60.0106,3.58821,0.0187746,2.30213,6.98213,0.441275,3.22482,0.00202323,0,6.01227,37.3365,0.102501,7
-2,59.0167,2.25626,0.0223226,2.17145,7.77353,0.424125,2.99877,0.00202544,0,5.96867,37.2946,0.104941,7
1,59.0167,2.25626,0.0223226,2.17145,7.77353,0.424125,2.99877,0.00202544,0,5.96867,37.2946,0.104941,7
0,59.785,2.25188,0.0224682,2.28316,8.59595,0.294662,2.97416,0.000694852,0,6.00416,37.2901,0.0677466,4.9
-1,59.785,2.25188,0.0224682,2.28316,8.59595,0.294662,2.97416,0.000694852,0,6.00416,37.2901,0.0677466,7
-2,60.0153,3.72942,0.016283,2.55437,6.42874,0.331447,3.42037,0.000692501,0,6.09501,37.3728,0.0661599,7
-2,60.5012,3.60719,0.0191223,2.41682,7.50582,0.312555,3.19274,0.000693672,0,6.04877,37.3306,0.06691,7
-2,60.782,3.49024,0.0205875,2.3495,8.13149,0.303483,3.08231,0.000694261,0,6.02626,37.3101,0.0673175,7
-2,59.9159,2.47238,0.0220788,2.3162,8.39476,0.299041,3.02795,0.000694556,0,6.01516,37.3001,0.0675293,7
-2,59.8921,2.32985,0.0223513,2.29139,8.5973,0.295751,2.98756,0.000694778,0,6.0069,37.2926,0.0676918,7
-2,59.7667,2.24748,0.0224117,2.28521,8.57511,0.294934,2.97751,0.000694833,0,6.00485,37.2907,0.0677328,7
1,59.7667,2.24748,0.0224117,2.28521,8.57511,0.294934,2.97751,0.000694833,0,6.00485,37.2907,0.0677328,7
0,60.6708,2.26851,0.0224511,2.39544,9.45026,0.210036,2.95443,0.000235549,0,6.03988,37.2865,0.0430952,4.9
-1,60.6708,2.26851,0.0224511,2.39544,9.45026,0.210036,2.95443,0.000235549,0,6.03988,37.2865,0.0430952,7
-2,60.1143,3.71146,0.0159494,2.70131,6.45018,0.242148,3.43238,0.000234641,0,6.14246,37.3751,0.0430679,7
1,60.1143,3.71146,0.0159494,2.70131,6.45018,0.242148,3.43238,0.000234641,0,6.14246,37.3751,0.0430679,7
0,60.2874,3.71459,0.0161286,2.82796,6.5505,0.18191,3.41275,7.77566e-05,0,6.18309,37.3715,0.0289399,4.9
-1,60.2874,3.71459,0.0161286,2.82796,6.5505,0.18191,3.41275,7.77566e-05,0,6.18309,37.3715,0.0289399,7
-2,59.19,3.3933,0.0130031,3.02714,5.11509,0.226796,3.70775,7.73207e-05,0,6.25048,37.4263,0.0300891,7
1,59.19,3.3933,0.0130031,3.02714,5.11509,0.226796,3.70775,7.73207e-05,0,6.25048,37.4263,0.0300891,7
-1,59.19,3.3933,0.0130031,3.02714,5.11509,0.226796,3.70775,7.73207e-05,0,6.25048,37.4263,0.0300891,4.9
-2,58.2227,2.64948,0.0114101,3.14495,4.4849,0.284656,3.86892,7.68354e-05,0,6.29037,37.4562,0.0317281,4.9
2,58.2227,2.64948,0.0114101,3.14495,4.4849,0.284656,3.86892,7.68354e-05,0,6.29037,37.4562,0.0317281,4.9
0,58.0075,2.60983,0.0127889,3.28325,4.2056,0.228785,3.85634,2.43344e-05,0,6.33505,37.4539,0.0219399,3.43
-1,58.0075,2.60983,0.0127889,3.28325,4.2056,0.228785,3.85634,2.43344e-05,0,6.33505,37.4539,0.0219399,7
-2,57.4958,2.15193,0.0122088,3.32347,3.97401,0.270297,3.92571,2.42272e-05,0,6.34844,37.4668,0.0228758,7
1,57.4958,2.15193,0.0122088,3.32347,3.97401,0.270297,3.92571,2.42272e-05,0,6.34844,37.4668,0.0228758,7
0,57.3863,2.12033,0.0148363,3.45899,3.77203,0.224628,3.92107,7.41664e-06,0,6.3922,37.466,0.0162677,4.9
-1,57.3863,2.12033,0.0148363,3.45899,3.77203,0.224628,3.92107,7.41664e-06,0,6.3922,37.466,0.0162677,7
-2,57.7645,2.30611,0.0167995,3.43693,3.93632,0.259169,3.93864,7.38877e-06,0,6.38417,37.4692,0.0171142,7
-2,57.1792,1.91732,0.0145227,3.4479,3.75671,0.241513,3.92894,7.40265e-06,0,6.38816,37.4674,0.0166848,7
1,57.1792,1.91732,0.0145227,3.4479,3.75671,0.241513,3.92894,7.40265e-06,0,6.38816,37.4674,0.0166848,7
0,57.2833,1.90379,0.0186442,3.57929,3.73722,0.20535,3.92879,2.1957e-06,0,6.43052,37.4674,0.0122902,4.9
-1,57.2833,1.90379,0.0186442,3.57929,3.73722,0.20535,3.92879,2.1957e-06,0,6.43052,37.4674,0.0122902,7
-2,58.1121,2.51247,0.0212005,3.50092,4.03029,0.234849,3.92876,2.18817e-06,0,6.40319,37.4673,0.0131005,7
-2,57.7016,2.22035,0.0199294,3.5398,3.87863,0.219793,3.92673,2.19192e-06,0,6.41672,37.467,0.0126898,7
-2,57.2831,1.9183,0.0182754,3.55947,3.74413,0.212495,3.92725,2.1938e-06,0,6.42359,37.4671,0.0124886,7
-2,57.2319,1.86052,0.0184679,3.56936,3.74013,0.208903,3.92789,2.19475e-06,0,6.42705,37.4672,0.0123891,7
1,57.2319,1.86052,0.0184679,3.56936,3.74013,0.208903,3.92789,2.19475e-06,0,6.42705,37.4672,0.0123891,7
0,57.6897,1.87134,0.024567,3.69863,4.04138,0.180779,3.92758,6.31175e-07,0,6.46869,37.4672,0.0095876,4.9
-1,57.6897,1.87134,0.024567,3.69863,4.04138,0.180779,3.92758,6.31175e-07,0,6.46869,37.4672,0.0095876,7
-2,58.5324,2.58476,0.0259392,3.54733,4.35482,0.206787,3.92017,6.29083e-07,0,6.41645,37.4657,0.0103882,7
-2,58.2698,2.38628,0.0259194,3.62207,4.20473,0.19351,3.9195,6.30126e-07,0,6.44218,37.4656,0.00998199,7
-2,57.7697,1.98707,0.0242912,3.66013,4.05739,0.187076,3.92244,6.30649e-07,0,6.45534,37.4662,0.00978332,7
-2,57.6097,1.83027,0.024166,3.67932,4.02896,0.18391,3.92474,6.30912e-07,0,6.46199,37.4666,0.0096851,7
1,57.6097,1.83027,0.024166,3.67932,4.02896,0.18391,3.92474,6.30912e-07,0,6.46199,37.4666,0.0096851,7
0,58.6107,1.86916,0.0326949,3.80619,4.84468,0.161427,3.92,1.75471e-07,0,6.50281,37.4658,0.00794406,4.9
-1,58.6107,1.86916,0.0326949,3.80619,4.84468,0.161427,3.92,1.75471e-07,0,6.50281,37.4658,0.00794406,7
-2,59.0938,2.68559,0.0314169,3.571,4.80428,0.184328,3.92059,1.74915e-07,0,6.42215,37.4657,0.00871575,7
-2,58.9206,2.38197,0.0325649,3.68661,4.80032,0.17264,3.91227,1.75192e-07,0,6.46163,37.4643,0.00832328,7
-2,58.9308,2.27679,0.0331296,3.7459,4.83912,0.166974,3.91413,1.75331e-07,0,6.482,37.4646,0.00813201,7
-2,58.6935,2.02626,0.032432,3.77592,4.81262,0.164186,3.91656,1.75401e-07,0,6.49235,37.4651,0.00803762,7
-2,58.6724,1.95935,0.0324798,3.7986,4.8271,0.162114,3.91904,1.75453e-07,0,6.50018,37.4656,0.00796737,7
-2,58.6008,1.86662,0.0326455,3.80429,4.84005,0.161599,3.91975,1.75466e-07,0,6.50215,37.4657,0.00794988,7
1,58.6008,1.86662,0.0326455,3.80429,4.84005,0.161599,3.91975,1.75466e-07,0,6.50215,37.4657,0.00794988,7
0,60.4941,1.94434,0.0443022,3.93104,6.51012,0.143383,3.90764,4.71309e-08,0,6.5429,37.4635,0.00688754,4.9
-1,60.4941,1.94434,0.0443022,3.93104,6.51012,0.143383,3.90764,4.71309e-08,0,6.5429,37.4635,0.00688754,7
-2,59.8441,2.64694,0.0381669,3.58852,5.58017,0.16369,3.92627,4.6987e-08,0,6.426,37.4667,0.00763414,7
1,59.8441,2.64694,0.0381669,3.58852,5.58017,0.16369,3.92627,4.6987e-08,0,6.426,37.4667,0.00763414,7
0,61.6646,2.7231,0.0500746,3.68617,7.22988,0.146061,3.90304,1.20576e-08,0,6.45691,37.4625,0.00686066,4.9
-1,61.6646,2.7231,0.0500746,3.68617,7.22988,0.146061,3.90304,1.20576e-08,0,6.45691,37.4625,0.00686066,7
-2,60.9374,3.07988,0.0406877,3.41035,6.2665,0.17478,4.09471,1.20107e-08,0,6.36488,37.4976,0.00799183,7
1,60.9374,3.07988,0.0406877,3.41035,6.2665,0.17478,4.09471,1.20107e-08,0,6.36488,37.4976,0.00799183,7
0,62.8461,3.15609,0.0531565,3.48488,8.04734,0.156398,4.06124,2.93043e-09,0,6.38818,37.4915,0.00733018,4.9
-1,62.8461,3.15609,0.0531565,3.48488,8.04734,0.156398,4.06124,2.93043e-09,0,6.38818,37.4915,0.00733018,7
-2,62.1314,3.41424,0.0425387,3.23913,6.99694,0.189849,4.38192,2.91873e-09,0,6.30784,37.5504,0.00852185,7
1,62.1314,3.41424,0.0425387,3.23913,6.99694,0.189849,4.38192,2.91873e-09,0,6.30784,37.5504,0.00852185,7
0,64.0958,3.39297,0.0556366,3.29391,8.96713,0.170231,4.3404,6.76635e-10,0,6.32478,37.5429,0.00791255,4.9
-1,64.0958,3.39297,0.0556366,3.29391,8.96713,0.170231,4.3404,6.76635e-10,0,6.32478,37.5429,0.00791255,7
-2,62.8531,3.39131,0.0467735,3.06985,7.45402,0.207532,4.79488,6.74747e-10,0,6.25298,37.6266,0.00916737,7
1,62.8531,3.39131,0.0467735,3.06985,7.45402,0.207532,4.79488,6.74747e-10,0,6.25298,37.6266,0.00916737,7
-1,62.8531,3.39131,0.0467735,3.06985,7.45402,0.207532,4.79488,6.74747e-10,0,6.25298,37.6266,0.00916737,4.9
-2,62.0434,3.0147,0.0430172,2.9492,6.63579,0.257294,5.21353,6.72436e-10,0,6.21506,37.7039,0.0109291,4.9
2,62.0434,3.0147,0.0430172,2.9492,6.63579,0.257294,5.21353,6.72436e-10,0,6.21506,37.7039,0.0109291,4.9
0,63.6629,2.9763,0.0546933,2.97587,8.33409,0.230582,5.16361,1.54651e-10,0,6.22318,37.6947,0.00989636,3.43
-1,63.6629,2.9763,0.0546933,2.97587,8.33409,0.230582,5.16361,1.54651e-10,0,6.22318,37.6947,0.00989636,7
-2,62.645,2.64465,0.0476758,2.84661,7.23458,0.267971,5.62879,1.58795e-10,0,6.18288,37.7807,0.0111422,7
1,62.645,2.64465,0.0476758,2.84661,7.23458,0.267971,5.62879,1.58795e-10,0,6.18288,37.7807,0.0111422,7
-1,62.645,2.64465,0.0476758,2.84661,7.23458,0.267971,5.62879,1.58795e-10,0,6.18288,37.7807,0.0111422,4.9
-2,62.2389,2.28385,0.0420421,2.78239,6.8059,0.310836,5.99035,1.62458e-10,0,6.16324,37.8476,0.0127211,4.9
2,62.2389,2.28385,0.0420421,2.78239,6.8059,0.310836,5.99035,1.62458e-10,0,6.16324,37.8476,0.0127211,4.9
0,63.7781,2.33942,0.0569918,2.79454,8.34961,0.279206,5.94103,9.10735e-11,0,6.16691,37.8386,0.0118303,3.43
-1,63.7781,2.33942,0.0569918,2.79454,8.34961,0.279206,5.94103,9.10735e-11,0,6.16691,37.8386,0.0118303,7
-2,63.8895,2.71637,0.0502881,2.71029,7.62267,0.309396,6.4024,1.10507e-10,0,6.14113,37.924,0.0129598,7
-2,63.4594,2.28348,0.052481,2.75073,7.866,0.294099,6.16644,1.00167e-10,0,6.15348,37.8803,0.0123825,7
1,63.4594,2.28348,0.052481,2.75073,7.866,0.294099,6.16644,1.00167e-10,0,6.15348,37.8803,0.0123825,7
0,65.8418,2.38508,0.071288,2.76072,10.1905,0.264678,6.12794,2.22873e-10,0,6.15649,37.8733,0.0119082,4.9
-1,65.8418,2.38508,0.071288,2.76072,10.1905,0.264678,6.12794,2.22873e-10,0,6.15649,37.8733,0.0119082,7
-2,65.3057,2.84193,0.0596391,2.65511,8.5394,0.291977,6.78512,3.16422e-10,0,6.12439,37.9951,0.013029,7
1,65.3057,2.84193,0.0596391,2.65511,8.5394,0.291977,6.78512,3.16422e-10,0,6.12439,37.9951,0.013029,7
0,67.8981,2.9626,0.0806487,2.65879,11.0475,0.262424,6.75792,9.31083e-10,0,6.12549,37.9902,0.0125195,4.9
-1,67.8981,2.9626,0.0806487,2.65879,11.0475,0.262424,6.75792,9.31083e-10,0,6.12549,37.9902,0.0125195,7
-2,66.6822,3.02583,0.0651016,2.58521,8.91707,0.297511,7.53856,1.35642e-09,0,6.10365,38.1353,0.0139856,7
1,66.6822,3.02583,0.0651016,2.58521,8.91707,0.297511,7.53856,1.35642e-09,0,6.10365,38.1353,0.0139856,7
-1,66.6822,3.02583,0.0651016,2.58521,8.91707,0.297511,7.53856,1.35642e-09,0,6.10365,38.1353,0.0139856,4.9
-2,66.8376,3.22279,0.0564801,2.56111,8.17971,0.345908,8.11582,1.73297e-09,0,6.09687,38.2429,0.0160543,4.9
-2,66.6611,3.0747,0.0607386,2.57153,8.50795,0.321226,7.8221,1.53408e-09,0,6.09976,38.1881,0.0149861,4.9
2,66.6611,3.0747,0.0607386,2.57153,8.50795,0.321226,7.8221,1.53408e-09,0,6.09976,38.1881,0.0149861,4.9
0,69.1354,3.1935,0.0828613,2.57047,10.8934,0.28861,7.8074,4.58607e-09,0,6.09945,38.1854,0.0142558,3.43
-1,69.1354,3.1935,0.0828613,2.57047,10.8934,0.28861,7.8074,4.58607e-09,0,6.09945,38.1854,0.0142558,7
-2,68.2816,3.23888,0.0677286,2.54568,9.06024,0.328343,8.59914,6.38357e-09,0,6.09252,38.3332,0.0159228,7
1,68.2816,3.23888,0.0677286,2.54568,9.06024,0.328343,8.59914,6.38357e-09,0,6.09252,38.3332,0.0159228,7
0,71.148,3.38043,0.0930273,2.54458,11.7997,0.295517,8.59488,1.88282e-08,0,6.09219,38.3324,0.015253,4.9
-1,71.148,3.38043,0.0930273,2.54458,11.7997,0.295517,8.59488,1.88282e-08,0,6.09219,38.3324,0.015253,7
-2,69.8231,3.23305,0.0753012,2.55559,9.50356,0.336335,9.50358,2.62679e-08,0,6.09622,38.5024,0.0170529,7
1,69.8231,3.23305,0.0753012,2.55559,9.50356,0.336335,9.50358,2.62679e-08,0,6.09622,38.5024,0.0170529,7
-1,69.8231,3.23305,0.0753012,2.55559,9.50356,0.336335,9.50358,2.62679e-08,0,6.09622,38.5024,0.0170529,4.9
-2,69.5283,3.07111,0.0654983,2.58564,8.5132,0.389983,10.1532,3.21131e-08,0,6.1059,38.6242,0.0195448,4.9
2,69.5283,3.07111,0.0654983,2.58564,8.5132,0.389983,10.1532,3.21131e-08,0,6.1059,38.6242,0.0195448,4.9
0,72.0574,3.20037,0.0910836,2.59055,10.9204,0.351817,10.1532,9.60968e-08,0,6.10737,38.6242,0.0184482,3.43
-1,72.0574,3.20037,0.0910836,2.59055,10.9204,0.351817,10.1532,9.60968e-08,0,6.10737,38.6242,0.0184482,7
-2,71.1899,3.04259,0.0767702,2.64819,9.15005,0.394865,10.9564,1.21571e-07,0,6.12547,38.7752,0.0204029,7
1,71.1899,3.04259,0.0767702,2.64819,9.15005,0.394865,10.9564,1.21571e-07,0,6.12547,38.7752,0.0204029,7
0,74.3643,3.20722,0.106644,2.65905,12.1594,0.357855,10.9517,3.58469e-07,0,6.12874,38.7744,0.0193367,4.9
-1,74.3643,3.20722,0.106644,2.65905,12.1594,0.357855,10.9517,3.58469e-07,0,6.12874,38.7744,0.0193367,7
-2,72.8762,3.01028,0.0883266,2.75982,9.59754,0.400316,11.8878,4.52653e-07,0,6.16019,38.9507,0.0212052,7
1,72.8762,3.01028,0.0883266,2.75982,9.59754,0.400316,11.8878,4.52653e-07,0,6.16019,38.9507,0.0212052,7
0,80.413,3.27119,0.135744,2.66968,18.1609,0.325436,10.9295,1.01144e-06,0,6.13193,38.7703,0.0182736,7
-1,80.413,3.27119,0.135744,2.66968,18.1609,0.325436,10.9295,1.01144e-06,0,6.13193,38.7703,0.0182736,7
-2,75.4164,3.09487,0.111046,2.84956,11.3836,0.367716,12.3614,1.49554e-06,0,6.18796,39.0402,0.0199683,7
1,75.4164,3.09487,0.111046,2.84956,11.3836,0.367716,12.3614,1.49554e-06,0,6.18796,39.0402,0.0199683,7
-1,75.4164,3.09487,0.111046,2.84956,11.3836,0.367716,12.3614,1.49554e-06,0,6.18796,39.0402,0.0199683,4.9
-2,74.1479,2.88742,0.0961671,2.97975,9.12993,0.421571,13.1859,1.67838e-06,0,6.22878,39.196,0.0223366,4.9
2,74.1479,2.88742,0.0961671,2.97975,9.12993,0.421571,13.1859,1.67838e-06,0,6.22878,39.196,0.0223366,4.9
0,81.2408,3.17284,0.141187,2.87537,17.1538,0.337617,12.3141,4.27952e-06,0,6.19578,39.0315,0.0186425,4.9
-1,81.2408,3.17284,0.141187,2.87537,17.1538,0.337617,12.3141,4.27952e-06,0,6.19578,39.0315,0.0186425,7
-2,76.7325,2.91921,0.120242,3.11062,10.9623,0.381813,13.662,5.63914e-06,0,6.26958,39.2864,0.0203073,7
1,76.7325,2.91921,0.120242,3.11062,10.9623,0.381813,13.662,5.63914e-06,0,6.26958,39.2864,0.0203073,7
-1,76.7325,2.91921,0.120242,3.11062,10.9623,0.381813,13.662,5.63914e-06,0,6.26958,39.2864,0.0203073,4.9
-2,75.6454,2.844,0.108308,3.2472,8.92264,0.436866,14.3368,5.76873e-06,0,6.31282,39.4142,0.0225482,4.9
2,75.6454,2.844,0.108308,3.2472,8.92264,0.436866,14.3368,5.76873e-06,0,6.31282,39.4142,0.0225482,4.9
0,82.6584,3.02243,0.152128,3.15503,16.8222,0.355115,13.5783,1.62405e-05,0,6.28318,39.2711,0.0188868,4.9
-1,82.6584,3.02243,0.152128,3.15503,16.8222,0.355115,13.5783,1.62405e-05,0,6.28318,39.2711,0.0188868,7
-2,79.2296,2.8831,0.123962,3.43051,11.6527,0.401847,14.8366,1.94911e-05,0,6.37065,39.5097,0.0204408,7
1,79.2296,2.8831,0.123962,3.43051,11.6527,0.401847,14.8366,1.94911e-05,0,6.37065,39.5097,0.0204408,7
-1,79.2296,2.8831,0.123962,3.43051,11.6527,0.401847,14.8366,1.94911e-05,0,6.37065,39.5097,0.0204408,4.9
-2,78.1828,2.91729,0.111229,3.59966,9.47255,0.46129,15.5316,1.96954e-05,0,6.42497,39.6415,0.0226735,4.9
2,78.1828,2.91729,0.111229,3.59966,9.47255,0.46129,15.5316,1.96954e-05,0,6.42497,39.6415,0.0226735,4.9
0,85.4185,3.02047,0.157916,3.49588,17.7636,0.379463,14.7056,5.61908e-05,0,6.39091,39.4856,0.0190199,4.9
-1,85.4185,3.02047,0.157916,3.49588,17.7636,0.379463,14.7056,5.61908e-05,0,6.39091,39.4856,0.0190199,7
-2,81.7946,2.89984,0.128658,3.83167,12.257,0.431413,15.9952,6.53589e-05,0,6.49933,39.7308,0.0205806,7
1,81.7946,2.89984,0.128658,3.83167,12.257,0.431413,15.9952,6.53589e-05,0,6.49933,39.7308,0.0205806,7
-1,81.7946,2.89984,0.128658,3.83167,12.257,0.431413,15.9952,6.53589e-05,0,6.49933,39.7308,0.0205806,4.9
-2,80.7155,2.78359,0.109133,4.02483,10.1831,0.496667,16.6729,6.39811e-05,0,6.56267,39.8596,0.0229158,4.9
2,80.7155,2.78359,0.109133,4.02483,10.1831,0.496667,16.6729,6.39811e-05,0,6.56267,39.8596,0.0229158,4.9
0,88.2069,3.07276,0.164044,3.92201,18.5834,0.413543,15.8077,0.000188263,0,6.52774,39.6963,0.0192034,4.9
-1,88.2069,3.07276,0.164044,3.92201,18.5834,0.413543,15.8077,0.000188263,0,6.52774,39.6963,0.0192034,7
-2,84.4655,2.99649,0.134924,4.31116,12.8337,0.472048,17.0979,0.000209415,0,6.6562,39.9421,0.0208608,7
1,84.4655,2.99649,0.134924,4.31116,12.8337,0.472048,17.0979,0.000209415,0,6.6562,39.9421,0.0208608,7
-1,84.4655,2.99649,0.134924,4.31116,12.8337,0.472048,17.0979,0.000209415,0,6.6562,39.9421,0.0208608,4.9
-2,83.0707,2.80024,0.116224,4.52876,10.4934,0.544508,17.7653,0.000199952,0,6.72944,40.0691,0.0234169,4.9
2,83.0707,2.80024,0.116224,4.52876,10.4934,0.544508,17.7653,0.000199952,0,6.72944,40.0691,0.0234169,4.9
0,91.0683,3.20829,0.171022,4.42959,19.3391,0.45875,16.8507,0.000600891,0,6.69408,39.8965,0.0196116,4.9
-1,91.0683,3.20829,0.171022,4.42959,19.3391,0.45875,16.8507,0.000600891,0,6.69408,39.8965,0.0196116,7
-2,87.1047,2.95183,0.135144,4.87499,13.4523,0.524759,18.1532,0.000645604,0,6.84511,40.1452,0.0214419,7
1,87.1047,2.95183,0.135144,4.87499,13.4523,0.524759,18.1532,0.000645604,0,6.84511,40.1452,0.0214419,7
-1,87.1047,2.95183,0.135144,4.87499,13.4523,0.524759,18.1532,0.000645604,0,6.84511,40.1452,0.0214419,4.9
-2,85.3277,2.81845,0.115172,5.11187,10.6533,0.606011,18.8018,0.000595394,0,6.92736,40.2689,0.0242617,4.9
2,85.3277,2.81845,0.115172,5.11187,10.6533,0.606011,18.8018,0.000595394,0,6.92736,40.2689,0.0242617,4.9
0,93.8546,3.20514,0.170921,5.02451,20.0883,0.515886,17.8454,0.00183932,0,6.89388,40.0883,0.0203941,4.9
-1,93.8546,3.20514,0.170921,5.02451,20.0883,0.515886,17.8454,0.00183932,0,6.89388,40.0883,0.0203941,7
-2,89.4288,2.99893,0.133805,5.5198,13.6121,0.590657,19.1449,0.00189377,0,7.06714,40.3371,0.0224227,7
1,89.4288,2.99893,0.133805,5.5198,13.6121,0.590657,19.1449,0.00189377,0,7.06714,40.3371,0.0224227,7
-1,89.4288,2.99893,0.133805,5.5198,13.6121,0.590657,19.1449,0.00189377,0,7.06714,40.3371,0.0224227,4.9
-2,86.9578,2.74142,0.119513,5.7536,10.3042,0.684084,19.7282,0.00166427,0,7.15121,40.4485,0.025373,4.9
2,86.9578,2.74142,0.119513,5.7536,10.3042,0.684084,19.7282,0.00166427,0,7.15121,40.4485,0.025373,4.9
-1,86.9578,2.74142,0.119513,5.7536,10.3042,0.684084,19.7282,0.00166427,0,7.15121,40.4485,0.025373,3.43
-2,86.1919,2.80745,0.114869,5.76516,9.36269,0.7999,19.7113,0.00130271,0,7.15599,40.4445,0.0287972,3.43
3,86.1919,2.80745,0.114869,5.76516,9.36269,0.7999,19.7113,0.00130271,0,7.15599,40.4445,0.0287972,3.43
0,92.808,2.89073,0.144682,5.95721,16.1353,0.680524,19.3686,0.00473847,0,7.21983,40.3819,0.0245718,3.43
-1,92.808,2.89073,0.144682,5.95721,16.1353,0.680524,19.3686,0.00473847,0,7.21983,40.3819,0.0245718,7
-2,90.4146,2.80228,0.121568,6.31541,12.2682,0.76616,20.2145,0.00442263,0,7.35121,40.5443,0.0265424,7
1,90.4146,2.80228,0.121568,6.31541,12.2682,0.76616,20.2145,0.00442263,0,7.35121,40.5443,0.0265424,7
-1,90.4146,2.80228,0.121568,6.31541,12.2682,0.76616,20.2145,0.00442263,0,7.35121,40.5443,0.0265424,4.9
-2,89.0668,2.8519,0.11694,6.4772,10.1425,0.867111,20.5563,0.00381888,0,7.41232,40.6093,0.0293543,4.9
2,89.0668,2.8519,0.11694,6.4772,10.1425,0.867111,20.5563,0.00381888,0,7.41232,40.6093,0.0293543,4.9
-1,89.0668,2.8519,0.11694,6.4772,10.1425,0.867111,20.5563,0.00381888,0,7.41232,40.6093,0.0293543,3.43
-2,88.2665,2.63662,0.107144,6.47846,9.51497,0.987521,20.4953,0.0031141,0,7.41396,40.5964,0.0330049,3.43
3,88.2665,2.63662,0.107144,6.47846,9.51497,0.987521,20.4953,0.0031141,0,7.41396,40.5964,0.0330049,3.43
0,94.2174,3.02816,0.141455,6.71867,15.2426,0.868967,20.1487,0.0107132,0,7.49585,40.5335,0.0287396,3.43
-1,94.2174,3.02816,0.141455,6.71867,15.2426,0.868967,20.1487,0.0107132,0,7.49585,40.5335,0.0287396,7
-2,92.131,2.78923,0.120853,7.07284,11.9382,0.958334,20.9014,0.0100672,0,7.63114,40.678,0.0308293,7
1,92.131,2.78923,0.120853,7.07284,11.9382,0.958334,20.9014,0.0100672,0,7.63114,40.678,0.0308293,7
-1,92.131,2.78923,0.120853,7.07284,11.9382,0.958334,20.9014,0.0100672,0,7.63114,40.678,0.0308293,4.9
-2,91.1794,2.83819,0.112268,7.21135,10.3411,1.06515,21.1564,0.00870458,0,7.68615,40.7261,0.0339712,4.9
2,91.1794,2.83819,0.112268,7.21135,10.3411,1.06515,21.1564,0.00870458,0,7.68615,40.7261,0.0339712,4.9
0,97.9069,3.02147,0.144866,7.33382,17.6077,0.963622,20.4589,0.027554,0,7.72315,40.5957,0.0301148,4.9
-1,97.9069,3.02147,0.144866,7.33382,17.6077,0.963622,20.4589,0.027554,0,7.72315,40.5957,0.0301148,7
-2,95.1142,2.93874,0.119564,7.83449,12.9526,1.0574,21.4468,0.0264607,0,7.92025,40.7857,0.0321741,7
1,95.1142,2.93874,0.119564,7.83449,12.9526,1.0574,21.4468,0.0264607,0,7.92025,40.7857,0.0321741,7
-1,95.1142,2.93874,0.119564,7.83449,12.9526,1.0574,21.4468,0.0264607,0,7.92025,40.7857,0.0321741,4.9
-2,93.6903,2.85134,0.109145,8.06146,10.6991,1.16865,21.8635,0.0233022,0,8.01328,40.8651,0.035449,4.9
2,93.6903,2.85134,0.109145,8.06146,10.6991,1.16865,21.8635,0.0233022,0,8.01328,40.8651,0.035449,4.9
0,101.402,3.01194,0.137178,8.12366,19.2403,1.06622,20.9947,0.0706139,0,8.02476,40.7016,0.0314876,4.9
-1,101.402,3.01194,0.137178,8.12366,19.2403,1.06622,20.9947,0.0706139,0,8.02476,40.7016,0.0314876,7
-2,97.4949,2.83955,0.112277,8.77241,13.102,1.158,22.1858,0.0697737,0,8.29007,40.9313,0.0336489,7
1,97.4949,2.83955,0.112277,8.77241,13.102,1.158,22.1858,0.0697737,0,8.29007,40.9313,0.0336489,7
-1,97.4949,2.83955,0.112277,8.77241,13.102,1.158,22.1858,0.0697737,0,8.29007,40.9313,0.0336489,4.9
-2,96.3478,2.73485,0.0990771,9.04076,11.0354,1.27009,22.6446,0.0617765,0,8.40543,41.019,0.0368712,4.9
2,96.3478,2.73485,0.0990771,9.04076,11.0354,1.27009,22.6446,0.0617765,0,8.40543,41.019,0.0368712,4.9
-1,96.3478,2.73485,0.0990771,9.04076,11.0354,1.27009,22.6446,0.0617765,0,8.40543,41.019,0.0368712,3.43
-2,95.5623,2.65838,0.0926561,9.13016,9.94244,1.40039,22.7582,0.0529088,0,8.44656,41.0395,0.0410126,3.43
3,95.5623,2.65838,0.0926561,9.13016,9.94244,1.40039,22.7582,0.0529088,0,8.44656,41.0395,0.0410126,3.43
0,101.249,2.80182,0.112431,9.39169,15.7799,1.28287,22.2079,0.161017,0,8.53774,40.9377,0.036075,3.43
-1,101.249,2.80182,0.112431,9.39169,15.7799,1.28287,22.2079,0.161017,0,8.53774,40.9377,0.036075,7
-2,99.0092,2.66312,0.0941888,9.91511,11.7987,1.37161,23.0983,0.154769,0,8.76525,41.1097,0.0383848,7
1,99.0092,2.66312,0.0941888,9.91511,11.7987,1.37161,23.0983,0.154769,0,8.76525,41.1097,0.0383848,7
-1,99.0092,2.66312,0.0941888,9.91511,11.7987,1.37161,23.0983,0.154769,0,8.76525,41.1097,0.0383848,4.9
-2,98.0744,2.52531,0.0843669,10.1445,10.1606,1.47697,23.4538,0.139936,0,8.86986,41.1776,0.0414764,4.9
2,98.0744,2.52531,0.0843669,10.1445,10.1606,1.47697,23.4538,0.139936,0,8.86986,41.1776,0.0414764,4.9
0,104.133,2.76021,0.104654,10.2912,16.522,1.38719,22.6953,0.389755,0,8.91077,41.0349,0.0374776,4.9
-1,104.133,2.76021,0.104654,10.2912,16.522,1.38719,22.6953,0.389755,0,8.91077,41.0349,0.0374776,7
-2,101.453,2.57524,0.0850471,10.9338,11.8264,1.47236,23.7105,0.377939,0,9.20087,41.2315,0.0395077,7
1,101.453,2.57524,0.0850471,10.9338,11.8264,1.47236,23.7105,0.377939,0,9.20087,41.2315,0.0395077,7
-1,101.453,2.57524,0.0850471,10.9338,11.8264,1.47236,23.7105,0.377939,0,9.20087,41.2315,0.0395077,4.9
-2,100.77,2.58852,0.0756161,11.2414,10.0827,1.57037,24.157,0.348495,0,9.34693,41.317,0.0422961,4.9
2,100.77,2.58852,0.0756161,11.2414,10.0827,1.57037,24.157,0.348495,0,9.34693,41.317,0.0422961,4.9
0,106.605,2.68912,0.0917972,11.3417,16.1457,1.49045,23.3619,0.915956,0,9.36343,41.1669,0.0383961,4.9
-1,106.605,2.68912,0.0917972,11.3417,16.1457,1.49045,23.3619,0.915956,0,9.36343,41.1669,0.0383961,7
-2,104.201,2.68941,0.0747179,12.0369,11.472,1.5725,24.3789,0.880725,0,9.6914,41.3641,0.0402203,7
1,104.201,2.68941,0.0747179,12.0369,11.472,1.5725,24.3789,0.880725,0,9.6914,41.3641,0.0402203,7
-1,104.201,2.68941,0.0747179,12.0369,11.472,1.5725,24.3789,0.880725,0,9.6914,41.3641,0.0402203,4.9
-2,103.363,2.5399,0.0645905,12.4104,9.5932,1.66128,24.8848,0.827782,0,9.87649,41.4611,0.0431322,4.9
2,103.363,2.5399,0.0645905,12.4104,9.5932,1.66128,24.8848,0.827782,0,9.87649,41.4611,0.0431322,4.9
0,109.471,2.81127,0.0778955,12.4791,15.1415,1.59285,24.0986,2.04577,0,9.8731,41.3122,0.0388543,4.9
-1,109.471,2.81127,0.0778955,12.4791,15.1415,1.59285,24.0986,2.04577,0,9.8731,41.3122,0.0388543,7
-2,106.791,2.54643,0.0597679,13.1887,10.5604,1.67633,25.0663,1.9287,0,10.2237,41.4999,0.0407872,7
1,106.791,2.54643,0.0597679,13.1887,10.5604,1.67633,25.0663,1.9287,0,10.2237,41.4999,0.0407872,7
-1,106.791,2.54643,0.0597679,13.1887,10.5604,1.67633,25.0663,1.9287,0,10.2237,41.4999,0.0407872,4.9
-2,105.941,2.55474,0.0545642,13.5502,8.66841,1.76978,25.5185,1.78191,0,10.4123,41.5864,0.0437629,4.9
2,105.941,2.55474,0.0545642,13.5502,8.66841,1.76978,25.5185,1.78191,0,10.4123,41.5864,0.0437629,4.9
0,112.594,2.6725,0.0603698,13.6654,13.4313,1.69858,24.8597,4.2794,0,10.4255,41.4618,0.0391548,4.9
-1,112.594,2.6725,0.0603698,13.6654,13.4313,1.69858,24.8597,4.2794,0,10.4255,41.4618,0.0391548,7
-2,110.164,2.66585,0.0512848,14.3053,9.41028,1.8019,25.679,3.83096,0,10.7581,41.6205,0.0410593,7
1,110.164,2.66585,0.0512848,14.3053,9.41028,1.8019,25.679,3.83096,0,10.7581,41.6205,0.0410593,7
-1,110.164,2.66585,0.0512848,14.3053,9.41028,1.8019,25.679,3.83096,0,10.7581,41.6205,0.0410593,4.9
-2,108.856,2.47235,0.0451692,14.6357,7.60525,1.90636,26.0556,3.45888,0,10.9407,41.692,0.0444486,4.9
2,108.856,2.47235,0.0451692,14.6357,7.60525,1.90636,26.0556,3.45888,0,10.9407,41.692,0.0444486,4.9
0,117.012,2.69645,0.0510177,14.813,11.3491,1.82605,25.5443,8.1183,0,10.9789,41.5957,0.0393113,4.9
-1,117.012,2.69645,0.0510177,14.813,11.3491,1.82605,25.5443,8.1183,0,10.9789,41.5957,0.0393113,7
-2,113.877,2.52599,0.0410732,15.3582,7.87844,1.96099,26.2047,6.86399,0,11.2789,41.723,0.0412611,7
1,113.877,2.52599,0.0410732,15.3582,7.87844,1.96099,26.2047,6.86399,0,11.2789,41.723,0.0412611,7
-1,113.877,2.52599,0.0410732,15.3582,7.87844,1.96099,26.2047,6.86399,0,11.2789,41.723,0.0412611,4.9
-2,112.231,2.45754,0.0383963,15.5821,6.5286,2.10619,26.4386,5.85428,0,11.4143,41.7665,0.0450165,4.9
2,112.231,2.45754,0.0383963,15.5821,6.5286,2.10619,26.4386,5.85428,0,11.4143,41.7665,0.0450165,4.9
0,122.862,2.56297,0.0413971,15.8938,9.05768,1.98698,26.132,13.9206,0,11.5173,41.7097,0.039516,4.9
-1,122.862,2.56297,0.0413971,15.8938,9.05768,1.98698,26.132,13.9206,0,11.5173,41.7097,0.039516,7
-2,118.81,2.60206,0.0364127,16.3068,6.41465,2.17283,26.623,11.0485,0,11.7608,41.8038,0.0414326,7
1,118.81,2.60206,0.0364127,16.3068,6.41465,2.17283,26.623,11.0485,0,11.7608,41.8038,0.0414326,7
-1,118.81,2.60206,0.0364127,16.3068,6.41465,2.17283,26.623,11.0485,0,11.7608,41.8038,0.0414326,4.9
-2,116.296,2.68201,0.0333431,16.4402,5.31289,2.36505,26.7351,9.00346,0,11.8553,41.823,0.0458814,4.9
2,116.296,2.68201,0.0333431,16.4402,5.31289,2.36505,26.7351,9.00346,0,11.8553,41.823,0.0458814,4.9
0,130.802,2.66981,0.0389265,16.866,7.03141,2.20028,26.5953,21.5467,0,12.0146,41.7987,0.0398577,4.9
-1,130.802,2.66981,0.0389265,16.866,7.03141,2.20028,26.5953,21.5467,0,12.0146,41.7987,0.0398577,7
-2,124.466,2.53166,0.0321699,17.1782,4.85911,2.44113,26.9568,16.3425,0,12.2153,41.8671,0.0418191,7
1,124.466,2.53166,0.0321699,17.1782,4.85911,2.44113,26.9568,16.3425,0,12.2153,41.8671,0.0418191,7
0,150.493,2.7492,0.045047,17.4155,7.44672,2.22873,26.5905,39.9179,0,12.2641,41.7978,0.0377251,7
-1,150.493,2.7492,0.045047,17.4155,7.44672,2.22873,26.5905,39.9179,0,12.2641,41.7978,0.0377251,7
-2,137.128,2.50824,0.0350367,17.8951,4.37397,2.54015,27.1379,28.1285,0,12.5688,41.9023,0.0382728,7
1,137.128,2.50824,0.0350367,17.8951,4.37397,2.54015,27.1379,28.1285,0,12.5688,41.9023,0.0382728,7
0,181.854,2.84139,0.0565654,17.9585,7.60403,2.25785,26.5927,70.1988,0,12.5106,41.7982,0.0356421,7
-1,181.854,2.84139,0.0565654,17.9585,7.60403,2.25785,26.5927,70.1988,0,12.5106,41.7982,0.0356421,7
-2,156.969,2.67917,0.0435482,18.5946,3.97598,2.6363,27.2913,46.8673,0,12.9136,41.9321,0.0350106,7
1,156.969,2.67917,0.0435482,18.5946,3.97598,2.6363,27.2913,46.8673,0,12.9136,41.9321,0.0350106,7
-1,156.969,2.67917,0.0435482,18.5946,3.97598,2.6363,27.2913,46.8673,0,12.9136,41.9321,0.0350106,4.9
-2,142.352,2.77183,0.0372854,18.6899,3.01913,3.05883,27.3529,32.4233,0,13.0199,41.9397,0.0388306,4.9
2,142.352,2.77183,0.0372854,18.6899,3.01913,3.05883,27.3529,32.4233,0,13.0199,41.9397,0.0388306,4.9
-1,142.352,2.77183,0.0372854,18.6899,3.01913,3.05883,27.3529,32.4233,0,13.0199,41.9397,0.0388306,3.43
-2,132.701,2.66958,0.0329579,18.5165,2.6917,3.48991,27.0824,23.3245,0,12.965,41.882,0.0467104,3.43
3,132.701,2.66958,0.0329579,18.5165,2.6917,3.48991,27.0824,23.3245,0,12.965,41.882,0.0467104,3.43
0,168.006,2.78911,0.0494628,19.3096,2.97109,3.0827,27.3419,57.1748,0,13.311,41.9377,0.0386481,3.43
-1,168.006,2.78911,0.0494628,19.3096,2.97109,3.0827,27.3419,57.1748,0,13.311,41.9377,0.0386481,7
-2,150.025,2.80543,0.0423791,19.2741,2.44291,3.56288,27.3368,39.2427,0,13.3445,41.9334,0.0401285,7
1,150.025,2.80543,0.0423791,19.2741,2.44291,3.56288,27.3368,39.2427,0,13.3445,41.9334,0.0401285,7
-1,150.025,2.80543,0.0423791,19.2741,2.44291,3.56288,27.3368,39.2427,0,13.3445,41.9334,0.0401285,4.9
-2,138.125,2.72042,0.0330288,19.0229,2.16494,4.04847,27.0115,27.9618,0,13.2495,41.8655,0.0466276,4.9
2,138.125,2.72042,0.0330288,19.0229,2.16494,4.04847,27.0115,27.9618,0,13.2495,41.8655,0.0466276,4.9
-1,138.125,2.72042,0.0330288,19.0229,2.16494,4.04847,27.0115,27.9618,0,13.2495,41.8655,0.0466276,3.43
-2,129.981,2.69495,0.0303293,18.5923,2.31416,4.53279,26.4692,20.4969,0,13.0374,41.7556,0.0569103,3.43
3,129.981,2.69495,0.0303293,18.5923,2.31416,4.53279,26.4692,20.4969,0,13.0374,41.7556,0.0569103,3.43
-1,129.981,2.69495,0.0303293,18.5923,2.31416,4.53279,26.4692,20.4969,0,13.0374,41.7556,0.0569103,2.401
-2,124.332,2.67703,0.0291516,18.1425,2.56415,4.98724,25.874,15.5475,0,12.8064,41.6357,0.0686574,2.401
4,124.332,2.67703,0.0291516,18.1425,2.56415,4.98724,25.874,15.5475,0,12.8064,41.6357,0.0686574,2.401
0,148.014,2.69421,0.03823,19.2406,2.27454,4.54065,26.4284,37.6472,0,13.3448,41.7481,0.0568858,2.401
-1,148.014,2.69421,0.03823,19.2406,2.27454,4.54065,26.4284,37.6472,0,13.3448,41.7481,0.0568858,7
-2,137.017,2.70874,0.0327219,18.932,2.18404,5.05579,26.1256,27.0244,0,13.2078,41.6865,0.0597666,7
1,137.017,2.70874,0.0327219,18.932,2.18404,5.05579,26.1256,27.0244,0,13.2078,41.6865,0.0597666,7
-1,137.017,2.70874,0.0327219,18.932,2.18404,5.05579,26.1256,27.0244,0,13.2078,41.6865,0.0597666,4.9
-2,129.6,2.78783,0.0300813,18.5056,2.44029,5.55906,25.6257,20.001,0,12.9973,41.586,0.0675687,4.9
2,129.6,2.78783,0.0300813,18.5056,2.44029,5.55906,25.6257,20.001,0,12.9973,41.586,0.0675687,4.9
-1,129.6,2.78783,0.0300813,18.5056,2.44029,5.55906,25.6257,20.001,0,12.9973,41.586,0.0675687,3.43
-2,123.951,2.60942,0.0278891,18.0585,2.59052,6.03316,25.0886,15.2172,0,12.7681,41.4788,0.0786921,3.43
3,123.951,2.60942,0.0278891,18.0585,2.59052,6.03316,25.0886,15.2172,0,12.7681,41.4788,0.0786921,3.43
-1,123.951,2.60942,0.0278891,18.0585,2.59052,6.03316,25.0886,15.2172,0,12.7681,41.4788,0.0786921,2.401
-2,120.4,2.82072,0.0306056,17.6046,3.07628,6.47871,24.5153,11.8883,0,12.5289,41.365,0.0913784,2.401
4,120.4,2.82072,0.0306056,17.6046,3.07628,6.47871,24.5153,11.8883,0,12.5289,41.365,0.0913784,2.401
0,138.588,2.65306,0.0333867,18.7027,2.66505,6.02232,25.0159,28.8806,0,13.071,41.4655,0.0785593,2.401
-1,138.588,2.65306,0.0333867,18.7027,2.66505,6.02232,25.0159,28.8806,0,13.071,41.4655,0.0785593,7
-2,130.713,2.67306,0.0292166,18.4173,2.58854,6.54414,24.7323,21.2962,0,12.9417,41.4086,0.0821602,7
1,130.713,2.67306,0.0292166,18.4173,2.58854,6.54414,24.7323,21.2962,0,12.9417,41.4086,0.0821602,7
-1,130.713,2.67306,0.0292166,18.4173,2.58854,6.54414,24.7323,21.2962,0,12.9417,41.4086,0.0821602,4.9
-2,125.235,2.75713,0.0296865,18.0147,2.85177,7.04962,24.2874,16.0947,0,12.7402,41.3202,0.089622,4.9
2,125.235,2.75713,0.0296865,18.0147,2.85177,7.04962,24.2874,16.0947,0,12.7402,41.3202,0.089622,4.9
-1,125.235,2.75713,0.0296865,18.0147,2.85177,7.04962,24.2874,16.0947,0,12.7402,41.3202,0.089622,3.43
-2,121.328,2.94556,0.0299005,17.6231,3.00417,7.51564,23.8273,12.5125,0,12.54,41.2291,0.100783,3.43
3,121.328,2.94556,0.0299005,17.6231,3.00417,7.51564,23.8273,12.5125,0,12.54,41.2291,0.100783,3.43
-1,121.328,2.94556,0.0299005,17.6231,3.00417,7.51564,23.8273,12.5125,0,12.54,41.2291,0.100783,2.401
-2,118.112,2.61436,0.0301942,17.2379,3.32052,7.93987,23.3448,10.0387,0,12.3386,41.1338,0.113611,2.401
4,118.112,2.61436,0.0301942,17.2379,3.32052,7.93987,23.3448,10.0387,0,12.3386,41.1338,0.113611,2.401
0,134.1,2.92984,0.0328955,18.2628,3.21679,7.48426,23.7223,24.3031,0,12.8379,41.2098,0.100451,2.401
-1,134.1,2.92984,0.0328955,18.2628,3.21679,7.48426,23.7223,24.3031,0,12.8379,41.2098,0.100451,7
-2,127.616,2.7617,0.0308052,18.0329,3.02599,8.00833,23.4987,18.2504,0,12.7382,41.1651,0.104021,7
1,127.616,2.7617,0.0308052,18.0329,3.02599,8.00833,23.4987,18.2504,0,12.7382,41.1651,0.104021,7
-1,127.616,2.7617,0.0308052,18.0329,3.02599,8.00833,23.4987,18.2504,0,12.7382,41.1651,0.104021,4.9
-2,123.074,2.73874,0.0300528,17.6929,3.16832,8.50942,23.1327,14.0258,0,12.5717,41.0927,0.11123,4.9
2,123.074,2.73874,0.0300528,17.6929,3.16832,8.50942,23.1327,14.0258,0,12.5717,41.0927,0.11123,4.9
-1,123.074,2.73874,0.0300528,17.6929,3.16832,8.50942,23.1327,14.0258,0,12.5717,41.0927,0.11123,3.43
-2,119.677,2.72974,0.0313026,17.3369,3.26708,8.97102,22.7264,11.0897,0,12.3908,41.0127,0.121386,3.43
3,119.677,2.72974,0.0313026,17.3369,3.26708,8.97102,22.7264,11.0897,0,12.3908,41.0127,0.121386,3.43
0,137.306,2.79867,0.034192,18.3409,3.44505,8.45941,22.9965,27.181,0,12.8717,41.0677,0.110502,3.43
-1,137.306,2.79867,0.034192,18.3409,3.44505,8.45941,22.9965,27.181,0,12.8717,41.0677,0.110502,7
-2,130.081,2.81,0.0329625,18.1651,3.1151,9.04157,22.8429,20.1165,0,12.8071,41.0367,0.113284,7
1,130.081,2.81,0.0329625,18.1651,3.1151,9.04157,22.8429,20.1165,0,12.8071,41.0367,0.113284,7
-1,130.081,2.81,0.0329625,18.1651,3.1151,9.04157,22.8429,20.1165,0,12.8071,41.0367,0.113284,4.9
-2,125.035,2.93001,0.0320954,17.8423,3.11158,9.59122,22.5168,15.2654,0,12.6542,40.9721,0.119784,4.9
2,125.035,2.93001,0.0320954,17.8423,3.11158,9.59122,22.5168,15.2654,0,12.6542,40.9721,0.119784,4.9
-1,125.035,2.93001,0.0320954,17.8423,3.11158,9.59122,22.5168,15.2654,0,12.6542,40.9721,0.119784,3.43
-2,121.301,2.74767,0.0344493,17.4827,3.36867,10.0937,22.1175,11.9606,0,12.4725,40.8935,0.129388,3.43
3,121.301,2.74767,0.0344493,17.4827,3.36867,10.0937,22.1175,11.9606,0,12.4725,40.8935,0.129388,3.43
0,140.279,2.96362,0.0365366,18.5065,3.36308,9.51593,22.3496,29.5227,0,12.9608,40.9413,0.118914,3.43
-1,140.279,2.96362,0.0365366,18.5065,3.36308,9.51593,22.3496,29.5227,0,12.9608,40.9413,0.118914,7
-2,131.667,2.44311,0.0313591,18.3217,2.96176,10.1537,22.1972,21.6323,0,12.894,40.9106,0.121356,7
1,131.667,2.44311,0.0313591,18.3217,2.96176,10.1537,22.1972,21.6323,0,12.894,40.9106,0.121356,7
-1,131.667,2.44311,0.0313591,18.3217,2.96176,10.1537,22.1972,21.6323,0,12.894,40.9106,0.121356,4.9
-2,126.591,3.02496,0.0342579,17.9346,3.12383,10.7715,21.8162,16.2162,0,12.7074,40.8354,0.127059,4.9
2,126.591,3.02496,0.0342579,17.9346,3.12383,10.7715,21.8162,16.2162,0,12.7074,40.8354,0.127059,4.9
-1,126.591,3.02496,0.0342579,17.9346,3.12383,10.7715,21.8162,16.2162,0,12.7074,40.8354,0.127059,3.43
-2,122.424,2.77114,0.0324551,17.5845,3.22706,11.3045,21.4482,12.6247,0,12.5318,40.7632,0.136274,3.43
3,122.424,2.77114,0.0324551,17.5845,3.22706,11.3045,21.4482,12.6247,0,12.5318,40.7632,0.136274,3.43
-1,122.424,2.77114,0.0324551,17.5845,3.22706,11.3045,21.4482,12.6247,0,12.5318,40.7632,0.136274,2.401
-2,119.576,2.8269,0.0340949,17.1878,3.52189,11.8059,21.0196,10.0284,0,12.325,40.6795,0.146731,2.401
4,119.576,2.8269,0.0340949,17.1878,3.52189,11.8059,21.0196,10.0284,0,12.325,40.6795,0.146731,2.401
0,135.572,2.71417,0.0350353,18.2594,3.56155,11.1914,21.2491,24.8571,0,12.8416,40.7265,0.135819,2.401
-1,135.572,2.71417,0.0350353,18.2594,3.56155,11.1914,21.2491,24.8571,0,12.8416,40.7265,0.135819,7
-2,128.914,2.568,0.0327574,18.0196,3.34872,11.8349,21.0614,18.4804,0,12.7403,40.6893,0.138482,7
1,128.914,2.568,0.0327574,18.0196,3.34872,11.8349,21.0614,18.4804,0,12.7403,40.6893,0.138482,7
-1,128.914,2.568,0.0327574,18.0196,3.34872,11.8349,21.0614,18.4804,0,12.7403,40.6893,0.138482,4.9
-2,124.534,2.83614,0.0340688,17.6787,3.32036,12.4318,20.7393,14.1469,0,12.5761,40.6262,0.14449,4.9
2,124.534,2.83614,0.0340688,17.6787,3.32036,12.4318,20.7393,14.1469,0,12.5761,40.6262,0.14449,4.9
-1,124.534,2.83614,0.0340688,17.6787,3.32036,12.4318,20.7393,14.1469,0,12.5761,40.6262,0.14449,3.43
-2,120.96,2.58625,0.0341228,17.3208,3.41549,12.9573,20.381,11.1616,0,12.3943,40.5564,0.152717,3.43
3,120.96,2.58625,0.0341228,17.3208,3.41549,12.9573,20.381,11.1616,0,12.3943,40.5564,0.152717,3.43
0,139.077,2.84648,0.0368635,18.3652,3.65085,12.2882,20.5173,27.754,0,12.8893,40.5852,0.143774,3.43
-1,139.077,2.84648,0.0368635,18.3652,3.65085,12.2882,20.5173,27.754,0,12.8893,40.5852,0.143774,7
-2,131.476,2.76744,0.0333137,18.1591,3.27646,12.9862,20.3789,20.3604,0,12.8108,40.5578,0.145532,7
1,131.476,2.76744,0.0333137,18.1591,3.27646,12.9862,20.3789,20.3604,0,12.8108,40.5578,0.145532,7
-1,131.476,2.76744,0.0333137,18.1591,3.27646,12.9862,20.3789,20.3604,0,12.8108,40.5578,0.145532,4.9
-2,126.414,2.90935,0.0332785,17.8089,3.29022,13.6406,20.0633,15.3778,0,12.6435,40.496,0.150752,4.9
2,126.414,2.90935,0.0332785,17.8089,3.29022,13.6406,20.0633,15.3778,0,12.6435,40.496,0.150752,4.9
-1,126.414,2.90935,0.0332785,17.8089,3.29022,13.6406,20.0633,15.3778,0,12.6435,40.496,0.150752,3.43
-2,122.612,2.7069,0.0336423,17.4361,3.45745,14.216,19.6966,12.026,0,12.4558,40.4246,0.158595,3.43
3,122.612,2.7069,0.0336423,17.4361,3.45745,14.216,19.6966,12.026,0,12.4558,40.4246,0.158595,3.43
0,141.979,2.89794,0.0362816,18.5112,3.59986,13.4594,19.8249,30.0851,0,12.9627,40.452,0.149972,3.43
-1,141.979,2.89794,0.0362816,18.5112,3.59986,13.4594,19.8249,30.0851,0,12.9627,40.452,0.149972,7
-2,133.403,2.68127,0.0327231,18.2804,3.19487,14.2241,19.6718,21.8713,0,12.8738,40.4216,0.151354,7
1,133.403,2.68127,0.0327231,18.2804,3.19487,14.2241,19.6718,21.8713,0,12.8738,40.4216,0.151354,7
-1,133.403,2.68127,0.0327231,18.2804,3.19487,14.2241,19.6718,21.8713,0,12.8738,40.4216,0.151354,4.9
-2,128.049,3.0818,0.0338087,17.8977,3.21548,14.9364,19.3464,16.3327,0,12.6908,40.3582,0.156049,4.9
2,128.049,3.0818,0.0338087,17.8977,3.21548,14.9364,19.3464,16.3327,0,12.6908,40.3582,0.156049,4.9
-1,128.049,3.0818,0.0338087,17.8977,3.21548,14.9364,19.3464,16.3327,0,12.6908,40.3582,0.156049,3.43
-2,123.961,2.78968,0.0348394,17.5133,3.47579,15.5504,18.984,12.6649,0,12.497,40.2878,0.163461,3.43
3,123.961,2.78968,0.0348394,17.5133,3.47579,15.5504,18.984,12.6649,0,12.497,40.2878,0.163461,3.43
0,144.395,3.04085,0.0369498,18.6153,3.50755,14.7103,19.0952,31.906,0,13.0158,40.3118,0.155335,3.43
-1,144.395,3.04085,0.0369498,18.6153,3.50755,14.7103,19.0952,31.906,0,13.0158,40.3118,0.155335,7
-2,135.158,2.75346,0.0337003,18.365,3.16831,15.5288,18.9438,23.0087,0,12.9178,40.2819,0.156667,7
1,135.158,2.75346,0.0337003,18.365,3.16831,15.5288,18.9438,23.0087,0,12.9178,40.2819,0.156667,7
-1,135.158,2.75346,0.0337003,18.365,3.16831,15.5288,18.9438,23.0087,0,12.9178,40.2819,0.156667,4.9
-2,129.417,3.07084,0.0349395,17.9693,3.24972,16.2834,18.626,17.0724,0,12.7288,40.2201,0.161247,4.9
2,129.417,3.07084,0.0349395,17.9693,3.24972,16.2834,18.626,17.0724,0,12.7288,40.2201,0.161247,4.9
-1,129.417,3.07084,0.0349395,17.9693,3.24972,16.2834,18.626,17.0724,0,12.7288,40.2201,0.161247,3.43
-2,125.072,2.79644,0.0353591,17.5754,3.44082,16.9276,18.2726,13.1731,0,12.5311,40.1516,0.168374,3.43
3,125.072,2.79644,0.0353591,17.5754,3.44082,16.9276,18.2726,13.1731,0,12.5311,40.1516,0.168374,3.43
0,146.364,2.98929,0.0381612,18.7013,3.53436,16.0073,18.3689,33.3318,0,13.0591,40.1726,0.160763,3.43
-1,146.364,2.98929,0.0381612,18.7013,3.53436,16.0073,18.3689,33.3318,0,13.0591,40.1726,0.160763,7
-2,136.722,2.8318,0.0345961,18.4343,3.15085,16.8723,18.2255,23.9118,0,12.9546,40.1444,0.162066,7
1,136.722,2.8318,0.0345961,18.4343,3.15085,16.8723,18.2255,23.9118,0,12.9546,40.1444,0.162066,7
-1,136.722,2.8318,0.0345961,18.4343,3.15085,16.8723,18.2255,23.9118,0,12.9546,40.1444,0.162066,4.9
-2,130.3,2.76934,0.0317805,18.0168,3.24443,17.6679,17.9022,17.6651,0,12.7542,40.0817,0.16668,4.9
2,130.3,2.76934,0.0317805,18.0168,3.24443,17.6679,17.9022,17.6651,0,12.7542,40.0817,0.16668,4.9
-1,130.3,2.76934,0.0317805,18.0168,3.24443,17.6679,17.9022,17.6651,0,12.7542,40.0817,0.16668,3.43
-2,125.674,2.6483,0.0329935,17.5929,3.26898,18.3675,17.543,13.4952,0,12.5386,40.0124,0.173845,3.43
3,125.674,2.6483,0.0329935,17.5929,3.26898,18.3675,17.543,13.4952,0,12.5386,40.0124,0.173845,3.43
0,147.846,2.7607,0.0350357,18.7619,3.5294,17.3386,17.6423,34.4891,0,13.0893,40.0337,0.166242,3.43
-1,147.846,2.7607,0.0350357,18.7619,3.5294,17.3386,17.6423,34.4891,0,13.0893,40.0337,0.166242,7
-2,137.773,2.64627,0.0328588,18.4555,3.1939,18.2716,17.4908,24.5473,0,12.9624,40.0042,0.167877,7
1,137.773,2.64627,0.0328588,18.4555,3.1939,18.2716,17.4908,24.5473,0,12.9624,40.0042,0.167877,7
-1,137.773,2.64627,0.0328588,18.4555,3.1939,18.2716,17.4908,24.5473,0,12.9624,40.0042,0.167877,4.9
-2,131.379,2.90296,0.0332785,18.023,3.24922,19.115,17.1752,18.01,0,12.7543,39.9432,0.172742,4.9
2,131.379,2.90296,0.0332785,18.023,3.24922,19.115,17.1752,18.01,0,12.7543,39.9432,0.172742,4.9
-1,131.379,2.90296,0.0332785,18.023,3.24922,19.115,17.1752,18.01,0,12.7543,39.9432,0.172742,3.43
-2,126.598,2.66598,0.0342721,17.5983,3.30332,19.827,16.8237,13.7502,0,12.5396,39.8755,0.179787,3.43
3,126.598,2.66598,0.0342721,17.5983,3.30332,19.827,16.8237,13.7502,0,12.5396,39.8755,0.179787,3.43
0,149.223,2.85982,0.0364551,18.7772,3.5398,18.7256,16.9189,35.2048,0,13.0919,39.8959,0.172467,3.43
-1,149.223,2.85982,0.0364551,18.7772,3.5398,18.7256,16.9189,35.2048,0,13.0919,39.8959,0.172467,7
-2,138.869,2.64174,0.0341881,18.4639,3.24201,19.6884,16.7774,25.0149,0,12.9639,39.8684,0.174284,7
1,138.869,2.64174,0.0341881,18.4639,3.24201,19.6884,16.7774,25.0149,0,12.9639,39.8684,0.174284,7
-1,138.869,2.64174,0.0341881,18.4639,3.24201,19.6884,16.7774,25.0149,0,12.9639,39.8684,0.174284,4.9
-2,132.295,2.90234,0.0346146,18.0245,3.23408,20.5555,16.4695,18.333,0,12.7533,39.809,0.17915,4.9
2,132.295,2.90234,0.0346146,18.0245,3.23408,20.5555,16.4695,18.333,0,12.7533,39.809,0.17915,4.9
-1,132.295,2.90234,0.0346146,18.0245,3.23408,20.5555,16.4695,18.333,0,12.7533,39.809,0.17915,3.43
-2,127.465,2.66515,0.0339369,17.5828,3.39728,21.2906,16.1164,13.9236,0,12.5285,39.7412,0.185696,3.43
3,127.465,2.66515,0.0339369,17.5828,3.39728,21.2906,16.1164,13.9236,0,12.5285,39.7412,0.185696,3.43
-1,127.465,2.66515,0.0339369,17.5828,3.39728,21.2906,16.1164,13.9236,0,12.5285,39.7412,0.185696,2.401
-2,124.326,2.72807,0.0371222,17.16,3.68593,21.9347,15.7506,10.8589,0,12.3066,39.6713,0.193119,2.401
4,124.326,2.72807,0.0371222,17.16,3.68593,21.9347,15.7506,10.8589,0,12.3066,39.6713,0.193119,2.401
0,142.149,2.70914,0.035998,18.3371,3.88835,20.8272,15.8572,27.7519,0,12.8636,39.6933,0.185613,2.401
-1,142.149,2.70914,0.035998,18.3371,3.88835,20.8272,15.8572,27.7519,0,12.8636,39.6933,0.185613,7
-2,134.879,2.92656,0.0346006,18.0282,3.64556,21.7302,15.7166,20.212,0,12.7313,39.6664,0.187951,7
1,134.879,2.92656,0.0346006,18.0282,3.64556,21.7302,15.7166,20.212,0,12.7313,39.6664,0.187951,7
-1,134.879,2.92656,0.0346006,18.0282,3.64556,21.7302,15.7166,20.212,0,12.7313,39.6664,0.187951,4.9
-2,129.739,2.99918,0.0362155,17.6461,3.4655,22.5194,15.4538,15.2625,0,12.5466,39.616,0.193197,4.9
2,129.739,2.99918,0.0362155,17.6461,3.4655,22.5194,15.4538,15.2625,0,12.5466,39.616,0.193197,4.9
-1,129.739,2.99918,0.0362155,17.6461,3.4655,22.5194,15.4538,15.2625,0,12.5466,39.616,0.193197,3.43
-2,126.446,3.25875,0.0381418,17.241,3.66654,23.2011,15.1241,11.8244,0,12.3387,39.553,0.200062,3.43
3,126.446,3.25875,0.0381418,17.241,3.66654,23.2011,15.1241,11.8244,0,12.3387,39.553,0.200062,3.43
-1,126.446,3.25875,0.0381418,17.241,3.66654,23.2011,15.1241,11.8244,0,12.3387,39.553,0.200062,2.401
-2,123.901,3.21277,0.0394033,16.9065,3.82165,23.7612,14.8214,9.47438,0,12.1609,39.4953,0.207607,2.401
4,123.901,3.21277,0.0394033,16.9065,3.82165,23.7612,14.8214,9.47438,0,12.1609,39.4953,0.207607,2.401
0,139.482,3.30447,0.0394572,17.99,4.36338,22.6778,14.8686,23.8639,0,12.6683,39.5058,0.199917,2.401
-1,139.482,3.30447,0.0394572,17.99,4.36338,22.6778,14.8686,23.8639,0,12.6683,39.5058,0.199917,7
-2,132.691,2.72021,0.033833,17.766,3.82062,23.5157,14.7879,17.7747,0,12.5789,39.4903,0.202394,7
1,132.691,2.72021,0.033833,17.766,3.82062,23.5157,14.7879,17.7747,0,12.5789,39.4903,0.202394,7
-1,132.691,2.72021,0.033833,17.766,3.82062,23.5157,14.7879,17.7747,0,12.5789,39.4903,0.202394,4.9
-2,128.541,2.88676,0.0381126,17.368,3.88779,24.3021,14.518,13.5097,0,12.3844,39.4388,0.207267,4.9
2,128.541,2.88676,0.0381126,17.368,3.88779,24.3021,14.518,13.5097,0,12.3844,39.4388,0.207267,4.9
-1,128.541,2.88676,0.0381126,17.368,3.88779,24.3021,14.518,13.5097,0,12.3844,39.4388,0.207267,3.43
-2,125.681,3.06529,0.0376925,17.0188,3.91457,24.9358,14.2477,10.6522,0,12.2084,39.3873,0.213507,3.43
3,125.681,3.06529,0.0376925,17.0188,3.91457,24.9358,14.2477,10.6522,0,12.2084,39.3873,0.213507,3.43
0,143.025,2.85867,0.0395435,18.1206,4.58053,23.731,14.275,27.1047,0,12.7141,39.394,0.207112,3.43
-1,143.025,2.85867,0.0395435,18.1206,4.58053,23.731,14.275,27.1047,0,12.7141,39.394,0.207112,7
-2,136.03,3.17281,0.0397551,17.8892,4.01889,24.6537,14.219,19.8156,0,12.6291,39.3831,0.209,7
1,136.03,3.17281,0.0397551,17.8892,4.01889,24.6537,14.219,19.8156,0,12.6291,39.3831,0.209,7
-1,136.03,3.17281,0.0397551,17.8892,4.01889,24.6537,14.219,19.8156,0,12.6291,39.3831,0.209,4.9
-2,130.536,2.56686,0.0357005,17.5594,3.87644,25.4425,14.0258,14.9945,0,12.4751,39.3462,0.213181,4.9
2,130.536,2.56686,0.0357005,17.5594,3.87644,25.4425,14.0258,14.9945,0,12.4751,39.3462,0.213181,4.9
-1,130.536,2.56686,0.0357005,17.5594,3.87644,25.4425,14.0258,14.9945,0,12.4751,39.3462,0.213181,3.43
-2,127.104,2.71521,0.0357408,17.1648,3.90505,26.1626,13.729,11.6076,0,12.2752,39.2897,0.219031,3.43
3,127.104,2.71521,0.0357408,17.1648,3.90505,26.1626,13.729,11.6076,0,12.2752,39.2897,0.219031,3.43
0,146.328,2.58926,0.0373971,18.3225,4.52165,24.8178,13.7956,29.9176,0,12.8093,39.3037,0.21304,3.43
-1,146.328,2.58926,0.0373971,18.3225,4.52165,24.8178,13.7956,29.9176,0,12.8093,39.3037,0.21304,7
-2,138.663,3.25566,0.0394775,18.0363,4.03788,25.8367,13.7164,21.5401,0,12.6965,39.2886,0.215077,7
1,138.663,3.25566,0.0394775,18.0363,4.03788,25.8367,13.7164,21.5401,0,12.6965,39.2886,0.215077,7
-1,138.663,3.25566,0.0394775,18.0363,4.03788,25.8367,13.7164,21.5401,0,12.6965,39.2886,0.215077,4.9
-2,132.449,2.52772,0.0348761,17.7092,3.78643,26.6744,13.541,16.1549,0,12.5453,39.2551,0.219654,4.9
2,132.449,2.52772,0.0348761,17.7092,3.78643,26.6744,13.541,16.1549,0,12.5453,39.2551,0.219654,4.9
-1,132.449,2.52772,0.0348761,17.7092,3.78643,26.6744,13.541,16.1549,0,12.5453,39.2551,0.219654,3.43
-2,128.659,2.71287,0.0353232,17.2834,3.84194,27.4459,13.2263,12.3643,0,12.3282,39.1953,0.22539,3.43
3,128.659,2.71287,0.0353232,17.2834,3.84194,27.4459,13.2263,12.3643,0,12.3282,39.1953,0.22539,3.43
0,149.124,2.48144,0.0366922,18.4813,4.38095,25.9883,13.3266,32.1097,0,12.8833,39.2156,0.219618,3.43
-1,149.124,2.48144,0.0366922,18.4813,4.38095,25.9883,13.3266,32.1097,0,12.8833,39.2156,0.219618,7
-2,140.545,2.98177,0.0385973,18.1529,4.00579,27.0714,13.2348,22.8904,0,12.749,39.1981,0.221881,7
1,140.545,2.98177,0.0385973,18.1529,4.00579,27.0714,13.2348,22.8904,0,12.749,39.1981,0.221881,7
-1,140.545,2.98177,0.0385973,18.1529,4.00579,27.0714,13.2348,22.8904,0,12.749,39.1981,0.221881,4.9
-2,134.179,2.61399,0.0353363,17.79,3.75431,27.9606,13.0479,17.0082,0,12.5798,39.1626,0.226479,4.9
2,134.179,2.61399,0.0353363,17.79,3.75431,27.9606,13.0479,17.0082,0,12.5798,39.1626,0.226479,4.9
-1,134.179,2.61399,0.0353363,17.79,3.75431,27.9606,13.0479,17.0082,0,12.5798,39.1626,0.226479,3.43
-2,129.969,2.60521,0.035353,17.356,3.85674,28.7606,12.7313,12.9312,0,12.3577,39.1024,0.232333,3.43
3,129.969,2.60521,0.035353,17.356,3.85674,28.7606,12.7313,12.9312,0,12.3577,39.1024,0.232333,3.43
0,151.605,2.62169,0.037283,18.5678,4.32383,27.2095,12.8489,33.7233,0,12.9201,39.1259,0.226476,3.43
-1,151.605,2.62169,0.037283,18.5678,4.32383,27.2095,12.8489,33.7233,0,12.9201,39.1259,0.226476,7
-2,142.413,3.04634,0.0391343,18.2198,4.00329,28.3362,12.7619,23.8922,0,12.7761,39.1094,0.22909,7
1,142.413,3.04634,0.0391343,18.2198,4.00329,28.3362,12.7619,23.8922,0,12.7761,39.1094,0.22909,7
-1,142.413,3.04634,0.0391343,18.2198,4.00329,28.3362,12.7619,23.8922,0,12.7761,39.1094,0.22909,4.9
-2,135.665,2.58683,0.0358765,17.8408,3.8098,29.2584,12.5737,17.6535,0,12.5987,39.0737,0.233769,4.9
2,135.665,2.58683,0.0358765,17.8408,3.8098,29.2584,12.5737,17.6535,0,12.5987,39.0737,0.233769,4.9
-1,135.665,2.58683,0.0358765,17.8408,3.8098,29.2584,12.5737,17.6535,0,12.5987,39.0737,0.233769,3.43
-2,131.436,2.7937,0.0365021,17.4024,3.86925,30.0791,12.2627,13.3637,0,12.3742,39.0147,0.239659,3.43
3,131.436,2.7937,0.0365021,17.4024,3.86925,30.0791,12.2627,13.3637,0,12.3742,39.0147,0.239659,3.43
0,153.653,2.62697,0.0379019,18.6226,4.37042,28.443,12.3918,34.9455,0,12.9404,39.0402,0.233767,3.43
-1,153.653,2.62697,0.0379019,18.6226,4.37042,28.443,12.3918,34.9455,0,12.9404,39.0402,0.233767,7
-2,144.06,3.19466,0.0387037,18.2605,3.93632,29.6052,12.3175,24.6545,0,12.7903,39.0262,0.236654,7
1,144.06,3.19466,0.0387037,18.2605,3.93632,29.6052,12.3175,24.6545,0,12.7903,39.0262,0.236654,7
-1,144.06,3.19466,0.0387037,18.2605,3.93632,29.6052,12.3175,24.6545,0,12.7903,39.0262,0.236654,4.9
-2,136.863,2.54593,0.0347965,17.8563,3.79712,30.568,12.1095,18.1247,0,12.5978,38.9868,0.241537,4.9
2,136.863,2.54593,0.0347965,17.8563,3.79712,30.568,12.1095,18.1247,0,12.5978,38.9868,0.241537,4.9
-1,136.863,2.54593,0.0347965,17.8563,3.79712,30.568,12.1095,18.1247,0,12.5978,38.9868,0.241537,3.43
-2,132.645,2.8653,0.0378249,17.401,3.94625,31.422,11.7869,13.6493,0,12.3635,38.9257,0.247475,3.43
3,132.645,2.8653,0.0378249,17.401,3.94625,31.422,11.7869,13.6493,0,12.3635,38.9257,0.247475,3.43
0,155.194,2.53821,0.0367274,18.6397,4.36782,29.6874,11.9447,35.8421,0,12.9399,38.9564,0.241503,3.43
-1,155.194,2.53821,0.0367274,18.6397,4.36782,29.6874,11.9447,35.8421,0,12.9399,38.9564,0.241503,7
-2,145.215,3.03113,0.037247,18.2528,3.98712,30.8942,11.8653,25.1843,0,12.7765,38.9416,0.244641,7
1,145.215,3.03113,0.037247,18.2528,3.98712,30.8942,11.8653,25.1843,0,12.7765,38.9416,0.244641,7
-1,145.215,3.03113,0.037247,18.2528,3.98712,30.8942,11.8653,25.1843,0,12.7765,38.9416,0.244641,4.9
-2,138.147,2.68873,0.0363895,17.8333,3.88009,31.8912,11.658,18.4308,0,12.5761,38.9024,0.249549,4.9
2,138.147,2.68873,0.0363895,17.8333,3.88009,31.8912,11.658,18.4308,0,12.5761,38.9024,0.249549,4.9
-1,138.147,2.68873,0.0363895,17.8333,3.88009,31.8912,11.658,18.4308,0,12.5761,38.9024,0.249549,3.43
-2,133.8,2.89445,0.0390416,17.3923,4.05878,32.7421,11.3516,13.8721,0,12.3501,38.8444,0.255303,3.43
3,133.8,2.89445,0.0390416,17.3923,4.05878,32.7421,11.3516,13.8721,0,12.3501,38.8444,0.255303,3.43
0,156.766,2.71925,0.0383014,18.6158,4.46762,30.9438,11.5085,36.431,0,12.9172,38.8749,0.249499,3.43
-1,156.766,2.71925,0.0383014,18.6158,4.46762,30.9438,11.5085,36.431,0,12.9172,38.8749,0.249499,7
-2,146.316,2.92932,0.0350983,18.2338,4.05528,32.164,11.4537,25.5687,0,12.7584,38.8647,0.252707,7
1,146.316,2.92932,0.0350983,18.2338,4.05528,32.164,11.4537,25.5687,0,12.7584,38.8647,0.252707,7
-1,146.316,2.92932,0.0350983,18.2338,4.05528,32.164,11.4537,25.5687,0,12.7584,38.8647,0.252707,4.9
-2,139.189,2.79587,0.0369272,17.7878,3.88034,33.2071,11.2261,18.6326,0,12.5428,38.8216,0.257952,4.9
2,139.189,2.79587,0.0369272,17.7878,3.88034,33.2071,11.2261,18.6326,0,12.5428,38.8216,0.257952,4.9
-1,139.189,2.79587,0.0369272,17.7878,3.88034,33.2071,11.2261,18.6326,0,12.5428,38.8216,0.257952,3.43
-2,134.724,2.90589,0.0390256,17.3513,4.09197,34.0632,10.9215,14.0045,0,12.319,38.764,0.263565,3.43
3,134.724,2.90589,0.0390256,17.3513,4.09197,34.0632,10.9215,14.0045,0,12.319,38.764,0.263565,3.43
-1,134.724,2.90589,0.0390256,17.3513,4.09197,34.0632,10.9215,14.0045,0,12.319,38.764,0.263565,2.401
-2,131.463,2.8903,0.041764,16.9998,4.1144,34.7227,10.6289,10.9562,0,12.1314,38.7087,0.268655,2.401
4,131.463,2.8903,0.041764,16.9998,4.1144,34.7227,10.6289,10.9562,0,12.1314,38.7087,0.268655,2.401
0,149.603,2.92482,0.0398928,18.1208,4.93468,33.0345,10.7794,28.1156,0,12.6521,38.7379,0.263438,2.401
-1,149.603,2.92482,0.0398928,18.1208,4.93468,33.0345,10.7794,28.1156,0,12.6521,38.7379,0.263438,7
-2,141.6,2.59405,0.0372521,17.8097,4.32958,34.0988,10.7487,20.4588,0,12.5243,38.7323,0.266243,7
1,141.6,2.59405,0.0372521,17.8097,4.32958,34.0988,10.7487,20.4588,0,12.5243,38.7323,0.266243,7
-1,141.6,2.59405,0.0372521,17.8097,4.32958,34.0988,10.7487,20.4588,0,12.5243,38.7323,0.266243,4.9
-2,136.798,2.79684,0.0395418,17.3988,4.44313,35.0325,10.5315,15.2694,0,12.3242,38.6913,0.270892,4.9
2,136.798,2.79684,0.0395418,17.3988,4.44313,35.0325,10.5315,15.2694,0,12.3242,38.6913,0.270892,4.9
-1,136.798,2.79684,0.0395418,17.3988,4.44313,35.0325,10.5315,15.2694,0,12.3242,38.6913,0.270892,3.43
-2,133.125,2.79195,0.0405224,17.0613,4.25359,35.7606,10.299,11.8423,0,12.1517,38.6475,0.276203,3.43
3,133.125,2.79195,0.0405224,17.0613,4.25359,35.7606,10.299,11.8423,0,12.1517,38.6475,0.276203,3.43
0,152.838,2.84664,0.0405188,18.1637,5.32392,33.9532,10.4023,30.5147,0,12.6546,38.6676,0.270787,3.43
-1,152.838,2.84664,0.0405188,18.1637,5.32392,33.9532,10.4023,30.5147,0,12.6546,38.6676,0.270787,7
-2,143.913,2.59535,0.0365907,17.8765,4.46227,35.0808,10.4251,21.9456,0,12.545,38.6721,0.27355,7
1,143.913,2.59535,0.0365907,17.8765,4.46227,35.0808,10.4251,21.9456,0,12.545,38.6721,0.27355,7
-1,143.913,2.59535,0.0365907,17.8765,4.46227,35.0808,10.4251,21.9456,0,12.545,38.6721,0.27355,4.9
-2,138.678,2.95067,0.0395907,17.462,4.48174,36.0777,10.2164,16.1945,0,12.345,38.6328,0.277981,4.9
2,138.678,2.95067,0.0395907,17.462,4.48174,36.0777,10.2164,16.1945,0,12.345,38.6328,0.277981,4.9
-1,138.678,2.95067,0.0395907,17.462,4.48174,36.0777,10.2164,16.1945,0,12.345,38.6328,0.277981,3.43
-2,134.809,3.07902,0.0412048,17.1251,4.24558,36.8431,9.98615,12.4432,0,12.1733,38.5893,0.283008,3.43
3,134.809,3.07902,0.0412048,17.1251,4.24558,36.8431,9.98615,12.4432,0,12.1733,38.5893,0.283008,3.43
0,155.498,3.02157,0.0406835,18.2259,5.35523,34.9422,10.1019,32.2463,0,12.6748,38.6117,0.277902,3.43
-1,155.498,3.02157,0.0406835,18.2259,5.35523,34.9422,10.1019,32.2463,0,12.6748,38.6117,0.277902,7
-2,145.798,2.61987,0.0364795,17.9281,4.4889,36.1197,10.1352,23.0096,0,12.5614,38.6182,0.280789,7
1,145.798,2.61987,0.0364795,17.9281,4.4889,36.1197,10.1352,23.0096,0,12.5614,38.6182,0.280789,7
-1,145.798,2.61987,0.0364795,17.9281,4.4889,36.1197,10.1352,23.0096,0,12.5614,38.6182,0.280789,4.9
-2,140.224,2.98348,0.0413222,17.497,4.52824,37.1509,9.92379,16.8824,0,12.3534,38.5784,0.284975,4.9
2,140.224,2.98348,0.0413222,17.497,4.52824,37.1509,9.92379,16.8824,0,12.3534,38.5784,0.284975,4.9
-1,140.224,2.98348,0.0413222,17.497,4.52824,37.1509,9.92379,16.8824,0,12.3534,38.5784,0.284975,3.43
-2,136.252,3.12045,0.0411446,17.1544,4.39032,37.929,9.69279,12.9198,0,12.1798,38.5348,0.289449,3.43
3,136.252,3.12045,0.0411446,17.1544,4.39032,37.929,9.69279,12.9198,0,12.1798,38.5348,0.289449,3.43
-1,136.252,3.12045,0.0411446,17.1544,4.39032,37.929,9.69279,12.9198,0,12.1798,38.5348,0.289449,2.401
-2,133.121,2.80229,0.0418542,16.8485,4.44579,38.5474,9.40652,10.2404,0,12.0132,38.4808,0.293832,2.401
4,133.121,2.80229,0.0418542,16.8485,4.44579,38.5474,9.40652,10.2404,0,12.0132,38.4808,0.293832,2.401
0,150.024,3.07113,0.0412927,17.9091,5.39375,36.7258,9.58593,25.988,0,12.5046,38.5152,0.289349,2.401
-1,150.024,3.07113,0.0412927,17.9091,5.39375,36.7258,9.58593,25.988,0,12.5046,38.5152,0.289349,7
-2,142.811,2.63203,0.0381783,17.6068,4.92441,37.7948,9.56575,19.0664,0,12.3795,38.5116,0.291779,7
1,142.811,2.63203,0.0381783,17.6068,4.92441,37.7948,9.56575,19.0664,0,12.3795,38.5116,0.291779,7
-1,142.811,2.63203,0.0381783,17.6068,4.92441,37.7948,9.56575,19.0664,0,12.3795,38.5116,0.291779,4.9
-2,138.234,2.81217,0.0388132,17.2593,4.65667,38.716,9.4004,14.3615,0,12.2129,38.4805,0.295837,4.9
2,138.234,2.81217,0.0388132,17.2593,4.65667,38.716,9.4004,14.3615,0,12.2129,38.4805,0.295837,4.9
-1,138.234,2.81217,0.0388132,17.2593,4.65667,38.716,9.4004,14.3615,0,12.2129,38.4805,0.295837,3.43
-2,134.902,2.73943,0.0428934,16.9387,4.58291,39.4429,9.16372,11.2085,0,12.0469,38.4359,0.300461,3.43
3,134.902,2.73943,0.0428934,16.9387,4.58291,39.4429,9.16372,11.2085,0,12.0469,38.4359,0.300461,3.43
0,153.448,2.88505,0.0393626,18.0091,5.74044,37.4669,9.30548,28.7077,0,12.5351,38.4631,0.295733,3.43
-1,153.448,2.88505,0.0393626,18.0091,5.74044,37.4669,9.30548,28.7077,0,12.5351,38.4631,0.295733,7
-2,145.438,2.83894,0.0407743,17.7256,4.89028,38.618,9.33536,20.7964,0,12.4258,38.4689,0.298348,7
1,145.438,2.83894,0.0407743,17.7256,4.89028,38.618,9.33536,20.7964,0,12.4258,38.4689,0.298348,7
-1,145.438,2.83894,0.0407743,17.7256,4.89028,38.618,9.33536,20.7964,0,12.4258,38.4689,0.298348,4.9
-2,140.267,2.83687,0.0402087,17.3718,4.75704,39.5731,9.18069,15.5064,0,12.2591,38.4398,0.30188,4.9
2,140.267,2.83687,0.0402087,17.3718,4.75704,39.5731,9.18069,15.5064,0,12.2591,38.4398,0.30188,4.9
-1,140.267,2.83687,0.0402087,17.3718,4.75704,39.5731,9.18069,15.5064,0,12.2591,38.4398,0.30188,3.43
-2,136.526,2.71108,0.0417598,17.0505,4.64699,40.3307,8.9587,11.9871,0,12.0948,38.398,0.305915,3.43
3,136.526,2.71108,0.0417598,17.0505,4.64699,40.3307,8.9587,11.9871,0,12.0948,38.398,0.305915,3.43
0,156.411,2.92329,0.0409284,18.1219,5.8098,38.2728,9.09827,30.836,0,12.5818,38.4247,0.301816,3.43
-1,156.411,2.92329,0.0409284,18.1219,5.8098,38.2728,9.09827,30.836,0,12.5818,38.4247,0.301816,7
-2,147.602,2.84018,0.0398779,17.8271,4.91905,39.4674,9.15172,22.1473,0,12.4702,38.4349,0.304293,7
1,147.602,2.84018,0.0398779,17.8271,4.91905,39.4674,9.15172,22.1473,0,12.4702,38.4349,0.304293,7
-1,147.602,2.84018,0.0398779,17.8271,4.91905,39.4674,9.15172,22.1473,0,12.4702,38.4349,0.304293,4.9
-2,141.974,2.87923,0.0396388,17.4561,4.76612,40.4798,8.99426,16.3507,0,12.2946,38.4053,0.307875,4.9
2,141.974,2.87923,0.0396388,17.4561,4.76612,40.4798,8.99426,16.3507,0,12.2946,38.4053,0.307875,4.9
-1,141.974,2.87923,0.0396388,17.4561,4.76612,40.4798,8.99426,16.3507,0,12.2946,38.4053,0.307875,3.43
-2,138.008,2.88971,0.0419471,17.1211,4.58611,41.2768,8.76305,12.5331,0,12.1229,38.3618,0.311732,3.43
3,138.008,2.88971,0.0419471,17.1211,4.58611,41.2768,8.76305,12.5331,0,12.1229,38.3618,0.311732,3.43
0,158.669,2.87738,0.0402511,18.2064,5.80145,39.1214,8.92362,32.3802,0,12.6179,38.3924,0.307757,3.43
-1,158.669,2.87738,0.0402511,18.2064,5.80145,39.1214,8.92362,32.3802,0,12.6179,38.3924,0.307757,7
-2,149.283,2.83678,0.0400945,17.888,4.8729,40.3649,8.97659,23.0957,0,12.4946,38.4026,0.310433,7
1,149.283,2.83678,0.0400945,17.888,4.8729,40.3649,8.97659,23.0957,0,12.4946,38.4026,0.310433,7
-1,149.283,2.83678,0.0400945,17.888,4.8729,40.3649,8.97659,23.0957,0,12.4946,38.4026,0.310433,4.9
-2,143.435,2.90049,0.0396495,17.4953,4.829,41.4044,8.8071,16.9671,0,12.3076,38.3707,0.313849,4.9
2,143.435,2.90049,0.0396495,17.4953,4.829,41.4044,8.8071,16.9671,0,12.3076,38.3707,0.313849,4.9
-1,143.435,2.90049,0.0396495,17.4953,4.829,41.4044,8.8071,16.9671,0,12.3076,38.3707,0.313849,3.43
-2,139.278,2.92652,0.0420795,17.1582,4.63493,42.2244,8.5747,12.9377,0,12.1347,38.327,0.31756,3.43
3,139.278,2.92652,0.0420795,17.1582,4.63493,42.2244,8.5747,12.9377,0,12.1347,38.327,0.31756,3.43
0,160.592,2.92939,0.0403783,18.2443,5.8573,39.9872,8.74597,33.4837,0,12.6308,38.3595,0.313665,3.43
-1,160.592,2.92939,0.0403783,18.2443,5.8573,39.9872,8.74597,33.4837,0,12.6308,38.3595,0.313665,7
-2,150.671,2.71111,0.0397139,17.9142,4.96567,41.2641,8.80618,23.7808,0,12.502,38.3711,0.316478,7
1,150.671,2.71111,0.0397139,17.9142,4.96567,41.2641,8.80618,23.7808,0,12.502,38.3711,0.316478,7
-1,150.671,2.71111,0.0397139,17.9142,4.96567,41.2641,8.80618,23.7808,0,12.502,38.3711,0.316478,4.9
-2,144.458,2.69533,0.0385767,17.5146,4.86906,42.3283,8.63952,17.4015,0,12.3119,38.3397,0.319843,4.9
2,144.458,2.69533,0.0385767,17.5146,4.86906,42.3283,8.63952,17.4015,0,12.3119,38.3397,0.319843,4.9
-1,144.458,2.69533,0.0385767,17.5146,4.86906,42.3283,8.63952,17.4015,0,12.3119,38.3397,0.319843,3.43
-2,140.189,2.74017,0.0416403,17.1606,4.72483,43.1796,8.38776,13.2096,0,12.1293,38.2923,0.323456,3.43
3,140.189,2.74017,0.0416403,17.1606,4.72483,43.1796,8.38776,13.2096,0,12.1293,38.2923,0.323456,3.43
0,161.907,2.74853,0.0393911,18.2619,5.89425,40.8524,8.5867,34.2398,0,12.6346,38.33,0.319606,3.43
-1,161.907,2.74853,0.0393911,18.2619,5.89425,40.8524,8.5867,34.2398,0,12.6346,38.33,0.319606,7
-2,152.091,2.94725,0.0409022,17.9098,4.99405,42.1659,8.63504,24.2425,0,12.4939,38.3394,0.322531,7
1,152.091,2.94725,0.0409022,17.9098,4.99405,42.1659,8.63504,24.2425,0,12.4939,38.3394,0.322531,7
-1,152.091,2.94725,0.0409022,17.9098,4.99405,42.1659,8.63504,24.2425,0,12.4939,38.3394,0.322531,4.9
-2,145.385,2.53211,0.0380536,17.5169,4.93409,43.2336,8.47869,17.7081,0,12.3075,38.31,0.325814,4.9
2,145.385,2.53211,0.0380536,17.5169,4.93409,43.2336,8.47869,17.7081,0,12.3075,38.31,0.325814,4.9
-1,145.385,2.53211,0.0380536,17.5169,4.93409,43.2336,8.47869,17.7081,0,12.3075,38.31,0.325814,3.43
-2,140.956,2.59498,0.0397233,17.1539,4.73251,44.1041,8.21372,13.4075,0,12.1196,38.2601,0.32938,3.43
3,140.956,2.59498,0.0397233,17.1539,4.73251,44.1041,8.21372,13.4075,0,12.1196,38.2601,0.32938,3.43
0,163.011,2.60375,0.038925,18.2618,5.96478,41.7005,8.4336,34.7509,0,12.6293,38.3017,0.325636,3.43
-1,163.011,2.60375,0.038925,18.2618,5.96478,41.7005,8.4336,34.7509,0,12.6293,38.3017,0.325636,7
-2,153.139,2.9067,0.0412403,17.8956,5.09782,43.0393,8.47584,24.5627,0,12.4811,38.3099,0.328688,7
1,153.139,2.9067,0.0412403,17.8956,5.09782,43.0393,8.47584,24.5627,0,12.4811,38.3099,0.328688,7
-1,153.139,2.9067,0.0412403,17.8956,5.09782,43.0393,8.47584,24.5627,0,12.4811,38.3099,0.328688,4.9
-2,146.504,2.69232,0.0390291,17.5065,4.99032,44.111,8.3308,17.9223,0,12.2972,38.2826,0.331858,4.9
2,146.504,2.69232,0.0390291,17.5065,4.99032,44.111,8.3308,17.9223,0,12.2972,38.2826,0.331858,4.9
-1,146.504,2.69232,0.0390291,17.5065,4.99032,44.111,8.3308,17.9223,0,12.2972,38.2826,0.331858,3.43
-2,141.93,2.64538,0.0403068,17.1523,4.80107,44.9781,8.06822,13.563,0,12.1135,38.2332,0.335265,3.43
3,141.93,2.64538,0.0403068,17.1523,4.80107,44.9781,8.06822,13.563,0,12.1135,38.2332,0.335265,3.43
0,164.218,2.77715,0.0399376,18.2487,6.03329,42.5175,8.29204,35.0841,0,12.618,38.2755,0.331611,3.43
-1,164.218,2.77715,0.0399376,18.2487,6.03329,42.5175,8.29204,35.0841,0,12.618,38.2755,0.331611,7
-2,154.012,2.77722,0.0411559,17.8828,5.22379,43.8638,8.34452,24.7878,0,12.4703,38.2856,0.334721,7
1,154.012,2.77722,0.0411559,17.8828,5.22379,43.8638,8.34452,24.7878,0,12.4703,38.2856,0.334721,7
-1,154.012,2.77722,0.0411559,17.8828,5.22379,43.8638,8.34452,24.7878,0,12.4703,38.2856,0.334721,4.9
-2,147.456,2.76203,0.0397701,17.4911,5.06184,44.946,8.19997,18.0734,0,12.285,38.2585,0.33784,4.9
2,147.456,2.76203,0.0397701,17.4911,5.06184,44.946,8.19997,18.0734,0,12.285,38.2585,0.33784,4.9
-1,147.456,2.76203,0.0397701,17.4911,5.06184,44.946,8.19997,18.0734,0,12.285,38.2585,0.33784,3.43
-2,142.663,2.6175,0.039412,17.1462,4.778,45.8075,7.93958,13.6784,0,12.1057,38.2095,0.3411,3.43
3,142.663,2.6175,0.039412,17.1462,4.778,45.8075,7.93958,13.6784,0,12.1057,38.2095,0.3411,3.43
0,165.129,2.77252,0.0404438,18.2304,6.13611,43.2933,8.16649,35.2947,0,12.6048,38.2524,0.337505,3.43
-1,165.129,2.77252,0.0404438,18.2304,6.13611,43.2933,8.16649,35.2947,0,12.6048,38.2524,0.337505,7
-2,154.952,2.87051,0.0419744,17.8664,5.29873,44.6438,8.22846,24.9395,0,12.4582,38.2642,0.340639,7
1,154.952,2.87051,0.0419744,17.8664,5.29873,44.6438,8.22846,24.9395,0,12.4582,38.2642,0.340639,7
-1,154.952,2.87051,0.0419744,17.8664,5.29873,44.6438,8.22846,24.9395,0,12.4582,38.2642,0.340639,4.9
-2,148.192,2.7583,0.0393562,17.4804,5.05733,45.7251,8.08629,18.1882,0,12.2755,38.2376,0.343674,4.9
2,148.192,2.7583,0.0393562,17.4804,5.05733,45.7251,8.08629,18.1882,0,12.2755,38.2376,0.343674,4.9
-1,148.192,2.7583,0.0393562,17.4804,5.05733,45.7251,8.08629,18.1882,0,12.2755,38.2376,0.343674,3.43
-2,143.423,2.61106,0.0399244,17.1278,4.869,46.6041,7.80173,13.748,0,12.0903,38.184,0.346931,3.43
3,143.423,2.61106,0.0399244,17.1278,4.869,46.6041,7.80173,13.748,0,12.0903,38.184,0.346931,3.43
0,165.874,2.792,0.0400764,18.2169,6.14729,44.0174,8.05813,35.4326,0,12.5942,38.2324,0.343288,3.43
-1,165.874,2.792,0.0400764,18.2169,6.14729,44.0174,8.05813,35.4326,0,12.5942,38.2324,0.343288,7
-2,155.722,2.88818,0.0425354,17.8411,5.40424,45.3899,8.10154,25.0272,0,12.4398,38.2407,0.346562,7
1,155.722,2.88818,0.0425354,17.8411,5.40424,45.3899,8.10154,25.0272,0,12.4398,38.2407,0.346562,7
-1,155.722,2.88818,0.0425354,17.8411,5.40424,45.3899,8.10154,25.0272,0,12.4398,38.2407,0.346562,4.9
-2,148.937,2.76261,0.0398059,17.4622,5.14797,46.4673,7.97084,18.2593,0,12.2614,38.2162,0.349447,4.9
2,148.937,2.76261,0.0398059,17.4622,5.14797,46.4673,7.97084,18.2593,0,12.2614,38.2162,0.349447,4.9
-1,148.937,2.76261,0.0398059,17.4622,5.14797,46.4673,7.97084,18.2593,0,12.2614,38.2162,0.349447,3.43
-2,144.307,2.81214,0.0410439,17.1177,4.90041,47.3411,7.69003,13.8087,0,12.0804,38.1634,0.352509,3.43
3,144.307,2.81214,0.0410439,17.1177,4.90041,47.3411,7.69003,13.8087,0,12.0804,38.1634,0.352509,3.43
0,166.586,2.81501,0.0405559,18.1955,6.25749,44.7066,7.94693,35.4842,0,12.5788,38.2118,0.349034,3.43
-1,166.586,2.81501,0.0405559,18.1955,6.25749,44.7066,7.94693,35.4842,0,12.5788,38.2118,0.349034,7
-2,156.352,2.81498,0.0425737,17.8222,5.51162,46.0814,7.99913,25.0798,0,12.426,38.2218,0.352245,7
1,156.352,2.81498,0.0425737,17.8222,5.51162,46.0814,7.99913,25.0798,0,12.426,38.2218,0.352245,7
-1,156.352,2.81498,0.0425737,17.8222,5.51162,46.0814,7.99913,25.0798,0,12.426,38.2218,0.352245,4.9
-2,149.635,2.78462,0.0402701,17.4429,5.23591,47.1654,7.86487,18.3027,0,12.247,38.1967,0.355067,4.9
2,149.635,2.78462,0.0402701,17.4429,5.23591,47.1654,7.86487,18.3027,0,12.247,38.1967,0.355067,4.9
-1,149.635,2.78462,0.0402701,17.4429,5.23591,47.1654,7.86487,18.3027,0,12.247,38.1967,0.355067,3.43
-2,144.912,2.72343,0.0411107,17.1066,4.99567,48.0332,7.58832,13.8511,0,12.0703,38.1446,0.357923,3.43
3,144.912,2.72343,0.0411107,17.1066,4.99567,48.0332,7.58832,13.8511,0,12.0703,38.1446,0.357923,3.43
0,167.22,2.85173,0.0410436,18.1731,6.36619,45.3528,7.84419,35.4799,0,12.5632,38.1929,0.354655,3.43
-1,167.22,2.85173,0.0410436,18.1731,6.36619,45.3528,7.84419,35.4799,0,12.5632,38.1929,0.354655,7
-2,156.998,2.84437,0.0430906,17.8029,5.60191,46.7286,7.90493,25.0981,0,12.4122,38.2045,0.357763,7
1,156.998,2.84437,0.0430906,17.8029,5.60191,46.7286,7.90493,25.0981,0,12.4122,38.2045,0.357763,7
-1,156.998,2.84437,0.0430906,17.8029,5.60191,46.7286,7.90493,25.0981,0,12.4122,38.2045,0.357763,4.9
-2,150.175,2.70868,0.0401474,17.4304,5.30261,47.8085,7.77487,18.3325,0,12.2366,38.1801,0.360473,4.9
2,150.175,2.70868,0.0401474,17.4304,5.30261,47.8085,7.77487,18.3325,0,12.2366,38.1801,0.360473,4.9
-1,150.175,2.70868,0.0401474,17.4304,5.30261,47.8085,7.77487,18.3325,0,12.2366,38.1801,0.360473,3.43
-2,145.548,2.74747,0.0415315,17.0933,5.07315,48.6831,7.48595,13.8764,0,12.0585,38.1257,0.363292,3.43
3,145.548,2.74747,0.0415315,17.0933,5.07315,48.6831,7.48595,13.8764,0,12.0585,38.1257,0.363292,3.43
0,167.675,2.78697,0.0409436,18.1576,6.45196,45.9452,7.75738,35.4463,0,12.5516,38.1769,0.360147,3.43
-1,167.675,2.78697,0.0409436,18.1576,6.45196,45.9452,7.75738,35.4463,0,12.5516,38.1769,0.360147,7
-2,157.449,2.78856,0.0409108,17.784,5.65427,47.3311,7.80937,25.0923,0,12.398,38.1868,0.363304,7
1,157.449,2.78856,0.0409108,17.784,5.65427,47.3311,7.80937,25.0923,0,12.398,38.1868,0.363304,7
-1,157.449,2.78856,0.0409108,17.784,5.65427,47.3311,7.80937,25.0923,0,12.398,38.1868,0.363304,4.9
-2,150.715,2.75191,0.0407035,17.4065,5.36191,48.435,7.67499,18.2978,0,12.2189,38.1616,0.366102,4.9
2,150.715,2.75191,0.0407035,17.4065,5.36191,48.435,7.67499,18.2978,0,12.2189,38.1616,0.366102,4.9
-1,150.715,2.75191,0.0407035,17.4065,5.36191,48.435,7.67499,18.2978,0,12.2189,38.1616,0.366102,3.43
-2,146.199,2.88213,0.0423656,17.0794,5.1118,49.2954,7.39466,13.8688,0,12.0466,38.1089,0.368579,3.43
3,146.199,2.88213,0.0423656,17.0794,5.1118,49.2954,7.39466,13.8688,0,12.0466,38.1089,0.368579,3.43
0,168.066,2.83891,0.0414993,18.1297,6.53027,46.5184,7.66007,35.2909,0,12.532,38.1589,0.365786,3.43
-1,168.066,2.83891,0.0414993,18.1297,6.53027,46.5184,7.66007,35.2909,0,12.532,38.1589,0.365786,7
-2,157.932,2.83406,0.0414316,17.7621,5.73418,47.896,7.723,25.0195,0,12.3822,38.1708,0.368796,7
1,157.932,2.83406,0.0414316,17.7621,5.73418,47.896,7.723,25.0195,0,12.3822,38.1708,0.368796,7
-1,157.932,2.83406,0.0414316,17.7621,5.73418,47.896,7.723,25.0195,0,12.3822,38.1708,0.368796,4.9
-2,151.231,2.78427,0.0411194,17.3921,5.43093,48.9923,7.59547,18.2697,0,12.2073,38.1469,0.371378,4.9
2,151.231,2.78427,0.0411194,17.3921,5.43093,48.9923,7.59547,18.2697,0,12.2073,38.1469,0.371378,4.9
-1,151.231,2.78427,0.0411194,17.3921,5.43093,48.9923,7.59547,18.2697,0,12.2073,38.1469,0.371378,3.43
-2,146.73,2.90754,0.042712,17.0724,5.17202,49.8453,7.3176,13.8651,0,12.0388,38.0946,0.373612,3.43
3,146.73,2.90754,0.042712,17.0724,5.17202,49.8453,7.3176,13.8651,0,12.0388,38.0946,0.373612,3.43
0,168.362,2.78593,0.0416109,18.1121,6.638,47.0233,7.58293,35.1435,0,12.5191,38.1446,0.371024,3.43
-1,168.362,2.78593,0.0416109,18.1121,6.638,47.0233,7.58293,35.1435,0,12.5191,38.1446,0.371024,7
-2,158.379,2.87652,0.0418685,17.7485,5.80893,48.398,7.65058,24.9517,0,12.3714,38.1575,0.373956,7
1,158.379,2.87652,0.0418685,17.7485,5.80893,48.398,7.65058,24.9517,0,12.3714,38.1575,0.373956,7
-1,158.379,2.87652,0.0418685,17.7485,5.80893,48.398,7.65058,24.9517,0,12.3714,38.1575,0.373956,4.9
-2,151.626,2.71518,0.0410912,17.3852,5.5151,49.4881,7.52544,18.2461,0,12.1998,38.134,0.37635,4.9
2,151.626,2.71518,0.0410912,17.3852,5.5151,49.4881,7.52544,18.2461,0,12.1998,38.134,0.37635,4.9
-1,151.626,2.71518,0.0410912,17.3852,5.5151,49.4881,7.52544,18.2461,0,12.1998,38.134,0.37635,3.43
-2,147.136,2.83364,0.0426269,17.0715,5.24592,50.3368,7.24821,13.863,0,12.0342,38.0818,0.378379,3.43
3,147.136,2.83364,0.0426269,17.0715,5.24592,50.3368,7.24821,13.863,0,12.0342,38.0818,0.378379,3.43
0,168.619,2.73199,0.0416162,18.1025,6.73903,47.4697,7.51498,35.0005,0,12.5105,38.1321,0.37596,3.43
-1,168.619,2.73199,0.0416162,18.1025,6.73903,47.4697,7.51498,35.0005,0,12.5105,38.1321,0.37596,7
-2,158.701,2.81648,0.0418273,17.7418,5.89959,48.8435,7.58474,24.8854,0,12.364,38.1453,0.378838,7
1,158.701,2.81648,0.0418273,17.7418,5.89959,48.8435,7.58474,24.8854,0,12.364,38.1453,0.378838,7
-1,158.701,2.81648,0.0418273,17.7418,5.89959,48.8435,7.58474,24.8854,0,12.364,38.1453,0.378838,4.9
-2,152.055,2.75035,0.0413494,17.383,5.56972,49.9313,7.46131,18.2203,0,12.1946,38.1222,0.381088,4.9
2,152.055,2.75035,0.0413494,17.383,5.56972,49.9313,7.46131,18.2203,0,12.1946,38.1222,0.381088,4.9
-1,152.055,2.75035,0.0413494,17.383,5.56972,49.9313,7.46131,18.2203,0,12.1946,38.1222,0.381088,3.43
-2,147.575,2.86212,0.0428075,17.0757,5.29124,50.7741,7.18387,13.8605,0,12.0321,38.07,0.382891,3.43
3,147.575,2.86212,0.0428075,17.0757,5.29124,50.7741,7.18387,13.8605,0,12.0321,38.07,0.382891,3.43
0,168.901,2.77945,0.0419069,18.0978,6.80819,47.8649,7.45254,34.8502,0,12.5044,38.1206,0.380645,3.43
-1,168.901,2.77945,0.0419069,18.0978,6.80819,47.8649,7.45254,34.8502,0,12.5044,38.1206,0.380645,7
-2,158.974,2.75798,0.0417057,17.74,5.98326,49.2365,7.52303,24.8154,0,12.3591,38.1339,0.383453,7
1,158.974,2.75798,0.0417057,17.74,5.98326,49.2365,7.52303,24.8154,0,12.3591,38.1339,0.383453,7
-1,158.974,2.75798,0.0417057,17.74,5.98326,49.2365,7.52303,24.8154,0,12.3591,38.1339,0.383453,4.9
-2,152.357,2.68629,0.0411726,17.3852,5.64128,50.3228,7.40095,18.1912,0,12.1916,38.111,0.385577,4.9
2,152.357,2.68629,0.0411726,17.3852,5.64128,50.3228,7.40095,18.1912,0,12.1916,38.111,0.385577,4.9
-1,152.357,2.68629,0.0411726,17.3852,5.64128,50.3228,7.40095,18.1912,0,12.1916,38.111,0.385577,3.43
-2,147.892,2.79515,0.0425852,17.0822,5.35378,51.1633,7.12432,13.8529,0,12.0312,38.059,0.387194,3.43
3,147.892,2.79515,0.0425852,17.0822,5.35378,51.1633,7.12432,13.8529,0,12.0312,38.059,0.387194,3.43
0,169.048,2.72522,0.0417613,18.0976,6.89219,48.2112,7.39361,34.691,0,12.5004,38.1097,0.385073,3.43
-1,169.048,2.72522,0.0417613,18.0976,6.89219,48.2112,7.39361,34.691,0,12.5004,38.1097,0.385073,7
-2,159.275,2.80312,0.0418857,17.7417,6.03746,49.5822,7.46465,24.7376,0,12.3558,38.1231,0.387845,7
1,159.275,2.80312,0.0418857,17.7417,6.03746,49.5822,7.46465,24.7376,0,12.3558,38.1231,0.387845,7
-1,159.275,2.80312,0.0418857,17.7417,6.03746,49.5822,7.46465,24.7376,0,12.3558,38.1231,0.387845,4.9
-2,152.611,2.62374,0.0409314,17.3913,5.70754,50.6651,7.34342,18.1583,0,12.1903,38.1004,0.389805,4.9
2,152.611,2.62374,0.0409314,17.3913,5.70754,50.6651,7.34342,18.1583,0,12.1903,38.1004,0.389805,4.9
-1,152.611,2.62374,0.0409314,17.3913,5.70754,50.6651,7.34342,18.1583,0,12.1903,38.1004,0.389805,3.43
-2,148.235,2.83207,0.0423955,17.0922,5.38236,51.5042,7.06807,13.842,0,12.0319,38.0486,0.391249,3.43
3,148.235,2.83207,0.0423955,17.0922,5.38236,51.5042,7.06807,13.842,0,12.0319,38.0486,0.391249,3.43
0,169.14,2.6704,0.0415502,18.1014,6.96891,48.5117,7.33729,34.5222,0,12.4983,38.0993,0.38923,3.43
-1,169.14,2.6704,0.0415502,18.1014,6.96891,48.5117,7.33729,34.5222,0,12.4983,38.0993,0.38923,7
-2,159.521,2.84483,0.0419931,17.7472,6.08442,49.882,7.40851,24.6534,0,12.3542,38.1127,0.391974,7
1,159.521,2.84483,0.0419931,17.7472,6.08442,49.882,7.40851,24.6534,0,12.3542,38.1127,0.391974,7
-1,159.521,2.84483,0.0419931,17.7472,6.08442,49.882,7.40851,24.6534,0,12.3542,38.1127,0.391974,4.9
-2,152.895,2.65985,0.0409717,17.402,5.74594,50.9597,7.28868,18.1229,0,12.1912,38.0902,0.393755,4.9
2,152.895,2.65985,0.0409717,17.402,5.74594,50.9597,7.28868,18.1229,0,12.1912,38.0902,0.393755,4.9
-1,152.895,2.65985,0.0409717,17.402,5.74594,50.9597,7.28868,18.1229,0,12.1912,38.0902,0.393755,3.43
-2,148.535,2.86303,0.0423721,17.1074,5.41288,51.7959,7.01406,13.8305,0,12.035,38.0386,0.394978,3.43
3,148.535,2.86303,0.0423721,17.1074,5.41288,51.7959,7.01406,13.8305,0,12.035,38.0386,0.394978,3.43
0,169.258,2.71247,0.0416202,18.11,7.01562,48.7679,7.28361,34.3462,0,12.4983,38.0893,0.393084,3.43
-1,169.258,2.71247,0.0416202,18.11,7.01562,48.7679,7.28361,34.3462,0,12.4983,38.0893,0.393084,7
-2,159.771,2.86931,0.044319,17.7576,6.19074,50.1364,7.35398,24.5656,0,12.3548,38.1026,0.395762,7
1,159.771,2.86931,0.044319,17.7576,6.19074,50.1364,7.35398,24.5656,0,12.3548,38.1026,0.395762,7
-1,159.771,2.86931,0.044319,17.7576,6.19074,50.1364,7.35398,24.5656,0,12.3548,38.1026,0.395762,4.9
-2,153.179,2.67423,0.0407599,17.4258,5.79923,51.1848,7.2476,18.1268,0,12.1998,38.0826,0.397137,4.9
2,153.179,2.67423,0.0407599,17.4258,5.79923,51.1848,7.2476,18.1268,0,12.1998,38.0826,0.397137,4.9
-1,153.179,2.67423,0.0407599,17.4258,5.79923,51.1848,7.2476,18.1268,0,12.1998,38.0826,0.397137,3.43
-2,148.73,2.77372,0.0417409,17.1348,5.46553,52.0236,6.97079,13.8461,0,12.0446,38.0306,0.398253,3.43
3,148.73,2.77372,0.0417409,17.1348,5.46553,52.0236,6.97079,13.8461,0,12.0446,38.0306,0.398253,3.43
0,169.408,2.7309,0.041454,18.1328,7.07613,48.9598,7.24338,34.2384,0,12.5067,38.0819,0.396355,3.43
-1,169.408,2.7309,0.041454,18.1328,7.07613,48.9598,7.24338,34.2384,0,12.5067,38.0819,0.396355,7
-2,159.961,2.88693,0.0440804,17.7808,6.2309,50.332,7.30964,24.5209,0,12.3625,38.0944,0.399058,7
1,159.961,2.88693,0.0440804,17.7808,6.2309,50.332,7.30964,24.5209,0,12.3625,38.0944,0.399058,7
-1,159.961,2.88693,0.0440804,17.7808,6.2309,50.332,7.30964,24.5209,0,12.3625,38.0944,0.399058,4.9
-2,153.313,2.59418,0.040178,17.4497,5.85186,51.3854,7.19988,18.1105,0,12.2072,38.0738,0.400377,4.9
2,153.313,2.59418,0.040178,17.4497,5.85186,51.3854,7.19988,18.1105,0,12.2072,38.0738,0.400377,4.9
-1,153.313,2.59418,0.040178,17.4497,5.85186,51.3854,7.19988,18.1105,0,12.2072,38.0738,0.400377,3.43
-2,149.006,2.79711,0.0411438,17.1596,5.53802,52.2291,6.92349,13.8422,0,12.0524,38.0218,0.401411,3.43
3,149.006,2.79711,0.0411438,17.1596,5.53802,52.2291,6.92349,13.8422,0,12.0524,38.0218,0.401411,3.43
0,169.387,2.65377,0.0409088,18.1551,7.13103,49.131,7.19639,34.0924,0,12.5135,38.0731,0.399455,3.43
-1,169.387,2.65377,0.0409088,18.1551,7.13103,49.131,7.19639,34.0924,0,12.5135,38.0731,0.399455,7
-2,160.006,2.80842,0.0434934,17.8023,6.28286,50.5064,7.25973,24.4475,0,12.3684,38.0851,0.402191,7
1,160.006,2.80842,0.0434934,17.8023,6.28286,50.5064,7.25973,24.4475,0,12.3684,38.0851,0.402191,7
-1,160.006,2.80842,0.0434934,17.8023,6.28286,50.5064,7.25973,24.4475,0,12.3684,38.0851,0.402191,4.9
-2,153.478,2.62161,0.0399641,17.4722,5.87485,51.5626,7.15062,18.0746,0,12.2136,38.0646,0.403458,4.9
2,153.478,2.62161,0.0399641,17.4722,5.87485,51.5626,7.15062,18.0746,0,12.2136,38.0646,0.403458,4.9
-1,153.478,2.62161,0.0399641,17.4722,5.87485,51.5626,7.15062,18.0746,0,12.2136,38.0646,0.403458,3.43
-2,149.19,2.82088,0.0408963,17.1848,5.5551,52.4065,6.87633,13.8275,0,12.0602,38.013,0.4043,3.43
3,149.19,2.82088,0.0408963,17.1848,5.5551,52.4065,6.87633,13.8275,0,12.0602,38.013,0.4043,3.43
0,169.379,2.68324,0.0407277,18.1758,7.15487,49.2816,7.1477,33.9097,0,12.5192,38.0641,0.402371,3.43
-1,169.379,2.68324,0.0407277,18.1758,7.15487,49.2816,7.1477,33.9097,0,12.5192,38.0641,0.402371,7
-2,160.033,2.83376,0.0433431,17.8236,6.2591,50.6561,7.20943,24.3532,0,12.3741,38.0758,0.405052,7
1,160.033,2.83376,0.0433431,17.8236,6.2591,50.6561,7.20943,24.3532,0,12.3741,38.0758,0.405052,7
-1,160.033,2.83376,0.0433431,17.8236,6.2591,50.6561,7.20943,24.3532,0,12.3741,38.0758,0.405052,4.9
-2,153.626,2.64445,0.0397396,17.4908,5.92873,51.7051,7.0939,18.0453,0,12.2172,38.0541,0.406167,4.9
2,153.626,2.64445,0.0397396,17.4908,5.92873,51.7051,7.0939,18.0453,0,12.2172,38.0541,0.406167,4.9
-1,153.626,2.64445,0.0397396,17.4908,5.92873,51.7051,7.0939,18.0453,0,12.2172,38.0541,0.406167,3.43
-2,149.27,2.73737,0.0402523,17.2101,5.60896,52.5487,6.82663,13.8197,0,12.0677,38.0038,0.406824,3.43
3,149.27,2.73737,0.0402523,17.2101,5.60896,52.5487,6.82663,13.8197,0,12.0677,38.0038,0.406824,3.43
0,169.365,2.70734,0.0405314,18.1921,7.21761,49.4021,7.09143,33.7332,0,12.5219,38.0536,0.404932,3.43
-1,169.365,2.70734,0.0405314,18.1921,7.21761,49.4021,7.09143,33.7332,0,12.5219,38.0536,0.404932,7
-2,160.093,2.85372,0.0430587,17.8442,6.30312,50.7757,7.15537,24.2663,0,12.3788,38.0657,0.407555,7
1,160.093,2.85372,0.0430587,17.8442,6.30312,50.7757,7.15537,24.2663,0,12.3788,38.0657,0.407555,7
-1,160.093,2.85372,0.0430587,17.8442,6.30312,50.7757,7.15537,24.2663,0,12.3788,38.0657,0.407555,4.9
-2,153.841,2.76301,0.0399569,17.5153,5.97298,51.8264,7.04367,18.0026,0,12.2241,38.0447,0.408548,4.9
2,153.841,2.76301,0.0399569,17.5153,5.97298,51.8264,7.04367,18.0026,0,12.2241,38.0447,0.408548,4.9
-1,153.841,2.76301,0.0399569,17.5153,5.97298,51.8264,7.04367,18.0026,0,12.2241,38.0447,0.408548,3.43
-2,149.654,3.03756,0.0432094,17.2454,5.57876,52.6571,6.79347,13.8111,0,12.0809,37.9977,0.408892,3.43
3,149.654,3.03756,0.0432094,17.2454,5.57876,52.6571,6.79347,13.8111,0,12.0809,37.9977,0.408892,3.43
-1,149.654,3.03756,0.0432094,17.2454,5.57876,52.6571,6.79347,13.8111,0,12.0809,37.9977,0.408892,2.401
-2,146.706,2.89719,0.0471778,17.046,5.68447,53.2102,6.48863,11.0212,0,11.9631,37.9404,0.407511,2.401
4,146.706,2.89719,0.0471778,17.046,5.68447,53.2102,6.48863,11.0212,0,11.9631,37.9404,0.407511,2.401
-1,146.706,2.89719,0.0471778,17.046,5.68447,53.2102,6.48863,11.0212,0,11.9631,37.9404,0.407511,1.6807
-2,144.5,2.84592,0.0492421,16.9367,5.65469,53.5529,6.22376,9.05361,0,11.8885,37.8908,0.404029,1.6807
5,144.5,2.84592,0.0492421,16.9367,5.65469,53.5529,6.22376,9.05361,0,11.8885,37.8908,0.404029,1.6807
-1,144.5,2.84592,0.0492421,16.9367,5.65469,53.5529,6.22376,9.05361,0,11.8885,37.8908,0.404029,1.17649
-2,142.97,2.9608,0.052799,16.8896,5.59903,53.7438,5.97258,7.6674,0,11.8414,37.8437,0.399166,1.17649
6,142.97,2.9608,0.052799,16.8896,5.59903,53.7438,5.97258,7.6674,0,11.8414,37.8437,0.399166,1.17649
-1,142.97,2.9608,0.052799,16.8896,5.59903,53.7438,5.97258,7.6674,0,11.8414,37.8437,0.399166,0.823543
-2,141.552,2.87504,0.0521463,16.8923,5.48998,53.8178,5.74393,6.67005,0,11.8174,37.8009,0.392981,0.823543
7,141.552,2.87504,0.0521463,16.8923,5.48998,53.8178,5.74393,6.67005,0,11.8174,37.8009,0.392981,0.823543
-1,141.552,2.87504,0.0521463,16.8923,5.48998,53.8178,5.74393,6.67005,0,11.8174,37.8009,0.392981,0.57648
-2,140.434,2.80314,0.0555778,16.9173,5.43293,53.8619,5.54185,5.8692,0,11.8044,37.7631,0.384724,0.57648
8,140.434,2.80314,0.0555778,16.9173,5.43293,53.8619,5.54185,5.8692,0,11.8044,37.7631,0.384724,0.57648
-1,140.434,2.80314,0.0555778,16.9173,5.43293,53.8619,5.54185,5.8692,0,11.8044,37.7631,0.384724,0.403536
-2,139.64,2.78238,0.0582881,16.9656,5.44691,53.8583,5.3663,5.25264,0,11.8039,37.7303,0.375585,0.403536
9,139.64,2.78238,0.0582881,16.9656,5.44691,53.8583,5.3663,5.25264,0,11.8039,37.7303,0.375585,0.403536
0,145.059,2.8559,0.0588683,17.5951,7.3955,51.9033,5.33881,9.74362,0,12.0687,37.7253,0.373452,0.282475
-1,145.059,2.8559,0.0588683,17.5951,7.3955,51.9033,5.33881,9.74362,0,12.0687,37.7253,0.373452,7
-2,143.399,2.79188,0.0555749,17.6062,6.46012,52.3973,5.4341,8.44955,0,12.0898,37.743,0.371544,7
1,143.399,2.79188,0.0555749,17.6062,6.46012,52.3973,5.4341,8.44955,0,12.0898,37.743,0.371544,7
-1,143.399,2.79188,0.0555749,17.6062,6.46012,52.3973,5.4341,8.44955,0,12.0898,37.743,0.371544,4.9
-2,142.402,2.94423,0.0580198,17.5721,6.04452,52.8153,5.4288,7.34943,0,12.0769,37.742,0.370858,4.9
2,142.402,2.94423,0.0580198,17.5721,6.04452,52.8153,5.4288,7.34943,0,12.0769,37.742,0.370858,4.9
0,149.597,3.08886,0.0580908,18.2075,8.05321,50.8311,5.40373,13.5006,0,12.3456,37.7374,0.370851,3.43
-1,149.597,3.08886,0.0580908,18.2075,8.05321,50.8311,5.40373,13.5006,0,12.3456,37.7374,0.370851,7
-2,146.938,3.0225,0.0556049,18.1967,6.85817,51.5323,5.54627,11.2272,0,12.3663,37.764,0.369474,7
1,146.938,3.0225,0.0556049,18.1967,6.85817,51.5323,5.54627,11.2272,0,12.3663,37.764,0.369474,7
-1,146.938,3.0225,0.0556049,18.1967,6.85817,51.5323,5.54627,11.2272,0,12.3663,37.764,0.369474,4.9
-2,144.954,2.94528,0.05253,18.1338,6.26018,52.1167,5.57718,9.38412,0,12.3467,37.7697,0.368319,4.9
2,144.954,2.94528,0.05253,18.1338,6.26018,52.1167,5.57718,9.38412,0,12.3467,37.7697,0.368319,4.9
-1,144.954,2.94528,0.05253,18.1338,6.26018,52.1167,5.57718,9.38412,0,12.3467,37.7697,0.368319,3.43
-2,143.177,2.82087,0.0529339,18.0753,5.70412,52.5856,5.52644,7.96648,0,12.3167,37.7602,0.36806,3.43
3,143.177,2.82087,0.0529339,18.0753,5.70412,52.5856,5.52644,7.96648,0,12.3167,37.7602,0.36806,3.43
-1,143.177,2.82087,0.0529339,18.0753,5.70412,52.5856,5.52644,7.96648,0,12.3167,37.7602,0.36806,2.401
-2,142.125,3.08439,0.0569955,18.0119,5.363,52.9447,5.40099,6.88352,0,12.2744,37.7368,0.368236,2.401
4,142.125,3.08439,0.0569955,18.0119,5.363,52.9447,5.40099,6.88352,0,12.2744,37.7368,0.368236,2.401
-1,142.125,3.08439,0.0569955,18.0119,5.363,52.9447,5.40099,6.88352,0,12.2744,37.7368,0.368236,1.6807
-2,141.014,2.81013,0.0551038,17.9774,5.34453,53.169,5.26165,6.07591,0,12.2416,37.7108,0.367701,1.6807
5,141.014,2.81013,0.0551038,17.9774,5.34453,53.169,5.26165,6.07591,0,12.2416,37.7108,0.367701,1.6807
-1,141.014,2.81013,0.0551038,17.9774,5.34453,53.169,5.26165,6.07591,0,12.2416,37.7108,0.367701,1.17649
-2,140.323,2.75954,0.0584727,17.9675,5.36628,53.3701,5.1346,5.39413,0,12.2197,37.6871,0.365995,1.17649
6,140.323,2.75954,0.0584727,17.9675,5.36628,53.3701,5.1346,5.39413,0,12.2197,37.6871,0.365995,1.17649
0,145.629,2.74233,0.0586778,18.5972,7.26926,51.5243,5.09857,9.80645,0,12.486,37.6805,0.365294,0.823543
-1,145.629,2.74233,0.0586778,18.5972,7.26926,51.5243,5.09857,9.80645,0,12.486,37.6805,0.365294,7
-2,144.119,2.80892,0.0581479,18.608,6.32564,52.0646,5.18447,8.50061,0,12.508,37.6965,0.364317,7
1,144.119,2.80892,0.0581479,18.608,6.32564,52.0646,5.18447,8.50061,0,12.508,37.6965,0.364317,7
-1,144.119,2.80892,0.0581479,18.608,6.32564,52.0646,5.18447,8.50061,0,12.508,37.6965,0.364317,4.9
-2,142.921,2.79009,0.0549475,18.5733,5.84028,52.5041,5.18437,7.41647,0,12.4963,37.6964,0.364211,4.9
2,142.921,2.79009,0.0549475,18.5733,5.84028,52.5041,5.18437,7.41647,0,12.4963,37.6964,0.364211,4.9
-1,142.921,2.79009,0.0549475,18.5733,5.84028,52.5041,5.18437,7.41647,0,12.4963,37.6964,0.364211,3.43
-2,142.117,2.96356,0.0598261,18.5302,5.51472,52.8745,5.13486,6.51557,0,12.4717,37.6872,0.365121,3.43
3,142.117,2.96356,0.0598261,18.5302,5.51472,52.8745,5.13486,6.51557,0,12.4717,37.6872,0.365121,3.43
0,148.228,2.94091,0.0597819,19.165,7.38648,51.0296,5.09978,11.7586,0,12.7417,37.6808,0.365107,2.401
-1,148.228,2.94091,0.0597819,19.165,7.38648,51.0296,5.09978,11.7586,0,12.7417,37.6808,0.365107,7
-2,146.303,2.81298,0.05777,19.1451,6.65127,51.6771,5.19284,9.95006,0,12.7533,37.6981,0.364177,7
1,146.303,2.81298,0.05777,19.1451,6.65127,51.6771,5.19284,9.95006,0,12.7533,37.6981,0.364177,7
-1,146.303,2.81298,0.05777,19.1451,6.65127,51.6771,5.19284,9.95006,0,12.7533,37.6981,0.364177,4.9
-2,144.431,2.68174,0.0561323,19.1039,5.84614,52.212,5.21732,8.50387,0,12.7429,37.7026,0.364188,4.9
2,144.431,2.68174,0.0561323,19.1039,5.84614,52.212,5.21732,8.50387,0,12.7429,37.7026,0.364188,4.9
-1,144.431,2.68174,0.0561323,19.1039,5.84614,52.212,5.21732,8.50387,0,12.7429,37.7026,0.364188,3.43
-2,143.237,2.74926,0.0544927,19.0241,5.49842,52.6668,5.14133,7.34944,0,12.6998,37.6884,0.364619,3.43
3,143.237,2.74926,0.0544927,19.0241,5.49842,52.6668,5.14133,7.34944,0,12.6998,37.6884,0.364619,3.43
-1,143.237,2.74926,0.0544927,19.0241,5.49842,52.6668,5.14133,7.34944,0,12.6998,37.6884,0.364619,2.401
-2,142.231,2.80736,0.0569066,18.9594,5.20416,53.0362,5.04189,6.4324,0,12.6576,37.6699,0.365464,2.401
4,142.231,2.80736,0.0569066,18.9594,5.20416,53.0362,5.04189,6.4324,0,12.6576,37.6699,0.365464,2.401
-1,142.231,2.80736,0.0569066,18.9594,5.20416,53.0362,5.04189,6.4324,0,12.6576,37.6699,0.365464,1.6807
-2,141.415,2.66684,0.0579681,18.9068,5.20334,53.3199,4.92974,5.69918,0,12.6177,37.649,0.364937,1.6807
5,141.415,2.66684,0.0579681,18.9068,5.20334,53.3199,4.92974,5.69918,0,12.6177,37.649,0.364937,1.6807
0,146.831,2.67583,0.0581325,19.5388,7.03502,51.5434,4.88688,10.1998,0,12.8871,37.6412,0.364782,1.17649
-1,146.831,2.67583,0.0581325,19.5388,7.03502,51.5434,4.88688,10.1998,0,12.8871,37.6412,0.364782,7
-2,145.503,2.87276,0.0595013,19.523,6.24735,52.1442,4.94957,8.79397,0,12.8957,37.6528,0.364136,7
1,145.503,2.87276,0.0595013,19.523,6.24735,52.1442,4.94957,8.79397,0,12.8957,37.6528,0.364136,7
-1,145.503,2.87276,0.0595013,19.523,6.24735,52.1442,4.94957,8.79397,0,12.8957,37.6528,0.364136,4.9
-2,144.35,2.87079,0.059052,19.4829,5.80087,52.6171,4.95949,7.65763,0,12.8832,37.6546,0.364207,4.9
2,144.35,2.87079,0.059052,19.4829,5.80087,52.6171,4.95949,7.65763,0,12.8832,37.6546,0.364207,4.9
-1,144.35,2.87079,0.059052,19.4829,5.80087,52.6171,4.95949,7.65763,0,12.8832,37.6546,0.364207,3.43
-2,143.562,2.96063,0.0613326,19.4414,5.55911,52.9974,4.92187,6.74659,0,12.8609,37.6476,0.365318,3.43
3,143.562,2.96063,0.0613326,19.4414,5.55911,52.9974,4.92187,6.74659,0,12.8609,37.6476,0.365318,3.43
0,149.696,2.96572,0.0613034,20.0788,7.34407,51.2281,4.88086,11.9969,0,13.1343,37.6401,0.365316,2.401
-1,149.696,2.96572,0.0613034,20.0788,7.34407,51.2281,4.88086,11.9969,0,13.1343,37.6401,0.365316,7
-2,147.368,2.85989,0.0579882,20.0588,6.1784,51.8878,4.96862,10.1887,0,13.1465,37.6564,0.36496,7
1,147.368,2.85989,0.0579882,20.0588,6.1784,51.8878,4.96862,10.1887,0,13.1465,37.6564,0.36496,7
-1,147.368,2.85989,0.0579882,20.0588,6.1784,51.8878,4.96862,10.1887,0,13.1465,37.6564,0.36496,4.9
-2,145.726,2.75258,0.0561505,19.9698,5.71051,52.4808,4.95174,8.67752,0,13.1092,37.6532,0.36463,4.9
2,145.726,2.75258,0.0561505,19.9698,5.71051,52.4808,4.95174,8.67752,0,13.1092,37.6532,0.36463,4.9
-1,145.726,2.75258,0.0561505,19.9698,5.71051,52.4808,4.95174,8.67752,0,13.1092,37.6532,0.36463,3.43
-2,144.686,2.83802,0.0575475,19.8802,5.48719,52.9786,4.89054,7.48469,0,13.0622,37.6418,0.365191,3.43
3,144.686,2.83802,0.0575475,19.8802,5.48719,52.9786,4.89054,7.48469,0,13.0622,37.6418,0.365191,3.43
-1,144.686,2.83802,0.0575475,19.8802,5.48719,52.9786,4.89054,7.48469,0,13.0622,37.6418,0.365191,2.401
-2,143.963,2.99102,0.0604109,19.8259,5.31547,53.3516,4.81969,6.57612,0,13.0275,37.6287,0.366204,2.401
4,143.963,2.99102,0.0604109,19.8259,5.31547,53.3516,4.81969,6.57612,0,13.0275,37.6287,0.366204,2.401
0,149.875,3.01049,0.0604144,20.465,7.0275,51.6134,4.77718,11.6314,0,13.3029,37.6209,0.366204,1.6807
-1,149.875,3.01049,0.0604144,20.465,7.0275,51.6134,4.77718,11.6314,0,13.3029,37.6209,0.366204,7
-2,147.674,2.80049,0.0577689,20.4314,6.04541,52.2595,4.84587,9.92833,0,13.3056,37.6336,0.365907,7
1,147.674,2.80049,0.0577689,20.4314,6.04541,52.2595,4.84587,9.92833,0,13.3056,37.6336,0.365907,7
-1,147.674,2.80049,0.0577689,20.4314,6.04541,52.2595,4.84587,9.92833,0,13.3056,37.6336,0.365907,4.9
-2,146.058,2.6873,0.0549727,20.3368,5.55511,52.8407,4.82465,8.4984,0,13.2644,37.6296,0.36592,4.9
2,146.058,2.6873,0.0549727,20.3368,5.55511,52.8407,4.82465,8.4984,0,13.2644,37.6296,0.36592,4.9
-1,146.058,2.6873,0.0549727,20.3368,5.55511,52.8407,4.82465,8.4984,0,13.2644,37.6296,0.36592,3.43
-2,145.047,2.77047,0.0586446,20.2359,5.33649,53.3475,4.75613,7.34819,0,13.2105,37.6169,0.366782,3.43
3,145.047,2.77047,0.0586446,20.2359,5.33649,53.3475,4.75613,7.34819,0,13.2105,37.6169,0.366782,3.43
-1,145.047,2.77047,0.0586446,20.2359,5.33649,53.3475,4.75613,7.34819,0,13.2105,37.6169,0.366782,2.401
-2,144.318,2.83549,0.0588019,20.169,5.23423,53.7139,4.6807,6.48595,0,13.1693,37.6029,0.367511,2.401
4,144.318,2.83549,0.0588019,20.169,5.23423,53.7139,4.6807,6.48595,0,13.1693,37.6029,0.367511,2.401
0,150.103,2.86742,0.0588411,20.8061,6.92135,52.0007,4.63547,11.4062,0,13.4448,37.5946,0.36751,1.6807
-1,150.103,2.86742,0.0588411,20.8061,6.92135,52.0007,4.63547,11.4062,0,13.4448,37.5946,0.36751,7
-2,148.24,2.83862,0.0602645,20.767,6.0423,52.6568,4.69669,9.76137,0,13.4439,37.606,0.367325,7
1,148.24,2.83862,0.0602645,20.767,6.0423,52.6568,4.69669,9.76137,0,13.4439,37.606,0.367325,7
-1,148.24,2.83862,0.0602645,20.767,6.0423,52.6568,4.69669,9.76137,0,13.4439,37.606,0.367325,4.9
-2,146.699,2.70901,0.0550611,20.6865,5.55221,53.2054,4.6905,8.41625,0,13.4114,37.6048,0.36741,4.9
2,146.699,2.70901,0.0550611,20.6865,5.55221,53.2054,4.6905,8.41625,0,13.4114,37.6048,0.36741,4.9
-1,146.699,2.70901,0.0550611,20.6865,5.55221,53.2054,4.6905,8.41625,0,13.4114,37.6048,0.36741,3.43
-2,145.827,2.88152,0.0591421,20.5953,5.31924,53.7094,4.63544,7.30056,0,13.3632,37.5946,0.368639,3.43
3,145.827,2.88152,0.0591421,20.5953,5.31924,53.7094,4.63544,7.30056,0,13.3632,37.5946,0.368639,3.43
0,152.233,3.00393,0.0590876,21.2342,6.97637,51.9982,4.59313,12.7718,0,13.6408,37.5868,0.368638,2.401
-1,152.233,3.00393,0.0590876,21.2342,6.97637,51.9982,4.59313,12.7718,0,13.6408,37.5868,0.368638,7
-2,149.903,2.85467,0.0575673,21.1809,6.02783,52.7146,4.65981,10.8044,0,13.6358,37.5992,0.36837,7
1,149.903,2.85467,0.0575673,21.1809,6.02783,52.7146,4.65981,10.8044,0,13.6358,37.5992,0.36837,7
-1,149.903,2.85467,0.0575673,21.1809,6.02783,52.7146,4.65981,10.8044,0,13.6358,37.5992,0.36837,4.9
-2,148.059,2.71133,0.0548412,21.0726,5.49245,53.3471,4.65013,9.17411,0,13.5901,37.5974,0.368695,4.9
2,148.059,2.71133,0.0548412,21.0726,5.49245,53.3471,4.65013,9.17411,0,13.5901,37.5974,0.368695,4.9
-1,148.059,2.71133,0.0548412,21.0726,5.49245,53.3471,4.65013,9.17411,0,13.5901,37.5974,0.368695,3.43
-2,146.76,2.73767,0.0552818,20.9553,5.16467,53.8984,4.58757,7.87623,0,13.5291,37.5857,0.369619,3.43
3,146.76,2.73767,0.0552818,20.9553,5.16467,53.8984,4.58757,7.87623,0,13.5291,37.5857,0.369619,3.43
0,155.551,2.69938,0.0544528,21.7161,7.07346,51.6227,4.61278,15.9412,0,13.8716,37.5905,0.368658,3.43
-1,155.551,2.69938,0.0544528,21.7161,7.07346,51.6227,4.61278,15.9412,0,13.8716,37.5905,0.368658,7
-2,152.666,2.79899,0.0551077,21.5864,6.22658,52.5417,4.66761,12.9891,0,13.8314,37.6007,0.368395,7
1,152.666,2.79899,0.0551077,21.5864,6.22658,52.5417,4.66761,12.9891,0,13.8314,37.6007,0.368395,7
-1,152.666,2.79899,0.0551077,21.5864,6.22658,52.5417,4.66761,12.9891,0,13.8314,37.6007,0.368395,4.9
-2,150.595,2.95129,0.0567549,21.4531,5.63735,53.2887,4.66918,10.7926,0,13.7769,37.601,0.36852,4.9
2,150.595,2.95129,0.0567549,21.4531,5.63735,53.2887,4.66918,10.7926,0,13.7769,37.601,0.36852,4.9
-1,150.595,2.95129,0.0567549,21.4531,5.63735,53.2887,4.66918,10.7926,0,13.7769,37.601,0.36852,3.43
-2,148.786,2.8408,0.0571463,21.3298,5.24055,53.8851,4.62507,9.1296,0,13.7163,37.5928,0.368845,3.43
3,148.786,2.8408,0.0571463,21.3298,5.24055,53.8851,4.62507,9.1296,0,13.7163,37.5928,0.368845,3.43
-1,148.786,2.8408,0.0571463,21.3298,5.24055,53.8851,4.62507,9.1296,0,13.7163,37.5928,0.368845,2.401
-2,147.264,2.61699,0.0532727,21.2214,5.00603,54.379,4.5388,7.84851,0,13.6543,37.5768,0.369106,2.401
4,147.264,2.61699,0.0532727,21.2214,5.00603,54.379,4.5388,7.84851,0,13.6543,37.5768,0.369106,2.401
-1,147.264,2.61699,0.0532727,21.2214,5.00603,54.379,4.5388,7.84851,0,13.6543,37.5768,0.369106,1.6807
-2,146.411,2.7045,0.0568363,21.1267,4.91974,54.823,4.43002,6.83201,0,13.5927,37.5566,0.369313,1.6807
5,146.411,2.7045,0.0568363,21.1267,4.91974,54.823,4.43002,6.83201,0,13.5927,37.5566,0.369313,1.6807
0,152.217,2.76495,0.0565376,21.7641,6.48685,53.1151,4.38909,11.8496,0,13.872,37.5491,0.369288,1.17649
-1,152.217,2.76495,0.0565376,21.7641,6.48685,53.1151,4.38909,11.8496,0,13.872,37.5491,0.369288,7
-2,150.31,2.65762,0.0557158,21.6895,5.76215,53.7859,4.42445,10.1594,0,13.8506,37.5556,0.369061,7
1,150.31,2.65762,0.0557158,21.6895,5.76215,53.7859,4.42445,10.1594,0,13.8506,37.5556,0.369061,7
-1,150.31,2.65762,0.0557158,21.6895,5.76215,53.7859,4.42445,10.1594,0,13.8506,37.5556,0.369061,4.9
-2,148.939,2.76277,0.0569745,21.5783,5.29874,54.3807,4.40918,8.72858,0,13.8011,37.5528,0.369557,4.9
2,148.939,2.76277,0.0569745,21.5783,5.29874,54.3807,4.40918,8.72858,0,13.8011,37.5528,0.369557,4.9
-1,148.939,2.76277,0.0569745,21.5783,5.29874,54.3807,4.40918,8.72858,0,13.8011,37.5528,0.369557,3.43
-2,147.922,2.73948,0.0562776,21.4778,5.15922,54.8671,4.35876,7.6007,0,13.7489,37.5434,0.370613,3.43
3,147.922,2.73948,0.0562776,21.4778,5.15922,54.8671,4.35876,7.6007,0,13.7489,37.5434,0.370613,3.43
-1,147.922,2.73948,0.0562776,21.4778,5.15922,54.8671,4.35876,7.6007,0,13.7489,37.5434,0.370613,2.401
-2,147.029,2.71755,0.057031,21.4159,4.94341,55.2672,4.30102,6.7107,0,13.7109,37.5327,0.372213,2.401
4,147.029,2.71755,0.057031,21.4159,4.94341,55.2672,4.30102,6.7107,0,13.7109,37.5327,0.372213,2.401
0,152.697,2.7957,0.0568044,22.0478,6.50454,53.5659,4.25993,11.5806,0,13.9883,37.5252,0.372212,1.6807
-1,152.697,2.7957,0.0568044,22.0478,6.50454,53.5659,4.25993,11.5806,0,13.9883,37.5252,0.372212,7
-2,150.868,2.68262,0.0558086,21.9946,5.73737,54.2215,4.30478,9.98734,0,13.9786,37.5335,0.372235,7
1,150.868,2.68262,0.0558086,21.9946,5.73737,54.2215,4.30478,9.98734,0,13.9786,37.5335,0.372235,7
-1,150.868,2.68262,0.0558086,21.9946,5.73737,54.2215,4.30478,9.98734,0,13.9786,37.5335,0.372235,4.9
-2,149.586,2.76349,0.0593181,21.8976,5.30134,54.806,4.29682,8.61953,0,13.9369,37.532,0.372882,4.9
2,149.586,2.76349,0.0593181,21.8976,5.30134,54.806,4.29682,8.61953,0,13.9369,37.532,0.372882,4.9
-1,149.586,2.76349,0.0593181,21.8976,5.30134,54.806,4.29682,8.61953,0,13.9369,37.532,0.372882,3.43
-2,148.441,2.63164,0.0560084,21.8116,5.07406,55.258,4.25653,7.56132,0,13.8933,37.5246,0.373602,3.43
3,148.441,2.63164,0.0560084,21.8116,5.07406,55.258,4.25653,7.56132,0,13.8933,37.5246,0.373602,3.43
-1,148.441,2.63164,0.0560084,21.8116,5.07406,55.258,4.25653,7.56132,0,13.8933,37.5246,0.373602,2.401
-2,147.734,2.71611,0.0568113,21.7418,4.93228,55.6656,4.1925,6.69074,0,13.8507,37.5127,0.375022,2.401
4,147.734,2.71611,0.0568113,21.7418,4.93228,55.6656,4.1925,6.69074,0,13.8507,37.5127,0.375022,2.401
0,153.315,2.80534,0.0566408,22.3711,6.45902,53.974,4.15071,11.4905,0,14.1279,37.505,0.375022,1.6807
-1,153.315,2.80534,0.0566408,22.3711,6.45902,53.974,4.15071,11.4905,0,14.1279,37.505,0.375022,7
-2,151.505,2.78221,0.056546,22.3227,5.57173,54.6269,4.19729,9.9378,0,14.1206,37.5137,0.375213,7
1,151.505,2.78221,0.056546,22.3227,5.57173,54.6269,4.19729,9.9378,0,14.1206,37.5137,0.375213,7
-1,151.505,2.78221,0.056546,22.3227,5.57173,54.6269,4.19729,9.9378,0,14.1206,37.5137,0.375213,4.9
-2,150.442,2.83368,0.0600316,22.2222,5.36201,55.1913,4.18544,8.62328,0,14.0764,37.5115,0.375914,4.9
2,150.442,2.83368,0.0600316,22.2222,5.36201,55.1913,4.18544,8.62328,0,14.0764,37.5115,0.375914,4.9
-1,150.442,2.83368,0.0600316,22.2222,5.36201,55.1913,4.18544,8.62328,0,14.0764,37.5115,0.375914,3.43
-2,149.483,2.78542,0.0600849,22.1574,5.16288,55.6364,4.16523,7.5848,0,14.0455,37.5077,0.377139,3.43
3,149.483,2.78542,0.0600849,22.1574,5.16288,55.6364,4.16523,7.5848,0,14.0455,37.5077,0.377139,3.43
0,155.558,2.85698,0.0599709,22.7878,6.61518,53.9418,4.12726,12.9659,0,14.3248,37.5008,0.377134,2.401
-1,155.558,2.85698,0.0599709,22.7878,6.61518,53.9418,4.12726,12.9659,0,14.3248,37.5008,0.377134,7
-2,153.365,2.79631,0.0548415,22.7197,5.69203,54.6482,4.18628,11.0667,0,14.3118,37.5117,0.37706,7
1,153.365,2.79631,0.0548415,22.7197,5.69203,54.6482,4.18628,11.0667,0,14.3118,37.5117,0.37706,7
-1,153.365,2.79631,0.0548415,22.7197,5.69203,54.6482,4.18628,11.0667,0,14.3118,37.5117,0.37706,4.9
-2,151.824,2.84658,0.054809,22.6115,5.20274,55.292,4.16964,9.49661,0,14.2634,37.5086,0.378046,4.9
2,151.824,2.84658,0.054809,22.6115,5.20274,55.292,4.16964,9.49661,0,14.2634,37.5086,0.378046,4.9
0,161.551,2.82413,0.0550439,23.3501,7.02841,52.9432,4.15165,18.7232,0,14.5924,37.5054,0.377053,4.9
-1,161.551,2.82413,0.0550439,23.3501,7.02841,52.9432,4.15165,18.7232,0,14.5924,37.5054,0.377053,7
-2,157.964,2.92772,0.0573242,23.1931,6.05856,53.9753,4.21675,15.0985,0,14.5426,37.5174,0.376563,7
1,157.964,2.92772,0.0573242,23.1931,6.05856,53.9753,4.21675,15.0985,0,14.5426,37.5174,0.376563,7
-1,157.964,2.92772,0.0573242,23.1931,6.05856,53.9753,4.21675,15.0985,0,14.5426,37.5174,0.376563,4.9
-2,155.165,2.77159,0.0539599,23.0311,5.48669,54.8197,4.23516,12.3924,0,14.4777,37.5208,0.376274,4.9
2,155.165,2.77159,0.0539599,23.0311,5.48669,54.8197,4.23516,12.3924,0,14.4777,37.5208,0.376274,4.9
-1,155.165,2.77159,0.0539599,23.0311,5.48669,54.8197,4.23516,12.3924,0,14.4777,37.5208,0.376274,3.43
-2,153.246,2.86487,0.0541046,22.8862,5.04343,55.5437,4.19185,10.3657,0,14.4069,37.5128,0.376671,3.43
3,153.246,2.86487,0.0541046,22.8862,5.04343,55.5437,4.19185,10.3657,0,14.4069,37.5128,0.376671,3.43
-1,153.246,2.86487,0.0541046,22.8862,5.04343,55.5437,4.19185,10.3657,0,14.4069,37.5128,0.376671,2.401
-2,151.818,2.79809,0.0553921,22.7726,4.86477,56.1146,4.11815,8.87459,0,14.343,37.4991,0.377356,2.401
4,151.818,2.79809,0.0553921,22.7726,4.86477,56.1146,4.11815,8.87459,0,14.343,37.4991,0.377356,2.401
-1,151.818,2.79809,0.0553921,22.7726,4.86477,56.1146,4.11815,8.87459,0,14.343,37.4991,0.377356,1.6807
-2,150.876,2.89894,0.0598406,22.6927,4.73957,56.5767,4.04548,7.7058,0,14.293,37.4857,0.377859,1.6807
5,150.876,2.89894,0.0598406,22.6927,4.73957,56.5767,4.04548,7.7058,0,14.293,37.4857,0.377859,1.6807
0,156.691,2.87971,0.0594521,23.3231,6.05439,54.8577,4.01291,13.0709,0,14.575,37.4797,0.377823,1.17649
-1,156.691,2.87971,0.0594521,23.3231,6.05439,54.8577,4.01291,13.0709,0,14.575,37.4797,0.377823,7
-2,154.685,2.81938,0.0555118,23.2085,5.4353,55.5459,4.04637,11.1756,0,14.5343,37.4859,0.377728,7
1,154.685,2.81938,0.0555118,23.2085,5.4353,55.5459,4.04637,11.1756,0,14.5343,37.4859,0.377728,7
-1,154.685,2.81938,0.0555118,23.2085,5.4353,55.5459,4.04637,11.1756,0,14.5343,37.4859,0.377728,4.9
-2,153.198,2.86231,0.0549109,23.0873,5.03665,56.1726,4.02184,9.62492,0,14.4774,37.4814,0.378836,4.9
2,153.198,2.86231,0.0549109,23.0873,5.03665,56.1726,4.02184,9.62492,0,14.4774,37.4814,0.378836,4.9
-1,153.198,2.86231,0.0549109,23.0873,5.03665,56.1726,4.02184,9.62492,0,14.4774,37.4814,0.378836,3.43
-2,152.012,2.76914,0.0556313,22.9862,4.85458,56.6926,3.97107,8.40644,0,14.4232,37.472,0.380667,3.43
3,152.012,2.76914,0.0556313,22.9862,4.85458,56.6926,3.97107,8.40644,0,14.4232,37.472,0.380667,3.43
0,160.132,2.8299,0.0548287,23.7156,6.27275,54.4302,3.99247,16.2219,0,14.7595,37.476,0.378814,3.43
-1,160.132,2.8299,0.0548287,23.7156,6.27275,54.4302,3.99247,16.2219,0,14.7595,37.476,0.378814,7
-2,157.564,2.88559,0.0577329,23.5517,5.72511,55.313,4.02516,13.4476,0,14.6969,37.4821,0.37898,7
1,157.564,2.88559,0.0577329,23.5517,5.72511,55.313,4.02516,13.4476,0,14.6969,37.4821,0.37898,7
-1,157.564,2.88559,0.0577329,23.5517,5.72511,55.313,4.02516,13.4476,0,14.6969,37.4821,0.37898,4.9
-2,155.283,2.73765,0.0536069,23.4104,5.19894,56.0476,4.03752,11.2953,0,14.6383,37.4844,0.379614,4.9
2,155.283,2.73765,0.0536069,23.4104,5.19894,56.0476,4.03752,11.2953,0,14.6383,37.4844,0.379614,4.9
-1,155.283,2.73765,0.0536069,23.4104,5.19894,56.0476,4.03752,11.2953,0,14.6383,37.4844,0.379614,3.43
-2,153.72,2.76121,0.0533463,23.2828,4.88246,56.6897,3.98961,9.6312,0,14.573,37.4755,0.381083,3.43
3,153.72,2.76121,0.0533463,23.2828,4.88246,56.6897,3.98961,9.6312,0,14.573,37.4755,0.381083,3.43
0,163.255,2.78733,0.0542029,24.04,6.36667,54.2804,4.01375,18.9309,0,14.9224,37.48,0.379536,3.43
-1,163.255,2.78733,0.0542029,24.04,6.36667,54.2804,4.01375,18.9309,0,14.9224,37.48,0.379536,7
-2,159.497,2.58972,0.0520675,23.8388,5.59142,55.2777,4.04977,15.388,0,14.8431,37.4867,0.379961,7
1,159.497,2.58972,0.0520675,23.8388,5.59142,55.2777,4.04977,15.388,0,14.8431,37.4867,0.379961,7
-1,159.497,2.58972,0.0520675,23.8388,5.59142,55.2777,4.04977,15.388,0,14.8431,37.4867,0.379961,4.9
-2,157.108,2.72365,0.0557983,23.6324,5.25405,56.1428,4.03564,12.6499,0,14.7486,37.4841,0.380722,4.9
2,157.108,2.72365,0.0557983,23.6324,5.25405,56.1428,4.03564,12.6499,0,14.7486,37.4841,0.380722,4.9
-1,157.108,2.72365,0.0557983,23.6324,5.25405,56.1428,4.03564,12.6499,0,14.7486,37.4841,0.380722,3.43
-2,155.049,2.59942,0.0502887,23.4873,4.89939,56.8187,4.00088,10.6555,0,14.6781,37.4777,0.381383,3.43
3,155.049,2.59942,0.0502887,23.4873,4.89939,56.8187,4.00088,10.6555,0,14.6781,37.4777,0.381383,3.43
-1,155.049,2.59942,0.0502887,23.4873,4.89939,56.8187,4.00088,10.6555,0,14.6781,37.4777,0.381383,2.401
-2,153.911,2.84905,0.0546405,23.3747,4.71523,57.4244,3.92328,9.11059,0,14.6127,37.4633,0.383119,2.401
4,153.911,2.84905,0.0546405,23.3747,4.71523,57.4244,3.92328,9.11059,0,14.6127,37.4633,0.383119,2.401
0,162.493,2.66642,0.0509915,24.117,6.00126,55.0165,3.98099,17.841,0,14.9635,37.474,0.381269,2.401
-1,162.493,2.66642,0.0509915,24.117,6.00126,55.0165,3.98099,17.841,0,14.9635,37.474,0.381269,7
-2,159.414,2.71461,0.0533514,23.9064,5.40613,55.9735,3.99124,14.638,0,14.8725,37.476,0.382281,7
1,159.414,2.71461,0.0533514,23.9064,5.40613,55.9735,3.99124,14.638,0,14.8725,37.476,0.382281,7
-1,159.414,2.71461,0.0533514,23.9064,5.40613,55.9735,3.99124,14.638,0,14.8725,37.476,0.382281,4.9
-2,156.973,2.60667,0.0516203,23.713,5.04037,56.7632,3.9791,12.1784,0,14.7833,37.4737,0.38325,4.9
2,156.973,2.60667,0.0516203,23.713,5.04037,56.7632,3.9791,12.1784,0,14.7833,37.4737,0.38325,4.9
-1,156.973,2.60667,0.0516203,23.713,5.04037,56.7632,3.9791,12.1784,0,14.7833,37.4737,0.38325,3.43
-2,155.301,2.65916,0.0507236,23.5637,4.80497,57.4454,3.9242,10.2977,0,14.7063,37.4636,0.38482,3.43
3,155.301,2.65916,0.0507236,23.5637,4.80497,57.4454,3.9242,10.2977,0,14.7063,37.4636,0.38482,3.43
-1,155.301,2.65916,0.0507236,23.5637,4.80497,57.4454,3.9242,10.2977,0,14.7063,37.4636,0.38482,2.401
-2,154.269,2.86751,0.0544965,23.4696,4.65047,57.9975,3.85778,8.88258,0,14.6515,37.4513,0.386719,2.401
4,154.269,2.86751,0.0544965,23.4696,4.65047,57.9975,3.85778,8.88258,0,14.6515,37.4513,0.386719,2.401
-1,154.269,2.86751,0.0544965,23.4696,4.65047,57.9975,3.85778,8.88258,0,14.6515,37.4513,0.386719,1.6807
-2,153.186,2.73095,0.0553131,23.4364,4.47811,58.3751,3.79731,7.85977,0,14.6255,37.4401,0.387881,1.6807
5,153.186,2.73095,0.0553131,23.4364,4.47811,58.3751,3.79731,7.85977,0,14.6255,37.4401,0.387881,1.6807
-1,153.186,2.73095,0.0553131,23.4364,4.47811,58.3751,3.79731,7.85977,0,14.6255,37.4401,0.387881,1.17649
-2,152.42,2.60738,0.0556652,23.4158,4.4896,58.6887,3.72915,7.01592,0,14.603,37.4274,0.387698,1.17649
6,152.42,2.60738,0.0556652,23.4158,4.4896,58.6887,3.72915,7.01592,0,14.603,37.4274,0.387698,1.17649
0,157.45,2.64526,0.0556251,24.0299,5.67769,56.9203,3.704,11.7263,0,14.8805,37.4228,0.387576,0.823543
-1,157.45,2.64526,0.0556251,24.0299,5.67769,56.9203,3.704,11.7263,0,14.8805,37.4228,0.387576,7
-2,156.45,2.95768,0.060775,23.944,5.29601,57.523,3.7358,10.265,0,14.851,37.4287,0.387696,7
1,156.45,2.95768,0.060775,23.944,5.29601,57.523,3.7358,10.265,0,14.851,37.4287,0.387696,7
-1,156.45,2.95768,0.060775,23.944,5.29601,57.523,3.7358,10.265,0,14.851,37.4287,0.387696,4.9
-2,155.034,2.77928,0.0554422,23.8866,4.81722,57.9822,3.75346,9.10824,0,14.831,37.432,0.388616,4.9
2,155.034,2.77928,0.0554422,23.8866,4.81722,57.9822,3.75346,9.10824,0,14.831,37.432,0.388616,4.9
-1,155.034,2.77928,0.0554422,23.8866,4.81722,57.9822,3.75346,9.10824,0,14.831,37.432,0.388616,3.43
-2,153.958,2.63976,0.0540973,23.8239,4.58431,58.4203,3.71104,8.11418,0,14.7956,37.4241,0.390727,3.43
3,153.958,2.63976,0.0540973,23.8239,4.58431,58.4203,3.71104,8.11418,0,14.7956,37.4241,0.390727,3.43
-1,153.958,2.63976,0.0540973,23.8239,4.58431,58.4203,3.71104,8.11418,0,14.7956,37.4241,0.390727,2.401
-2,153.123,2.62961,0.0557812,23.7708,4.37216,58.8074,3.65443,7.26529,0,14.7606,37.4137,0.392703,2.401
4,153.123,2.62961,0.0557812,23.7708,4.37216,58.8074,3.65443,7.26529,0,14.7606,37.4137,0.392703,2.401
0,158.23,2.66751,0.0558578,24.3807,5.53104,57.041,3.62817,12.0873,0,15.0369,37.4088,0.39269,1.6807
-1,158.23,2.66751,0.0558578,24.3807,5.53104,57.041,3.62817,12.0873,0,15.0369,37.4088,0.39269,7
-2,157.012,2.793,0.0570625,24.2785,5.20934,57.673,3.64589,10.5523,0,14.9981,37.4121,0.392876,7
1,157.012,2.793,0.0570625,24.2785,5.20934,57.673,3.64589,10.5523,0,14.9981,37.4121,0.392876,7
-1,157.012,2.793,0.0570625,24.2785,5.20934,57.673,3.64589,10.5523,0,14.9981,37.4121,0.392876,4.9
-2,156.012,2.84133,0.0580489,24.2023,4.98149,58.2038,3.65429,9.29554,0,14.9676,37.4137,0.394115,4.9
2,156.012,2.84133,0.0580489,24.2023,4.98149,58.2038,3.65429,9.29554,0,14.9676,37.4137,0.394115,4.9
-1,156.012,2.84133,0.0580489,24.2023,4.98149,58.2038,3.65429,9.29554,0,14.9676,37.4137,0.394115,3.43
-2,155.035,2.79739,0.0558041,24.1615,4.69328,58.6233,3.6479,8.29833,0,14.9493,37.4125,0.396151,3.43
3,155.035,2.79739,0.0558041,24.1615,4.69328,58.6233,3.6479,8.29833,0,14.9493,37.4125,0.396151,3.43
0,160.657,2.82324,0.0561581,24.7714,5.75191,56.8481,3.62409,13.7506,0,15.2269,37.4081,0.396135,2.401
-1,160.657,2.82324,0.0561581,24.7714,5.75191,56.8481,3.62409,13.7506,0,15.2269,37.4081,0.396135,7
-2,158.61,2.75033,0.0562551,24.6557,5.09279,57.5542,3.65644,11.8495,0,15.184,37.4141,0.396702,7
1,158.61,2.75033,0.0562551,24.6557,5.09279,57.5542,3.65644,11.8495,0,15.184,37.4141,0.396702,7
-1,158.61,2.75033,0.0562551,24.6557,5.09279,57.5542,3.65644,11.8495,0,15.184,37.4141,0.396702,4.9
-2,157.134,2.66477,0.0547183,24.5316,4.86292,58.1772,3.64399,10.2614,0,15.1276,37.4118,0.397642,4.9
2,157.134,2.66477,0.0547183,24.5316,4.86292,58.1772,3.64399,10.2614,0,15.1276,37.4118,0.397642,4.9
-1,157.134,2.66477,0.0547183,24.5316,4.86292,58.1772,3.64399,10.2614,0,15.1276,37.4118,0.397642,3.43
-2,156.288,2.87971,0.0589297,24.4458,4.69123,58.7086,3.61645,8.99626,0,15.0846,37.4067,0.399486,3.43
3,156.288,2.87971,0.0589297,24.4458,4.69123,58.7086,3.61645,8.99626,0,15.0846,37.4067,0.399486,3.43
0,163.826,2.65548,0.0554195,25.1398,5.86317,56.3772,3.62283,16.9014,0,15.4055,37.408,0.39764,3.43
-1,163.826,2.65548,0.0554195,25.1398,5.86317,56.3772,3.62283,16.9014,0,15.4055,37.408,0.39764,7
-2,161.636,2.93046,0.0578913,24.965,5.47556,57.2437,3.65683,14.158,0,15.3362,37.4143,0.398004,7
1,161.636,2.93046,0.0578913,24.965,5.47556,57.2437,3.65683,14.158,0,15.3362,37.4143,0.398004,7
-1,161.636,2.93046,0.0578913,24.965,5.47556,57.2437,3.65683,14.158,0,15.3362,37.4143,0.398004,4.9
-2,159.144,2.56211,0.0528229,24.845,4.86766,57.9388,3.67969,12.0917,0,15.2885,37.4185,0.398923,4.9
2,159.144,2.56211,0.0528229,24.845,4.86766,57.9388,3.67969,12.0917,0,15.2885,37.4185,0.398923,4.9
-1,159.144,2.56211,0.0528229,24.845,4.86766,57.9388,3.67969,12.0917,0,15.2885,37.4185,0.398923,3.43
-2,157.586,2.4812,0.0521922,24.7124,4.71778,58.5868,3.63787,10.3663,0,15.2209,37.4108,0.40016,3.43
3,157.586,2.4812,0.0521922,24.7124,4.71778,58.5868,3.63787,10.3663,0,15.2209,37.4108,0.40016,3.43
-1,157.586,2.4812,0.0521922,24.7124,4.71778,58.5868,3.63787,10.3663,0,15.2209,37.4108,0.40016,2.401
-2,156.655,2.67734,0.0561628,24.6337,4.56318,59.128,3.59285,9.02283,0,15.1769,37.4024,0.401924,2.401
4,156.655,2.67734,0.0561628,24.6337,4.56318,59.128,3.59285,9.02283,0,15.1769,37.4024,0.401924,2.401
0,164.187,2.47799,0.0532286,25.3213,5.61504,56.7534,3.62071,17.0376,0,15.5004,37.4076,0.400133,2.401
-1,164.187,2.47799,0.0532286,25.3213,5.61504,56.7534,3.62071,17.0376,0,15.5004,37.4076,0.400133,7
-2,162.217,2.93361,0.0588835,25.1209,5.36244,57.6291,3.63779,14.2488,0,15.4136,37.4108,0.400891,7
1,162.217,2.93361,0.0588835,25.1209,5.36244,57.6291,3.63779,14.2488,0,15.4136,37.4108,0.400891,7
-1,162.217,2.93361,0.0588835,25.1209,5.36244,57.6291,3.63779,14.2488,0,15.4136,37.4108,0.400891,4.9
-2,160.02,2.75227,0.0540362,24.9957,4.88631,58.3032,3.65939,12.1905,0,15.3623,37.4148,0.402016,4.9
2,160.02,2.75227,0.0540362,24.9957,4.88631,58.3032,3.65939,12.1905,0,15.3623,37.4148,0.402016,4.9
-1,160.02,2.75227,0.0540362,24.9957,4.88631,58.3032,3.65939,12.1905,0,15.3623,37.4148,0.402016,3.43
-2,158.057,2.36771,0.0495423,24.8891,4.57358,58.9168,3.62699,10.5124,0,15.308,37.4088,0.403717,3.43
3,158.057,2.36771,0.0495423,24.8891,4.57358,58.9168,3.62699,10.5124,0,15.308,37.4088,0.403717,3.43
-1,158.057,2.36771,0.0495423,24.8891,4.57358,58.9168,3.62699,10.5124,0,15.308,37.4088,0.403717,2.401
-2,157.086,2.57065,0.0540499,24.7976,4.43005,59.4743,3.5639,9.13847,0,15.2544,37.3971,0.405645,2.401
4,157.086,2.57065,0.0540499,24.7976,4.43005,59.4743,3.5639,9.13847,0,15.2544,37.3971,0.405645,2.401
0,164.609,2.36815,0.050892,25.4959,5.3908,57.0597,3.61338,17.233,0,15.5874,37.4063,0.403681,2.401
-1,164.609,2.36815,0.050892,25.4959,5.3908,57.0597,3.61338,17.233,0,15.5874,37.4063,0.403681,7
-2,162.628,2.81121,0.0583522,25.275,5.23302,57.9485,3.61173,14.3937,0,15.4863,37.4061,0.404657,7
1,162.628,2.81121,0.0583522,25.275,5.23302,57.9485,3.61173,14.3937,0,15.4863,37.4061,0.404657,7
-1,162.628,2.81121,0.0583522,25.275,5.23302,57.9485,3.61173,14.3937,0,15.4863,37.4061,0.404657,4.9
-2,160.662,2.7406,0.0526082,25.1403,4.91987,58.6219,3.6268,12.3156,0,15.4295,37.4088,0.405677,4.9
2,160.662,2.7406,0.0526082,25.1403,4.91987,58.6219,3.6268,12.3156,0,15.4295,37.4088,0.405677,4.9
-1,160.662,2.7406,0.0526082,25.1403,4.91987,58.6219,3.6268,12.3156,0,15.4295,37.4088,0.405677,3.43
-2,158.862,2.64388,0.0529974,25.0552,4.41401,59.233,3.5966,10.669,0,15.386,37.4033,0.408014,3.43
3,158.862,2.64388,0.0529974,25.0552,4.41401,59.233,3.5966,10.669,0,15.386,37.4033,0.408014,3.43
0,168.071,2.72652,0.0547061,25.7442,5.60297,56.7396,3.61507,20.0671,0,15.7083,37.4067,0.405588,3.43
-1,168.071,2.72652,0.0547061,25.7442,5.60297,56.7396,3.61507,20.0671,0,15.7083,37.4067,0.405588,7
-2,164.577,2.574,0.0534852,25.5043,5.15908,57.7066,3.63301,16.529,0,15.6011,37.4101,0.406515,7
1,164.577,2.574,0.0534852,25.5043,5.15908,57.7066,3.63301,16.529,0,15.6011,37.4101,0.406515,7
-1,164.577,2.574,0.0534852,25.5043,5.15908,57.7066,3.63301,16.529,0,15.6011,37.4101,0.406515,4.9
-2,162.603,2.97812,0.0602416,25.3115,4.97144,58.5531,3.62519,13.7753,0,15.5117,37.4086,0.407775,4.9
2,162.603,2.97812,0.0602416,25.3115,4.97144,58.5531,3.62519,13.7753,0,15.5117,37.4086,0.407775,4.9
-1,162.603,2.97812,0.0602416,25.3115,4.97144,58.5531,3.62519,13.7753,0,15.5117,37.4086,0.407775,3.43
-2,160.687,2.81605,0.0539273,25.2118,4.71713,59.1497,3.62285,11.8305,0,15.468,37.4082,0.40874,3.43
3,160.687,2.81605,0.0539273,25.2118,4.71713,59.1497,3.62285,11.8305,0,15.468,37.4082,0.40874,3.43
-1,160.687,2.81605,0.0539273,25.2118,4.71713,59.1497,3.62285,11.8305,0,15.468,37.4082,0.40874,2.401
-2,158.928,2.54962,0.0518295,25.1644,4.33988,59.6895,3.57399,10.3094,0,15.439,37.3991,0.410829,2.401
4,158.928,2.54962,0.0518295,25.1644,4.33988,59.6895,3.57399,10.3094,0,15.439,37.3991,0.410829,2.401
-1,158.928,2.54962,0.0518295,25.1644,4.33988,59.6895,3.57399,10.3094,0,15.439,37.3991,0.410829,1.6807
-2,157.849,2.49107,0.0510787,25.114,4.28083,60.1565,3.50139,9.05296,0,15.4032,37.3857,0.4119,1.6807
5,157.849,2.49107,0.0510787,25.114,4.28083,60.1565,3.50139,9.05296,0,15.4032,37.3857,0.4119,1.6807
-1,157.849,2.49107,0.0510787,25.114,4.28083,60.1565,3.50139,9.05296,0,15.4032,37.3857,0.4119,1.17649
-2,157.189,2.62574,0.0541751,25.107,4.17924,60.528,3.44168,8.07667,0,15.3892,37.3746,0.412748,1.17649
6,157.189,2.62574,0.0541751,25.107,4.17924,60.528,3.44168,8.07667,0,15.3892,37.3746,0.412748,1.17649
0,162.19,2.67784,0.0552418,25.7041,5.0327,58.6638,3.42741,13.179,0,15.665,37.372,0.412678,0.823543
-1,162.19,2.67784,0.0552418,25.7041,5.0327,58.6638,3.42741,13.179,0,15.665,37.372,0.412678,7
-2,161.056,2.81089,0.0569122,25.5797,4.91531,59.2616,3.44041,11.5923,0,15.6118,37.3744,0.413124,7
1,161.056,2.81089,0.0569122,25.5797,4.91531,59.2616,3.44041,11.5923,0,15.6118,37.3744,0.413124,7
-1,161.056,2.81089,0.0569122,25.5797,4.91531,59.2616,3.44041,11.5923,0,15.6118,37.3744,0.413124,4.9
-2,159.965,2.84626,0.0572507,25.5095,4.65198,59.7454,3.45373,10.3257,0,15.5838,37.3769,0.414575,4.9
2,159.965,2.84626,0.0572507,25.5095,4.65198,59.7454,3.45373,10.3257,0,15.5838,37.3769,0.414575,4.9
-1,159.965,2.84626,0.0572507,25.5095,4.65198,59.7454,3.45373,10.3257,0,15.5838,37.3769,0.414575,3.43
-2,158.795,2.68399,0.055928,25.4656,4.38021,60.1533,3.44631,9.25426,0,15.5632,37.3755,0.416544,3.43
3,158.795,2.68399,0.055928,25.4656,4.38021,60.1533,3.44631,9.25426,0,15.5632,37.3755,0.416544,3.43
-1,158.795,2.68399,0.055928,25.4656,4.38021,60.1533,3.44631,9.25426,0,15.5632,37.3755,0.416544,2.401
-2,158.051,2.65918,0.0558732,25.4405,4.302,60.5225,3.41219,8.32426,0,15.5462,37.3692,0.418897,2.401
4,158.051,2.65918,0.0558732,25.4405,4.302,60.5225,3.41219,8.32426,0,15.5462,37.3692,0.418897,2.401
0,163.093,2.7045,0.0572435,26.0347,5.09916,58.6613,3.39825,13.5312,0,15.8214,37.3666,0.418864,1.6807
-1,163.093,2.7045,0.0572435,26.0347,5.09916,58.6613,3.39825,13.5312,0,15.8214,37.3666,0.418864,7
-2,161.606,2.65194,0.0556852,25.9141,4.85257,59.2807,3.41254,11.8792,0,15.7701,37.3693,0.419643,7
1,161.606,2.65194,0.0556852,25.9141,4.85257,59.2807,3.41254,11.8792,0,15.7701,37.3693,0.419643,7
-1,161.606,2.65194,0.0556852,25.9141,4.85257,59.2807,3.41254,11.8792,0,15.7701,37.3693,0.419643,4.9
-2,160.606,2.82174,0.0567524,25.8339,4.61024,59.8151,3.41245,10.5299,0,15.7351,37.3693,0.421305,4.9
2,160.606,2.82174,0.0567524,25.8339,4.61024,59.8151,3.41245,10.5299,0,15.7351,37.3693,0.421305,4.9
0,166.695,2.83442,0.0590836,26.4243,5.23269,57.9338,3.39923,17.0143,0,16.0092,37.3669,0.421288,3.43
-1,166.695,2.83442,0.0590836,26.4243,5.23269,57.9338,3.39923,17.0143,0,16.0092,37.3669,0.421288,7
-2,164.295,2.73125,0.0564747,26.2378,4.88988,58.6894,3.4229,14.5459,0,15.9282,37.3712,0.421635,7
1,164.295,2.73125,0.0564747,26.2378,4.88988,58.6894,3.4229,14.5459,0,15.9282,37.3712,0.421635,7
-1,164.295,2.73125,0.0564747,26.2378,4.88988,58.6894,3.4229,14.5459,0,15.9282,37.3712,0.421635,4.9
-2,162.609,2.71501,0.0564308,26.0935,4.77645,59.3873,3.41953,12.5061,0,15.8619,37.3706,0.422628,4.9
2,162.609,2.71501,0.0564308,26.0935,4.77645,59.3873,3.41953,12.5061,0,15.8619,37.3706,0.422628,4.9
-1,162.609,2.71501,0.0564308,26.0935,4.77645,59.3873,3.41953,12.5061,0,15.8619,37.3706,0.422628,3.43
-2,161.433,2.8845,0.0584372,26.0198,4.54915,59.9701,3.41211,10.9162,0,15.8284,37.3693,0.424566,3.43
3,161.433,2.8845,0.0584372,26.0198,4.54915,59.9701,3.41211,10.9162,0,15.8284,37.3693,0.424566,3.43
-1,161.433,2.8845,0.0584372,26.0198,4.54915,59.9701,3.41211,10.9162,0,15.8284,37.3693,0.424566,2.401
-2,160.484,2.93855,0.0578589,26.0053,4.35004,60.3975,3.39244,9.7284,0,15.821,37.3656,0.426767,2.401
4,160.484,2.93855,0.0578589,26.0053,4.35004,60.3975,3.39244,9.7284,0,15.821,37.3656,0.426767,2.401
0,165.937,2.86783,0.0595416,26.5952,4.94737,58.4962,3.38157,15.7034,0,16.0958,37.3636,0.426713,1.6807
-1,165.937,2.86783,0.0595416,26.5952,4.94737,58.4962,3.38157,15.7034,0,16.0958,37.3636,0.426713,7
-2,163.897,2.68613,0.0570377,26.4252,4.73611,59.1645,3.38815,13.6298,0,16.018,37.3648,0.427248,7
1,163.897,2.68613,0.0570377,26.4252,4.73611,59.1645,3.38815,13.6298,0,16.018,37.3648,0.427248,7
-1,163.897,2.68613,0.0570377,26.4252,4.73611,59.1645,3.38815,13.6298,0,16.018,37.3648,0.427248,4.9
-2,162.427,2.6097,0.0556609,26.2971,4.66918,59.7827,3.38006,11.8826,0,15.9578,37.3634,0.428592,4.9
2,162.427,2.6097,0.0556609,26.2971,4.66918,59.7827,3.38006,11.8826,0,15.9578,37.3634,0.428592,4.9
-1,162.427,2.6097,0.0556609,26.2971,4.66918,59.7827,3.38006,11.8826,0,15.9578,37.3634,0.428592,3.43
-2,161.392,2.73918,0.057346,26.2361,4.47146,60.3195,3.36873,10.4784,0,15.9289,37.3613,0.431007,3.43
3,161.392,2.73918,0.057346,26.2361,4.47146,60.3195,3.36873,10.4784,0,15.9289,37.3613,0.431007,3.43
-1,161.392,2.73918,0.057346,26.2361,4.47146,60.3195,3.36873,10.4784,0,15.9289,37.3613,0.431007,2.401
-2,160.514,2.76828,0.0558782,26.23,4.26601,60.7133,3.34825,9.41584,0,15.925,37.3575,0.433499,2.401
4,160.514,2.76828,0.0558782,26.23,4.26601,60.7133,3.34825,9.41584,0,15.925,37.3575,0.433499,2.401
0,165.876,2.80991,0.0586866,26.8165,4.90832,58.7959,3.33742,15.1619,0,16.1988,37.3555,0.433457,1.6807
-1,165.876,2.80991,0.0586866,26.8165,4.90832,58.7959,3.33742,15.1619,0,16.1988,37.3555,0.433457,7
-2,164.153,2.76717,0.0603567,26.6768,4.64207,59.4197,3.34251,13.3181,0,16.1354,37.3564,0.434288,7
1,164.153,2.76717,0.0603567,26.6768,4.64207,59.4197,3.34251,13.3181,0,16.1354,37.3564,0.434288,7
-1,164.153,2.76717,0.0603567,26.6768,4.64207,59.4197,3.34251,13.3181,0,16.1354,37.3564,0.434288,4.9
-2,162.681,2.66758,0.0565724,26.5557,4.50831,59.974,3.34288,11.7039,0,16.0799,37.3565,0.435516,4.9
2,162.681,2.66758,0.0565724,26.5557,4.50831,59.974,3.34288,11.7039,0,16.0799,37.3565,0.435516,4.9
-1,162.681,2.66758,0.0565724,26.5557,4.50831,59.974,3.34288,11.7039,0,16.0799,37.3565,0.435516,3.43
-2,161.734,2.76808,0.0576308,26.4955,4.38859,60.4831,3.32184,10.3799,0,16.0493,37.3526,0.437885,3.43
3,161.734,2.76808,0.0576308,26.4955,4.38859,60.4831,3.32184,10.3799,0,16.0493,37.3526,0.437885,3.43
0,169.047,2.66016,0.060723,27.1365,4.96701,58.0332,3.33277,18.7153,0,16.3513,37.3546,0.435516,3.43
-1,169.047,2.66016,0.060723,27.1365,4.96701,58.0332,3.33277,18.7153,0,16.3513,37.3546,0.435516,7
-2,166.745,2.69236,0.0602855,26.9107,4.99406,58.8547,3.33604,15.8606,0,16.2448,37.3553,0.436375,7
1,166.745,2.69236,0.0602855,26.9107,4.99406,58.8547,3.33604,15.8606,0,16.2448,37.3553,0.436375,7
-1,166.745,2.69236,0.0602855,26.9107,4.99406,58.8547,3.33604,15.8606,0,16.2448,37.3553,0.436375,4.9
-2,164.929,2.72068,0.0586055,26.7858,4.78509,59.5466,3.34368,13.7042,0,16.19,37.3567,0.437657,4.9
2,164.929,2.72068,0.0586055,26.7858,4.78509,59.5466,3.34368,13.7042,0,16.19,37.3567,0.437657,4.9
-1,164.929,2.72068,0.0586055,26.7858,4.78509,59.5466,3.34368,13.7042,0,16.19,37.3567,0.437657,3.43
-2,163.205,2.61384,0.0564963,26.7155,4.4067,60.1173,3.34268,11.9977,0,16.159,37.3565,0.439083,3.43
3,163.205,2.61384,0.0564963,26.7155,4.4067,60.1173,3.34268,11.9977,0,16.159,37.3565,0.439083,3.43
-1,163.205,2.61384,0.0564963,26.7155,4.4067,60.1173,3.34268,11.9977,0,16.159,37.3565,0.439083,2.401
-2,162.013,2.49898,0.0555468,26.6736,4.34072,60.6091,3.31381,10.5926,0,16.1365,37.3511,0.440733,2.401
4,162.013,2.49898,0.0555468,26.6736,4.34072,60.6091,3.31381,10.5926,0,16.1365,37.3511,0.440733,2.401
-1,162.013,2.49898,0.0555468,26.6736,4.34072,60.6091,3.31381,10.5926,0,16.1365,37.3511,0.440733,1.6807
-2,161.267,2.59062,0.0555173,26.6859,4.22297,61.0085,3.28501,9.49003,0,16.14,37.3458,0.442684,1.6807
5,161.267,2.59062,0.0555173,26.6859,4.22297,61.0085,3.28501,9.49003,0,16.14,37.3458,0.442684,1.6807
0,166.396,2.62536,0.0591603,27.2651,4.73292,59.0573,3.27556,15.1829,0,16.4114,37.3441,0.442652,1.17649
-1,166.396,2.62536,0.0591603,27.2651,4.73292,59.0573,3.27556,15.1829,0,16.4114,37.3441,0.442652,7
-2,165.079,2.81121,0.0596804,27.1125,4.66926,59.6798,3.27681,13.3431,0,16.3392,37.3443,0.443592,7
1,165.079,2.81121,0.0596804,27.1125,4.66926,59.6798,3.27681,13.3431,0,16.3392,37.3443,0.443592,7
-1,165.079,2.81121,0.0596804,27.1125,4.66926,59.6798,3.27681,13.3431,0,16.3392,37.3443,0.443592,4.9
-2,163.495,2.56266,0.0579368,27.0367,4.36752,60.1852,3.27908,11.9098,0,16.306,37.3447,0.445187,4.9
2,163.495,2.56266,0.0579368,27.0367,4.36752,60.1852,3.27908,11.9098,0,16.306,37.3447,0.445187,4.9
-1,163.495,2.56266,0.0579368,27.0367,4.36752,60.1852,3.27908,11.9098,0,16.306,37.3447,0.445187,3.43
-2,162.529,2.6588,0.0592795,26.9667,4.25925,60.6562,3.2642,10.6039,0,16.2719,37.342,0.44709,3.43
3,162.529,2.6588,0.0592795,26.9667,4.25925,60.6562,3.2642,10.6039,0,16.2719,37.342,0.44709,3.43
0,168.08,2.66812,0.0638474,27.5403,4.6506,58.6867,3.25511,16.8864,0,16.5411,37.3403,0.44709,2.401
-1,168.08,2.66812,0.0638474,27.5403,4.6506,58.6867,3.25511,16.8864,0,16.5411,37.3403,0.44709,7
-2,166.105,2.49891,0.0580341,27.3378,4.72585,59.3561,3.25596,14.6396,0,16.4443,37.3405,0.447677,7
1,166.105,2.49891,0.0580341,27.3378,4.72585,59.3561,3.25596,14.6396,0,16.4443,37.3405,0.447677,7
-1,166.105,2.49891,0.0580341,27.3378,4.72585,59.3561,3.25596,14.6396,0,16.4443,37.3405,0.447677,4.9
-2,165.041,2.84135,0.0619804,27.23,4.64825,59.9876,3.24792,12.842,0,16.3934,37.339,0.449331,4.9
2,165.041,2.84135,0.0619804,27.23,4.64825,59.9876,3.24792,12.842,0,16.3934,37.339,0.449331,4.9
-1,165.041,2.84135,0.0619804,27.23,4.64825,59.9876,3.24792,12.842,0,16.3934,37.339,0.449331,3.43
-2,163.683,2.65044,0.0587229,27.2029,4.39507,60.4411,3.25247,11.5062,0,16.3853,37.3398,0.451209,3.43
3,163.683,2.65044,0.0587229,27.2029,4.39507,60.4411,3.25247,11.5062,0,16.3853,37.3398,0.451209,3.43
-1,163.683,2.65044,0.0587229,27.2029,4.39507,60.4411,3.25247,11.5062,0,16.3853,37.3398,0.451209,2.401
-2,162.605,2.57717,0.0592397,27.19,4.19504,60.854,3.2397,10.3209,0,16.3788,37.3375,0.453089,2.401
4,162.605,2.57717,0.0592397,27.19,4.19504,60.854,3.2397,10.3209,0,16.3788,37.3375,0.453089,2.401
-1,162.605,2.57717,0.0592397,27.19,4.19504,60.854,3.2397,10.3209,0,16.3788,37.3375,0.453089,1.6807
-2,161.918,2.52728,0.0586799,27.2124,4.18719,61.1798,3.21428,9.36277,0,16.3881,37.3328,0.454747,1.6807
5,161.918,2.52728,0.0586799,27.2124,4.18719,61.1798,3.21428,9.36277,0,16.3881,37.3328,0.454747,1.6807
0,166.74,2.55652,0.0631086,27.7841,4.58866,59.2164,3.20466,14.8834,0,16.6571,37.331,0.454695,1.17649
-1,166.74,2.55652,0.0631086,27.7841,4.58866,59.2164,3.20466,14.8834,0,16.6571,37.331,0.454695,7
-2,165.442,2.58539,0.0599047,27.6289,4.62686,59.7787,3.20529,13.1884,0,16.5822,37.3311,0.455372,7
1,165.442,2.58539,0.0599047,27.6289,4.62686,59.7787,3.20529,13.1884,0,16.5822,37.3311,0.455372,7
-1,165.442,2.58539,0.0599047,27.6289,4.62686,59.7787,3.20529,13.1884,0,16.5822,37.3311,0.455372,4.9
-2,164.423,2.7506,0.0600936,27.5582,4.41446,60.2966,3.20296,11.8029,0,16.5494,37.3307,0.457207,4.9
2,164.423,2.7506,0.0600936,27.5582,4.41446,60.2966,3.20296,11.8029,0,16.5494,37.3307,0.457207,4.9
-1,164.423,2.7506,0.0600936,27.5582,4.41446,60.2966,3.20296,11.8029,0,16.5494,37.3307,0.457207,3.43
-2,163.381,2.60265,0.0578539,27.5425,4.23504,60.6951,3.19225,10.7242,0,16.5433,37.3287,0.459388,3.43
3,163.381,2.60265,0.0578539,27.5425,4.23504,60.6951,3.19225,10.7242,0,16.5433,37.3287,0.459388,3.43
-1,163.381,2.60265,0.0578539,27.5425,4.23504,60.6951,3.19225,10.7242,0,16.5433,37.3287,0.459388,2.401
-2,162.588,2.57796,0.0597347,27.5378,4.11093,61.0571,3.18012,9.73586,0,16.5403,37.3265,0.461519,2.401
4,162.588,2.57796,0.0597347,27.5378,4.11093,61.0571,3.18012,9.73586,0,16.5403,37.3265,0.461519,2.401
0,167.464,2.59609,0.0647653,28.1034,4.43224,59.0863,3.16978,15.4189,0,16.8067,37.3246,0.461495,1.6807
-1,167.464,2.59609,0.0647653,28.1034,4.43224,59.0863,3.16978,15.4189,0,16.8067,37.3246,0.461495,7
-2,166.274,2.728,0.0663007,27.9205,4.63227,59.6638,3.16957,13.5898,0,16.7173,37.3245,0.462127,7
1,166.274,2.728,0.0663007,27.9205,4.63227,59.6638,3.16957,13.5898,0,16.7173,37.3245,0.462127,7
-1,166.274,2.728,0.0663007,27.9205,4.63227,59.6638,3.16957,13.5898,0,16.7173,37.3245,0.462127,4.9
-2,164.944,2.59079,0.0608521,27.8423,4.48143,60.1445,3.17952,12.1711,0,16.684,37.3264,0.463496,4.9
2,164.944,2.59079,0.0608521,27.8423,4.48143,60.1445,3.17952,12.1711,0,16.684,37.3264,0.463496,4.9
-1,164.944,2.59079,0.0608521,27.8423,4.48143,60.1445,3.17952,12.1711,0,16.684,37.3264,0.463496,3.43
-2,164.199,2.77962,0.0610776,27.8239,4.31525,60.5939,3.16166,10.9991,0,16.6754,37.3231,0.46571,3.43
3,164.199,2.77962,0.0610776,27.8239,4.31525,60.5939,3.16166,10.9991,0,16.6754,37.3231,0.46571,3.43
0,171.028,2.66446,0.0693252,28.399,4.70566,58.1557,3.1698,19.1295,0,16.9462,37.3246,0.463487,3.43
-1,171.028,2.66446,0.0693252,28.399,4.70566,58.1557,3.1698,19.1295,0,16.9462,37.3246,0.463487,7
-2,168.93,2.85565,0.0675666,28.1807,4.6419,58.8893,3.15706,16.5148,0,16.8361,37.3222,0.464129,7
1,168.93,2.85565,0.0675666,28.1807,4.6419,58.8893,3.15706,16.5148,0,16.8361,37.3222,0.464129,7
-1,168.93,2.85565,0.0675666,28.1807,4.6419,58.8893,3.15706,16.5148,0,16.8361,37.3222,0.464129,4.9
-2,167.198,2.81372,0.0672085,28.0396,4.6426,59.5335,3.1511,14.397,0,16.768,37.3211,0.464499,4.9
2,167.198,2.81372,0.0672085,28.0396,4.6426,59.5335,3.1511,14.397,0,16.768,37.3211,0.464499,4.9
-1,167.198,2.81372,0.0672085,28.0396,4.6426,59.5335,3.1511,14.397,0,16.768,37.3211,0.464499,3.43
-2,165.831,2.67914,0.0660251,27.9819,4.62829,60.0757,3.1544,12.7131,0,16.7447,37.3218,0.465524,3.43
3,165.831,2.67914,0.0660251,27.9819,4.62829,60.0757,3.1544,12.7131,0,16.7447,37.3218,0.465524,3.43
-1,165.831,2.67914,0.0660251,27.9819,4.62829,60.0757,3.1544,12.7131,0,16.7447,37.3218,0.465524,2.401
-2,164.768,2.75664,0.0629111,27.9966,4.32873,60.5057,3.15679,11.4134,0,16.7577,37.3222,0.46718,2.401
4,164.768,2.75664,0.0629111,27.9966,4.32873,60.5057,3.15679,11.4134,0,16.7577,37.3222,0.46718,2.401
-1,164.768,2.75664,0.0629111,27.9966,4.32873,60.5057,3.15679,11.4134,0,16.7577,37.3222,0.46718,1.6807
-2,164.028,2.74386,0.0607775,28.0517,4.21488,60.8573,3.13149,10.3973,0,16.7846,37.3175,0.468939,1.6807
5,164.028,2.74386,0.0607775,28.0517,4.21488,60.8573,3.13149,10.3973,0,16.7846,37.3175,0.468939,1.6807
0,169.135,2.84569,0.0688404,28.6062,4.46617,58.8631,3.12192,16.3326,0,17.0464,37.3157,0.468664,1.17649
-1,169.135,2.84569,0.0688404,28.6062,4.46617,58.8631,3.12192,16.3326,0,17.0464,37.3157,0.468664,7
-2,167.27,2.59226,0.062727,28.4435,4.3726,59.4322,3.10856,14.5127,0,16.9626,37.3133,0.469333,7
1,167.27,2.59226,0.062727,28.4435,4.3726,59.4322,3.10856,14.5127,0,16.9626,37.3133,0.469333,7
-1,167.27,2.59226,0.062727,28.4435,4.3726,59.4322,3.10856,14.5127,0,16.9626,37.3133,0.469333,4.9
-2,166.046,2.67207,0.0653623,28.3205,4.3555,60.0121,3.09302,12.8464,0,16.8998,37.3104,0.470594,4.9
2,166.046,2.67207,0.0653623,28.3205,4.3555,60.0121,3.09302,12.8464,0,16.8998,37.3104,0.470594,4.9
-1,166.046,2.67207,0.0653623,28.3205,4.3555,60.0121,3.09302,12.8464,0,16.8998,37.3104,0.470594,3.43
-2,165.255,2.75656,0.0661753,28.2762,4.38937,60.4595,3.09216,11.5507,0,16.8821,37.3102,0.472214,3.43
3,165.255,2.75656,0.0661753,28.2762,4.38937,60.4595,3.09216,11.5507,0,16.8821,37.3102,0.472214,3.43
0,170.645,2.73173,0.0743605,28.8194,4.54724,58.43,3.08247,18.0412,0,17.1383,37.3085,0.472125,2.401
-1,170.645,2.73173,0.0743605,28.8194,4.54724,58.43,3.08247,18.0412,0,17.1383,37.3085,0.472125,7
-2,168.821,2.67334,0.0678353,28.6087,4.73277,59.0507,3.08425,15.7893,0,17.0326,37.3088,0.472656,7
1,168.821,2.67334,0.0678353,28.6087,4.73277,59.0507,3.08425,15.7893,0,17.0326,37.3088,0.472656,7
-1,168.821,2.67334,0.0678353,28.6087,4.73277,59.0507,3.08425,15.7893,0,17.0326,37.3088,0.472656,4.9
-2,167.258,2.71973,0.0658343,28.5226,4.43585,59.6429,3.07778,14.0204,0,16.9915,37.3076,0.47397,4.9
2,167.258,2.71973,0.0658343,28.5226,4.43585,59.6429,3.07778,14.0204,0,16.9915,37.3076,0.47397,4.9
-1,167.258,2.71973,0.0658343,28.5226,4.43585,59.6429,3.07778,14.0204,0,16.9915,37.3076,0.47397,3.43
-2,165.889,2.54176,0.0628786,28.466,4.33693,60.1345,3.06776,12.5334,0,16.9658,37.3058,0.474668,3.43
3,165.889,2.54176,0.0628786,28.466,4.33693,60.1345,3.06776,12.5334,0,16.9658,37.3058,0.474668,3.43
-1,165.889,2.54176,0.0628786,28.466,4.33693,60.1345,3.06776,12.5334,0,16.9658,37.3058,0.474668,2.401
-2,165.093,2.69377,0.0650364,28.4633,4.20834,60.5774,3.05683,11.2817,0,16.9671,37.3037,0.476037,2.401
4,165.093,2.69377,0.0650364,28.4633,4.20834,60.5774,3.05683,11.2817,0,16.9671,37.3037,0.476037,2.401
0,170.206,2.67043,0.0736534,28.9989,4.33514,58.52,3.04757,17.5625,0,17.2198,37.302,0.475974,1.6807
-1,170.206,2.67043,0.0736534,28.9989,4.33514,58.52,3.04757,17.5625,0,17.2198,37.302,0.475974,7
-2,169.001,2.92917,0.0757483,28.7859,4.72736,59.1108,3.03732,15.448,0,17.1103,37.3001,0.476226,7
1,169.001,2.92917,0.0757483,28.7859,4.72736,59.1108,3.03732,15.448,0,17.1103,37.3001,0.476226,7
-1,169.001,2.92917,0.0757483,28.7859,4.72736,59.1108,3.03732,15.448,0,17.1103,37.3001,0.476226,4.9
-2,167.801,2.91205,0.0708846,28.71,4.74055,59.5901,3.05106,13.869,0,17.078,37.3027,0.476958,4.9
2,167.801,2.91205,0.0708846,28.71,4.74055,59.5901,3.05106,13.869,0,17.078,37.3027,0.476958,4.9
-1,167.801,2.91205,0.0708846,28.71,4.74055,59.5901,3.05106,13.869,0,17.078,37.3027,0.476958,3.43
-2,166.423,2.79735,0.0680215,28.7225,4.28704,60.0216,3.05526,12.6,0,17.0891,37.3035,0.478594,3.43
3,166.423,2.79735,0.0680215,28.7225,4.28704,60.0216,3.05526,12.6,0,17.0891,37.3035,0.478594,3.43
0,173.984,2.85651,0.0815481,29.2332,4.76699,57.5094,3.04202,21.392,0,17.3244,37.301,0.476944,3.43
-1,173.984,2.85651,0.0815481,29.2332,4.76699,57.5094,3.04202,21.392,0,17.3244,37.301,0.476944,7
-2,170.949,2.45093,0.0720599,28.9716,4.79588,58.2253,3.03616,18.4341,0,17.1865,37.2999,0.477158,7
1,170.949,2.45093,0.0720599,28.9716,4.79588,58.2253,3.03616,18.4341,0,17.1865,37.2999,0.477158,7
-1,170.949,2.45093,0.0720599,28.9716,4.79588,58.2253,3.03616,18.4341,0,17.1865,37.2999,0.477158,4.9
-2,169.204,2.67439,0.0736701,28.8214,4.81592,58.9581,3.02314,15.9509,0,17.1113,37.2975,0.477762,4.9
2,169.204,2.67439,0.0736701,28.8214,4.81592,58.9581,3.02314,15.9509,0,17.1113,37.2975,0.477762,4.9
-1,169.204,2.67439,0.0736701,28.8214,4.81592,58.9581,3.02314,15.9509,0,17.1113,37.2975,0.477762,3.43
-2,167.99,2.76777,0.0722861,28.7804,4.81146,59.5006,3.02742,14.1549,0,17.0987,37.2983,0.477982,3.43
3,167.99,2.76777,0.0722861,28.7804,4.81146,59.5006,3.02742,14.1549,0,17.0987,37.2983,0.477982,3.43
-1,167.99,2.76777,0.0722861,28.7804,4.81146,59.5006,3.02742,14.1549,0,17.0987,37.2983,0.477982,2.401
-2,166.95,2.76412,0.0684281,28.8253,4.6315,59.9251,3.03425,12.7938,0,17.1294,37.2996,0.478691,2.401
4,166.95,2.76412,0.0684281,28.8253,4.6315,59.9251,3.03425,12.7938,0,17.1294,37.2996,0.478691,2.401
-1,166.95,2.76412,0.0684281,28.8253,4.6315,59.9251,3.03425,12.7938,0,17.1294,37.2996,0.478691,1.6807
-2,165.775,2.64483,0.0660156,28.9204,4.1551,60.2662,3.03099,11.7302,0,17.1824,37.299,0.479729,1.6807
5,165.775,2.64483,0.0660156,28.9204,4.1551,60.2662,3.03099,11.7302,0,17.1824,37.299,0.479729,1.6807
-1,165.775,2.64483,0.0660156,28.9204,4.1551,60.2662,3.03099,11.7302,0,17.1824,37.299,0.479729,1.17649
-2,165.026,2.56457,0.0640755,28.987,4.11754,60.5543,3.01753,10.7279,0,17.2176,37.2965,0.479383,1.17649
6,165.026,2.56457,0.0640755,28.987,4.11754,60.5543,3.01753,10.7279,0,17.2176,37.2965,0.479383,1.17649
0,169.601,2.54406,0.0735813,29.5098,4.18566,58.4788,3.008,16.5621,0,17.4648,37.2947,0.47926,0.823543
-1,169.601,2.54406,0.0735813,29.5098,4.18566,58.4788,3.008,16.5621,0,17.4648,37.2947,0.47926,7
-2,168.411,2.74266,0.0748163,29.3011,4.46299,59.0196,2.99074,14.6959,0,17.3519,37.2915,0.479629,7
1,168.411,2.74266,0.0748163,29.3011,4.46299,59.0196,2.99074,14.6959,0,17.3519,37.2915,0.479629,7
-1,168.411,2.74266,0.0748163,29.3011,4.46299,59.0196,2.99074,14.6959,0,17.3519,37.2915,0.479629,4.9
-2,167.471,2.768,0.0730537,29.2241,4.57432,59.4665,2.98777,13.2913,0,17.3146,37.291,0.480342,4.9
2,167.471,2.768,0.0730537,29.2241,4.57432,59.4665,2.98777,13.2913,0,17.3146,37.291,0.480342,4.9
0,173.2,2.80336,0.0873329,29.7298,4.59223,57.3681,2.977,20.3198,0,17.5529,37.289,0.48034,3.43
-1,173.2,2.80336,0.0873329,29.7298,4.59223,57.3681,2.977,20.3198,0,17.5529,37.289,0.48034,7
-2,171.178,2.7543,0.0798746,29.4813,4.95604,57.9933,2.97052,17.7548,0,17.4197,37.2878,0.480533,7
1,171.178,2.7543,0.0798746,29.4813,4.95604,57.9933,2.97052,17.7548,0,17.4197,37.2878,0.480533,7
-1,171.178,2.7543,0.0798746,29.4813,4.95604,57.9933,2.97052,17.7548,0,17.4197,37.2878,0.480533,4.9
-2,169.194,2.58024,0.0752846,29.3724,4.71744,58.5598,2.97262,15.7815,0,17.3657,37.2882,0.480438,4.9
2,169.194,2.58024,0.0752846,29.3724,4.71744,58.5598,2.97262,15.7815,0,17.3657,37.2882,0.480438,4.9
-1,169.194,2.58024,0.0752846,29.3724,4.71744,58.5598,2.97262,15.7815,0,17.3657,37.2882,0.480438,3.43
-2,167.791,2.45457,0.0712494,29.325,4.72178,59.1014,2.96797,14.0343,0,17.3466,37.2873,0.48073,3.43
3,167.791,2.45457,0.0712494,29.325,4.72178,59.1014,2.96797,14.0343,0,17.3466,37.2873,0.48073,3.43
-1,167.791,2.45457,0.0712494,29.325,4.72178,59.1014,2.96797,14.0343,0,17.3466,37.2873,0.48073,2.401
-2,166.981,2.63655,0.0725888,29.3589,4.57229,59.5584,2.9634,12.6807,0,17.37,37.2865,0.481536,2.401
4,166.981,2.63655,0.0725888,29.3589,4.57229,59.5584,2.9634,12.6807,0,17.37,37.2865,0.481536,2.401
0,173.657,2.46549,0.0863799,29.8118,4.72304,56.9825,2.95752,21.289,0,17.575,37.2854,0.480693,2.401
-1,173.657,2.46549,0.0863799,29.8118,4.72304,56.9825,2.95752,21.289,0,17.575,37.2854,0.480693,7
-2,171.806,2.72614,0.0850044,29.5485,5.19151,57.676,2.94577,18.4354,0,17.4334,37.2832,0.48105,7
1,171.806,2.72614,0.0850044,29.5485,5.19151,57.676,2.94577,18.4354,0,17.4334,37.2832,0.48105,7
-1,171.806,2.72614,0.0850044,29.5485,5.19151,57.676,2.94577,18.4354,0,17.4334,37.2832,0.48105,4.9
-2,170.429,2.90486,0.083639,29.4612,5.22553,58.2612,2.9548,16.3786,0,17.3933,37.2849,0.481314,4.9
2,170.429,2.90486,0.083639,29.4612,5.22553,58.2612,2.9548,16.3786,0,17.3933,37.2849,0.481314,4.9
-1,170.429,2.90486,0.083639,29.4612,5.22553,58.2612,2.9548,16.3786,0,17.3933,37.2849,0.481314,3.43
-2,168.643,2.63154,0.0755469,29.4777,4.74917,58.7162,2.96122,14.8539,0,17.4098,37.2861,0.481395,3.43
3,168.643,2.63154,0.0755469,29.4777,4.74917,58.7162,2.96122,14.8539,0,17.4098,37.2861,0.481395,3.43
-1,168.643,2.63154,0.0755469,29.4777,4.74917,58.7162,2.96122,14.8539,0,17.4098,37.2861,0.481395,2.401
-2,167.34,2.42157,0.0713433,29.4954,4.67616,59.1715,2.95454,13.3591,0,17.4244,37.2848,0.481243,2.401
4,167.34,2.42157,0.0713433,29.4954,4.67616,59.1715,2.95454,13.3591,0,17.4244,37.2848,0.481243,2.401
-1,167.34,2.42157,0.0713433,29.4954,4.67616,59.1715,2.95454,13.3591,0,17.4244,37.2848,0.481243,1.6807
-2,166.622,2.64119,0.0721328,29.5755,4.42922,59.5761,2.94779,12.1437,0,17.4712,37.2836,0.481711,1.6807
5,166.622,2.64119,0.0721328,29.5755,4.42922,59.5761,2.94779,12.1437,0,17.4712,37.2836,0.481711,1.6807
0,171.517,2.67356,0.0868057,30.0582,4.43378,57.4628,2.93746,18.4027,0,17.6982,37.2817,0.481711,1.17649
-1,171.517,2.67356,0.0868057,30.0582,4.43378,57.4628,2.93746,18.4027,0,17.6982,37.2817,0.481711,7
-2,170.246,2.80222,0.0847351,29.8415,4.90484,57.9826,2.92577,16.3633,0,17.5797,37.2795,0.481695,7
1,170.246,2.80222,0.0847351,29.8415,4.90484,57.9826,2.92577,16.3633,0,17.5797,37.2795,0.481695,7
-1,170.246,2.80222,0.0847351,29.8415,4.90484,57.9826,2.92577,16.3633,0,17.5797,37.2795,0.481695,4.9
-2,169.182,2.85824,0.0808577,29.7818,4.92964,58.4333,2.9296,14.8552,0,17.5511,37.2802,0.482048,4.9
2,169.182,2.85824,0.0808577,29.7818,4.92964,58.4333,2.9296,14.8552,0,17.5511,37.2802,0.482048,4.9
-1,169.182,2.85824,0.0808577,29.7818,4.92964,58.4333,2.9296,14.8552,0,17.5511,37.2802,0.482048,3.43
-2,167.971,2.80128,0.0793107,29.7938,4.60762,58.8153,2.93324,13.616,0,17.5616,37.2809,0.482064,3.43
3,167.971,2.80128,0.0793107,29.7938,4.60762,58.8153,2.93324,13.616,0,17.5616,37.2809,0.482064,3.43
-1,167.971,2.80128,0.0793107,29.7938,4.60762,58.8153,2.93324,13.616,0,17.5616,37.2809,0.482064,2.401
-2,166.964,2.60372,0.0740976,29.832,4.5512,59.1437,2.9295,12.4803,0,17.5867,37.2802,0.482086,2.401
4,166.964,2.60372,0.0740976,29.832,4.5512,59.1437,2.9295,12.4803,0,17.5867,37.2802,0.482086,2.401
-1,166.964,2.60372,0.0740976,29.832,4.5512,59.1437,2.9295,12.4803,0,17.5867,37.2802,0.482086,1.6807
-2,166.324,2.64525,0.0740072,29.9263,4.37177,59.4495,2.92122,11.5356,0,17.6391,37.2787,0.482546,1.6807
5,166.324,2.64525,0.0740072,29.9263,4.37177,59.4495,2.92122,11.5356,0,17.6391,37.2787,0.482546,1.6807
0,170.829,2.67821,0.088933,30.4013,4.37173,57.3615,2.9087,17.3974,0,17.8626,37.2764,0.482537,1.17649
-1,170.829,2.67821,0.088933,30.4013,4.37173,57.3615,2.9087,17.3974,0,17.8626,37.2764,0.482537,7
-2,169.555,2.6587,0.0838549,30.1933,4.78055,57.8248,2.89977,15.6099,0,17.747,37.2747,0.482473,7
1,169.555,2.6587,0.0838549,30.1933,4.78055,57.8248,2.89977,15.6099,0,17.747,37.2747,0.482473,7
-1,169.555,2.6587,0.0838549,30.1933,4.78055,57.8248,2.89977,15.6099,0,17.747,37.2747,0.482473,4.9
-2,168.913,2.98569,0.0851138,30.1378,4.81688,58.2598,2.897,14.2556,0,17.718,37.2742,0.482957,4.9
2,168.913,2.98569,0.0851138,30.1378,4.81688,58.2598,2.897,14.2556,0,17.718,37.2742,0.482957,4.9
0,174.503,2.97772,0.102348,30.5905,4.8575,56.1596,2.88166,21.2497,0,17.9299,37.2714,0.482906,3.43
-1,174.503,2.97772,0.102348,30.5905,4.8575,56.1596,2.88166,21.2497,0,17.9299,37.2714,0.482906,7
-2,172.052,2.62884,0.0921827,30.3028,5.20383,56.6978,2.89287,18.7074,0,17.7704,37.2734,0.482172,7
1,172.052,2.62884,0.0921827,30.3028,5.20383,56.6978,2.89287,18.7074,0,17.7704,37.2734,0.482172,7
-1,172.052,2.62884,0.0921827,30.3028,5.20383,56.6978,2.89287,18.7074,0,17.7704,37.2734,0.482172,4.9
-2,170.495,2.75913,0.0901646,30.1702,5.24929,57.2591,2.90673,16.5989,0,17.7035,37.276,0.48169,4.9
2,170.495,2.75913,0.0901646,30.1702,5.24929,57.2591,2.90673,16.5989,0,17.7035,37.276,0.48169,4.9
-1,170.495,2.75913,0.0901646,30.1702,5.24929,57.2591,2.90673,16.5989,0,17.7035,37.276,0.48169,3.43
-2,169.307,2.69249,0.0855615,30.1648,5.24501,57.7236,2.90342,15.0289,0,17.7065,37.2753,0.481023,3.43
3,169.307,2.69249,0.0855615,30.1648,5.24501,57.7236,2.90342,15.0289,0,17.7065,37.2753,0.481023,3.43
-1,169.307,2.69249,0.0855615,30.1648,5.24501,57.7236,2.90342,15.0289,0,17.7065,37.2753,0.481023,2.401
-2,168.491,2.7589,0.0837532,30.2446,5.07591,58.1287,2.89952,13.7898,0,17.7546,37.2746,0.480932,2.401
4,168.491,2.7589,0.0837532,30.2446,5.07591,58.1287,2.89952,13.7898,0,17.7546,37.2746,0.480932,2.401
0,175.048,2.75003,0.106986,30.5893,5.28569,55.6152,2.88803,22.1559,0,17.9037,37.2725,0.480991,2.401
-1,175.048,2.75003,0.106986,30.5893,5.28569,55.6152,2.88803,22.1559,0,17.9037,37.2725,0.480991,7
-2,173.143,2.86252,0.100508,30.3341,5.7527,56.2128,2.9009,19.4611,0,17.7627,37.2749,0.480718,7
1,173.143,2.86252,0.100508,30.3341,5.7527,56.2128,2.9009,19.4611,0,17.7627,37.2749,0.480718,7
-1,173.143,2.86252,0.100508,30.3341,5.7527,56.2128,2.9009,19.4611,0,17.7627,37.2749,0.480718,4.9
-2,171.567,2.79475,0.0916254,30.2719,5.71629,56.7514,2.91295,17.5383,0,17.7323,37.2771,0.480338,4.9
2,171.567,2.79475,0.0916254,30.2719,5.71629,56.7514,2.91295,17.5383,0,17.7323,37.2771,0.480338,4.9
-1,171.567,2.79475,0.0916254,30.2719,5.71629,56.7514,2.91295,17.5383,0,17.7323,37.2771,0.480338,3.43
-2,170.106,2.82696,0.0920066,30.2721,5.40871,57.2495,2.92734,15.8311,0,17.7388,37.2797,0.479404,3.43
3,170.106,2.82696,0.0920066,30.2721,5.40871,57.2495,2.92734,15.8311,0,17.7388,37.2797,0.479404,3.43
-1,170.106,2.82696,0.0920066,30.2721,5.40871,57.2495,2.92734,15.8311,0,17.7388,37.2797,0.479404,2.401
-2,168.908,2.70766,0.0877749,30.3413,5.2299,57.6542,2.92367,14.4217,0,17.7841,37.279,0.47853,2.401
4,168.908,2.70766,0.0877749,30.3413,5.2299,57.6542,2.92367,14.4217,0,17.7841,37.279,0.47853,2.401
-1,168.908,2.70766,0.0877749,30.3413,5.2299,57.6542,2.92367,14.4217,0,17.7841,37.279,0.47853,1.6807
-2,168.152,2.81635,0.0856517,30.4671,4.95915,57.9975,2.90466,13.3122,0,17.8565,37.2755,0.477724,1.6807
5,168.152,2.81635,0.0856517,30.4671,4.95915,57.9975,2.90466,13.3122,0,17.8565,37.2755,0.477724,1.6807
0,173.023,2.88925,0.106577,30.8828,4.9877,55.9045,2.88932,19.563,0,18.0498,37.2727,0.47761,1.17649
-1,173.023,2.88925,0.106577,30.8828,4.9877,55.9045,2.88932,19.563,0,18.0498,37.2727,0.47761,7
-2,171.627,2.88898,0.0997387,30.6659,5.47746,56.3663,2.89548,17.5542,0,17.9277,37.2738,0.477018,7
1,171.627,2.88898,0.0997387,30.6659,5.47746,56.3663,2.89548,17.5542,0,17.9277,37.2738,0.477018,7
-1,171.627,2.88898,0.0997387,30.6659,5.47746,56.3663,2.89548,17.5542,0,17.9277,37.2738,0.477018,4.9
-2,170.292,2.82937,0.090709,30.6228,5.29938,56.7971,2.90378,16.0918,0,17.9053,37.2753,0.476776,4.9
2,170.292,2.82937,0.090709,30.6228,5.29938,56.7971,2.90378,16.0918,0,17.9053,37.2753,0.476776,4.9
-1,170.292,2.82937,0.090709,30.6228,5.29938,56.7971,2.90378,16.0918,0,17.9053,37.2753,0.476776,3.43
-2,169.12,2.69452,0.0877955,30.6223,5.21248,57.2076,2.90122,14.7355,0,17.908,37.2749,0.475885,3.43
3,169.12,2.69452,0.0877955,30.6223,5.21248,57.2076,2.90122,14.7355,0,17.908,37.2749,0.475885,3.43
-1,169.12,2.69452,0.0877955,30.6223,5.21248,57.2076,2.90122,14.7355,0,17.908,37.2749,0.475885,2.401
-2,168.354,2.8135,0.0883391,30.6911,5.01056,57.5779,2.89502,13.5778,0,17.9502,37.2737,0.475514,2.401
4,168.354,2.8135,0.0883391,30.6911,5.01056,57.5779,2.89502,13.5778,0,17.9502,37.2737,0.475514,2.401
0,173.064,2.77666,0.108562,31.087,5.0825,55.4725,2.87689,19.7801,0,18.1336,37.2704,0.475487,1.6807
-1,173.064,2.77666,0.108562,31.087,5.0825,55.4725,2.87689,19.7801,0,18.1336,37.2704,0.475487,7
-2,171.705,2.85565,0.104844,30.8443,5.63487,55.9296,2.89938,17.6879,0,17.9991,37.2745,0.474815,7
1,171.705,2.85565,0.104844,30.8443,5.63487,55.9296,2.89938,17.6879,0,17.9991,37.2745,0.474815,7
-1,171.705,2.85565,0.104844,30.8443,5.63487,55.9296,2.89938,17.6879,0,17.9991,37.2745,0.474815,4.9
-2,170.841,2.98134,0.102294,30.7887,5.78424,56.3326,2.91922,16.208,0,17.9717,37.2782,0.474227,4.9
2,170.841,2.98134,0.102294,30.7887,5.78424,56.3326,2.91922,16.208,0,17.9717,37.2782,0.474227,4.9
0,176.549,3.01515,0.129034,31.1554,5.98511,54.2124,2.89835,23.2646,0,18.1404,37.2743,0.474224,3.43
-1,176.549,3.01515,0.129034,31.1554,5.98511,54.2124,2.89835,23.2646,0,18.1404,37.2743,0.474224,7
-2,173.843,2.5642,0.105033,30.8689,6.26263,54.692,2.96896,20.6387,0,17.9821,37.2873,0.473242,7
1,173.843,2.5642,0.105033,30.8689,6.26263,54.692,2.96896,20.6387,0,17.9821,37.2873,0.473242,7
-1,173.843,2.5642,0.105033,30.8689,6.26263,54.692,2.96896,20.6387,0,17.9821,37.2873,0.473242,4.9
-2,172.144,2.57538,0.101204,30.7548,6.31976,55.2539,3.00109,18.4516,0,17.9215,37.2932,0.471777,4.9
2,172.144,2.57538,0.101204,30.7548,6.31976,55.2539,3.00109,18.4516,0,17.9215,37.2932,0.471777,4.9
-1,172.144,2.57538,0.101204,30.7548,6.31976,55.2539,3.00109,18.4516,0,17.9215,37.2932,0.471777,3.43
-2,170.923,2.72778,0.0997728,30.7771,6.09273,55.7538,3.00795,16.7593,0,17.9392,37.2944,0.470476,3.43
3,170.923,2.72778,0.0997728,30.7771,6.09273,55.7538,3.00795,16.7593,0,17.9392,37.2944,0.470476,3.43
-1,170.923,2.72778,0.0997728,30.7771,6.09273,55.7538,3.00795,16.7593,0,17.9392,37.2944,0.470476,2.401
-2,169.956,2.70687,0.0973491,30.8816,5.90033,56.1462,2.98975,15.4733,0,18.0008,37.2911,0.468704,2.401
4,169.956,2.70687,0.0973491,30.8816,5.90033,56.1462,2.98975,15.4733,0,18.0008,37.2911,0.468704,2.401
0,175.045,2.73193,0.1234,31.2176,6.09691,54.0136,2.96805,21.9834,0,18.1542,37.2871,0.468688,1.6807
-1,175.045,2.73193,0.1234,31.2176,6.09691,54.0136,2.96805,21.9834,0,18.1542,37.2871,0.468688,7
-2,173.707,2.92144,0.116149,30.9848,6.68503,54.4666,3.02673,19.7138,0,18.0263,37.2979,0.467694,7
1,173.707,2.92144,0.116149,30.9848,6.68503,54.4666,3.02673,19.7138,0,18.0263,37.2979,0.467694,7
-1,173.707,2.92144,0.116149,30.9848,6.68503,54.4666,3.02673,19.7138,0,18.0263,37.2979,0.467694,4.9
-2,172.198,2.83547,0.106482,30.9275,6.53171,54.8534,3.07258,18.1004,0,17.9984,37.3063,0.46591,4.9
2,172.198,2.83547,0.106482,30.9275,6.53171,54.8534,3.07258,18.1004,0,17.9984,37.3063,0.46591,4.9
-1,172.198,2.83547,0.106482,30.9275,6.53171,54.8534,3.07258,18.1004,0,17.9984,37.3063,0.46591,3.43
-2,170.636,2.52582,0.0988151,30.9599,6.28828,55.2447,3.07912,16.6486,0,18.02,37.3075,0.463756,3.43
3,170.636,2.52582,0.0988151,30.9599,6.28828,55.2447,3.07912,16.6486,0,18.02,37.3075,0.463756,3.43
-1,170.636,2.52582,0.0988151,30.9599,6.28828,55.2447,3.07912,16.6486,0,18.02,37.3075,0.463756,2.401
-2,169.716,2.58392,0.097414,31.0733,6.02841,55.6501,3.04862,15.3854,0,18.0845,37.3019,0.462145,2.401
4,169.716,2.58392,0.097414,31.0733,6.02841,55.6501,3.04862,15.3854,0,18.0845,37.3019,0.462145,2.401
0,175.965,2.51811,0.125671,31.2636,6.65687,53.1105,3.05477,23.3117,0,18.1575,37.303,0.463676,2.401
-1,175.965,2.51811,0.125671,31.2636,6.65687,53.1105,3.05477,23.3117,0,18.1575,37.303,0.463676,7
-2,174.007,2.62838,0.118248,31.0027,7.04957,53.628,3.13614,20.6477,0,18.0154,37.318,0.46268,7
1,174.007,2.62838,0.118248,31.0027,7.04957,53.628,3.13614,20.6477,0,18.0154,37.318,0.46268,7
-1,174.007,2.62838,0.118248,31.0027,7.04957,53.628,3.13614,20.6477,0,18.0154,37.318,0.46268,4.9
-2,172.675,2.7135,0.113206,30.9585,7.00261,54.0989,3.17526,18.8319,0,17.9942,37.3252,0.461262,4.9
2,172.675,2.7135,0.113206,30.9585,7.00261,54.0989,3.17526,18.8319,0,17.9942,37.3252,0.461262,4.9
-1,172.675,2.7135,0.113206,30.9585,7.00261,54.0989,3.17526,18.8319,0,17.9942,37.3252,0.461262,3.43
-2,171.84,2.83735,0.1078,31.0318,6.88791,54.5049,3.16564,17.4862,0,18.0362,37.3234,0.459262,3.43
3,171.84,2.83735,0.1078,31.0318,6.88791,54.5049,3.16564,17.4862,0,18.0362,37.3234,0.459262,3.43
0,178.621,2.77961,0.146294,31.2252,7.56712,51.9573,3.14628,25.9042,0,18.1138,37.3199,0.460974,3.43
-1,178.621,2.77961,0.146294,31.2252,7.56712,51.9573,3.14628,25.9042,0,18.1138,37.3199,0.460974,7
-2,176.633,2.89421,0.129518,30.9331,8.19968,52.4359,3.29519,22.9814,0,17.9578,37.3473,0.459374,7
1,176.633,2.89421,0.129518,30.9331,8.19968,52.4359,3.29519,22.9814,0,17.9578,37.3473,0.459374,7
-1,176.633,2.89421,0.129518,30.9331,8.19968,52.4359,3.29519,22.9814,0,17.9578,37.3473,0.459374,4.9
-2,174.771,2.83545,0.120488,30.849,8.00793,52.8695,3.39981,20.9482,0,17.9172,37.3665,0.456396,4.9
2,174.771,2.83545,0.120488,30.849,8.00793,52.8695,3.39981,20.9482,0,17.9172,37.3665,0.456396,4.9
-1,174.771,2.83545,0.120488,30.849,8.00793,52.8695,3.39981,20.9482,0,17.9172,37.3665,0.456396,3.43
-2,173.158,2.76023,0.115119,30.8942,7.66109,53.2988,3.41729,19.2435,0,17.9457,37.3697,0.452749,3.43
3,173.158,2.76023,0.115119,30.8942,7.66109,53.2988,3.41729,19.2435,0,17.9457,37.3697,0.452749,3.43
-1,173.158,2.76023,0.115119,30.8942,7.66109,53.2988,3.41729,19.2435,0,17.9457,37.3697,0.452749,2.401
-2,172.104,2.83697,0.114488,31.0388,7.35897,53.7064,3.3735,17.8386,0,18.0258,37.3617,0.449155,2.401
4,172.104,2.83697,0.114488,31.0388,7.35897,53.7064,3.3735,17.8386,0,18.0258,37.3617,0.449155,2.401
-1,172.104,2.83697,0.114488,31.0388,7.35897,53.7064,3.3735,17.8386,0,18.0258,37.3617,0.449155,1.6807
-2,171.085,2.75762,0.11005,31.2361,6.97469,54.0209,3.31569,16.7399,0,18.1337,37.351,0.445349,1.6807
5,171.085,2.75762,0.11005,31.2361,6.97469,54.0209,3.31569,16.7399,0,18.1337,37.351,0.445349,1.6807
-1,171.085,2.75762,0.11005,31.2361,6.97469,54.0209,3.31569,16.7399,0,18.1337,37.351,0.445349,1.17649
-2,170.216,2.72815,0.102536,31.4627,6.49887,54.2947,3.25485,15.837,0,18.2561,37.3398,0.441719,1.17649
6,170.216,2.72815,0.102536,31.4627,6.49887,54.2947,3.25485,15.837,0,18.2561,37.3398,0.441719,1.17649
0,174.827,2.71579,0.129033,31.7154,7.00012,52.2048,3.22328,21.6933,0,18.3696,37.334,0.441713,0.823543
-1,174.827,2.71579,0.129033,31.7154,7.00012,52.2048,3.22328,21.6933,0,18.3696,37.334,0.441713,7
-2,173.078,2.59967,0.119152,31.4678,7.34005,52.5635,3.33604,19.622,0,18.2356,37.3548,0.439727,7
1,173.078,2.59967,0.119152,31.4678,7.34005,52.5635,3.33604,19.622,0,18.2356,37.3548,0.439727,7
-1,173.078,2.59967,0.119152,31.4678,7.34005,52.5635,3.33604,19.622,0,18.2356,37.3548,0.439727,4.9
-2,171.883,2.66286,0.116776,31.4233,7.2338,52.9421,3.38975,18.0979,0,18.214,37.3647,0.437989,4.9
2,171.883,2.66286,0.116776,31.4233,7.2338,52.9421,3.38975,18.0979,0,18.214,37.3647,0.437989,4.9
-1,171.883,2.66286,0.116776,31.4233,7.2338,52.9421,3.38975,18.0979,0,18.214,37.3647,0.437989,3.43
-2,171.223,2.89128,0.11633,31.4943,7.10125,53.2799,3.37873,16.9079,0,18.2543,37.3626,0.436098,3.43
3,171.223,2.89128,0.11633,31.4943,7.10125,53.2799,3.37873,16.9079,0,18.2543,37.3626,0.436098,3.43
0,175.97,2.9495,0.148212,31.7103,7.70375,51.1945,3.34138,22.7797,0,18.3505,37.3558,0.435848,2.401
-1,175.97,2.9495,0.148212,31.7103,7.70375,51.1945,3.34138,22.7797,0,18.3505,37.3558,0.435848,7
-2,174.376,2.91865,0.13865,31.4566,8.14087,51.513,3.50903,20.6608,0,18.2179,37.3867,0.433824,7
1,174.376,2.91865,0.13865,31.4566,8.14087,51.513,3.50903,20.6608,0,18.2179,37.3867,0.433824,7
-1,174.376,2.91865,0.13865,31.4566,8.14087,51.513,3.50903,20.6608,0,18.2179,37.3867,0.433824,4.9
-2,173.636,3.0614,0.130753,31.4246,8.2754,51.8176,3.59912,19.2882,0,18.204,37.4033,0.431567,4.9
2,173.636,3.0614,0.130753,31.4246,8.2754,51.8176,3.59912,19.2882,0,18.204,37.4033,0.431567,4.9
0,179.097,3.07894,0.16361,31.5951,9.41458,49.7513,3.55424,25.4341,0,18.2791,37.3951,0.431095,3.43
-1,179.097,3.07894,0.16361,31.5951,9.41458,49.7513,3.55424,25.4341,0,18.2791,37.3951,0.431095,7
-2,176.842,2.92748,0.144637,31.2651,9.7164,50.04,3.8612,22.893,0,18.1138,37.4517,0.428231,7
1,176.842,2.92748,0.144637,31.2651,9.7164,50.04,3.8612,22.893,0,18.1138,37.4517,0.428231,7
-1,176.842,2.92748,0.144637,31.2651,9.7164,50.04,3.8612,22.893,0,18.1138,37.4517,0.428231,4.9
-2,175.091,2.75953,0.13237,31.196,9.33692,50.3525,4.04648,21.2714,0,18.0848,37.4859,0.424788,4.9
2,175.091,2.75953,0.13237,31.196,9.33692,50.3525,4.04648,21.2714,0,18.0848,37.4859,0.424788,4.9
-1,175.091,2.75953,0.13237,31.196,9.33692,50.3525,4.04648,21.2714,0,18.0848,37.4859,0.424788,3.43
-2,173.867,2.71171,0.127337,31.269,9.01781,50.7112,4.08257,19.9073,0,18.126,37.4926,0.421228,3.43
3,173.867,2.71171,0.127337,31.269,9.01781,50.7112,4.08257,19.9073,0,18.126,37.4926,0.421228,3.43
0,180.666,2.82503,0.169891,31.3041,10.7323,48.3119,3.99128,27.3001,0,18.1315,37.4758,0.424225,3.43
-1,180.666,2.82503,0.169891,31.3041,10.7323,48.3119,3.99128,27.3001,0,18.1315,37.4758,0.424225,7
-2,178.111,2.79089,0.154372,30.9912,10.7688,48.6661,4.36825,24.4206,0,17.9835,37.5456,0.421657,7
1,178.111,2.79089,0.154372,30.9912,10.7688,48.6661,4.36825,24.4206,0,17.9835,37.5456,0.421657,7
-1,178.111,2.79089,0.154372,30.9912,10.7688,48.6661,4.36825,24.4206,0,17.9835,37.5456,0.421657,4.9
-2,176.688,2.75652,0.145583,30.9437,10.6045,49.0152,4.57282,22.6792,0,17.9687,37.5834,0.41849,4.9
2,176.688,2.75652,0.145583,30.9437,10.6045,49.0152,4.57282,22.6792,0,17.9687,37.5834,0.41849,4.9
-1,176.688,2.75652,0.145583,30.9437,10.6045,49.0152,4.57282,22.6792,0,17.9687,37.5834,0.41849,3.43
-2,175.806,2.90021,0.143178,31.0368,10.2588,49.3378,4.62459,21.4762,0,18.0206,37.593,0.414849,3.43
3,175.806,2.90021,0.143178,31.0368,10.2588,49.3378,4.62459,21.4762,0,18.0206,37.593,0.414849,3.43
0,182.081,2.88832,0.187741,30.9909,12.1875,46.998,4.50842,28.3414,0,17.9888,37.5716,0.417952,3.43
-1,182.081,2.88832,0.187741,30.9909,12.1875,46.998,4.50842,28.3414,0,17.9888,37.5716,0.417952,7
-2,179.899,2.80606,0.165463,30.6996,12.3501,47.2814,4.98942,25.669,0,17.8615,37.6608,0.415471,7
1,179.899,2.80606,0.165463,30.6996,12.3501,47.2814,4.98942,25.669,0,17.8615,37.6608,0.415471,7
-1,179.899,2.80606,0.165463,30.6996,12.3501,47.2814,4.98942,25.669,0,17.8615,37.6608,0.415471,4.9
-2,178.934,3.00439,0.157442,30.6324,12.2407,47.5387,5.28538,24.1055,0,17.8417,37.7158,0.411995,4.9
2,178.934,3.00439,0.157442,30.6324,12.2407,47.5387,5.28538,24.1055,0,17.8417,37.7158,0.411995,4.9
0,184.261,3.07973,0.197488,30.6138,14.4059,45.5481,5.20828,29.2609,0,17.8339,37.7017,0.411719,3.43
-1,184.261,3.07973,0.197488,30.6138,14.4059,45.5481,5.20828,29.2609,0,17.8339,37.7017,0.411719,7
-2,182.113,3.07309,0.174513,30.2938,14.3095,45.6998,5.86492,26.7601,0,17.7051,37.8239,0.408502,7
1,182.113,3.07309,0.174513,30.2938,14.3095,45.6998,5.86492,26.7601,0,17.7051,37.8239,0.408502,7
-1,182.113,3.07309,0.174513,30.2938,14.3095,45.6998,5.86492,26.7601,0,17.7051,37.8239,0.408502,4.9
-2,181.005,3.14011,0.161365,30.2039,13.9679,45.8286,6.28528,25.4299,0,17.6816,37.9023,0.404192,4.9
2,181.005,3.14011,0.161365,30.2039,13.9679,45.8286,6.28528,25.4299,0,17.6816,37.9023,0.404192,4.9
-1,181.005,3.14011,0.161365,30.2039,13.9679,45.8286,6.28528,25.4299,0,17.6816,37.9023,0.404192,3.43
-2,179.558,2.82115,0.151953,30.2516,13.3286,45.969,6.46905,24.5146,0,17.7163,37.9366,0.398595,3.43
3,179.558,2.82115,0.151953,30.2516,13.3286,45.969,6.46905,24.5146,0,17.7163,37.9366,0.398595,3.43
-1,179.558,2.82115,0.151953,30.2516,13.3286,45.969,6.46905,24.5146,0,17.7163,37.9366,0.398595,2.401
-2,178.537,2.85535,0.149484,30.4041,12.683,46.1861,6.43476,23.7081,0,17.7931,37.9301,0.392989,2.401
4,178.537,2.85535,0.149484,30.4041,12.683,46.1861,6.43476,23.7081,0,17.7931,37.9301,0.392989,2.401
-1,178.537,2.85535,0.149484,30.4041,12.683,46.1861,6.43476,23.7081,0,17.7931,37.9301,0.392989,1.6807
-2,177.736,2.96811,0.150477,30.6027,12.1107,46.3865,6.29089,23.0487,0,17.8881,37.9032,0.387092,1.6807
5,177.736,2.96811,0.150477,30.6027,12.1107,46.3865,6.29089,23.0487,0,17.8881,37.9032,0.387092,1.6807
0,181.63,2.93209,0.184455,30.5163,13.9081,44.4674,6.19576,27.3001,0,17.8526,37.8857,0.387067,1.17649
-1,181.63,2.93209,0.184455,30.5163,13.9081,44.4674,6.19576,27.3001,0,17.8526,37.8857,0.387067,7
-2,180.404,2.98191,0.173544,30.3116,14.0141,44.5847,6.65273,25.5566,0,17.7737,37.971,0.384387,7
1,180.404,2.98191,0.173544,30.3116,14.0141,44.5847,6.65273,25.5566,0,17.7737,37.971,0.384387,7
-1,180.404,2.98191,0.173544,30.3116,14.0141,44.5847,6.65273,25.5566,0,17.7737,37.971,0.384387,4.9
-2,179.742,2.92725,0.161426,30.2818,13.9738,44.6793,6.90722,24.6377,0,17.7732,38.0185,0.381341,4.9
2,179.742,2.92725,0.161426,30.2818,13.9738,44.6793,6.90722,24.6377,0,17.7732,38.0185,0.381341,4.9
0,183.857,2.94923,0.200721,30.1428,16.4602,42.784,6.79719,28.4271,0,17.7165,37.9983,0.381017,3.43
-1,183.857,2.94923,0.200721,30.1428,16.4602,42.784,6.79719,28.4271,0,17.7165,37.9983,0.381017,7
-2,182.289,3.01087,0.183311,29.8608,16.221,42.83,7.54718,26.501,0,17.6179,38.1387,0.378142,7
1,182.289,3.01087,0.183311,29.8608,16.221,42.83,7.54718,26.501,0,17.6179,38.1387,0.378142,7
-1,182.289,3.01087,0.183311,29.8608,16.221,42.83,7.54718,26.501,0,17.6179,38.1387,0.378142,4.9
-2,181.538,2.95109,0.171491,29.7673,15.9438,42.8261,8.03331,25.6415,0,17.5989,38.2299,0.374785,4.9
2,181.538,2.95109,0.171491,29.7673,15.9438,42.8261,8.03331,25.6415,0,17.5989,38.2299,0.374785,4.9
0,185.386,3.0262,0.214026,29.5596,18.9121,40.9762,7.90171,28.7014,0,17.5153,38.2057,0.374199,3.43
-1,185.386,3.0262,0.214026,29.5596,18.9121,40.9762,7.90171,28.7014,0,17.5153,38.2057,0.374199,7
-2,183.583,2.90413,0.190704,29.2683,18.2562,40.9386,8.84873,26.9965,0,17.4253,38.3838,0.371296,7
1,183.583,2.90413,0.190704,29.2683,18.2562,40.9386,8.84873,26.9965,0,17.4253,38.3838,0.371296,7
-1,183.583,2.90413,0.190704,29.2683,18.2562,40.9386,8.84873,26.9965,0,17.4253,38.3838,0.371296,4.9
-2,182.714,2.78128,0.175581,29.1596,17.6524,40.8756,9.4712,26.3222,0,17.4069,38.5011,0.368302,4.9
2,182.714,2.78128,0.175581,29.1596,17.6524,40.8756,9.4712,26.3222,0,17.4069,38.5011,0.368302,4.9
0,186.242,2.90781,0.220287,28.8803,21.1006,39.0822,9.31259,28.6031,0,17.2959,38.4719,0.367434,3.43
-1,186.242,2.90781,0.220287,28.8803,21.1006,39.0822,9.31259,28.6031,0,17.2959,38.4719,0.367434,7
-2,184.683,2.92868,0.198521,28.6111,20.1867,39.0286,10.3715,27.0991,0,17.2223,38.6721,0.364696,7
1,184.683,2.92868,0.198521,28.6111,20.1867,39.0286,10.3715,27.0991,0,17.2223,38.6721,0.364696,7
-1,184.683,2.92868,0.198521,28.6111,20.1867,39.0286,10.3715,27.0991,0,17.2223,38.6721,0.364696,4.9
-2,184.408,3.21621,0.190527,28.498,19.5659,38.926,11.0652,26.5765,0,17.2043,38.8035,0.36179,4.9
2,184.408,3.21621,0.190527,28.498,19.5659,38.926,11.0652,26.5765,0,17.2043,38.8035,0.36179,4.9
0,187.688,3.39569,0.236662,28.1504,23.4747,37.199,10.8823,28.1516,0,17.0675,38.7699,0.360739,3.43
-1,187.688,3.39569,0.236662,28.1504,23.4747,37.199,10.8823,28.1516,0,17.0675,38.7699,0.360739,7
-2,185.921,3.21706,0.210738,27.8882,22.1604,37.0688,12.0538,26.9718,0,17,38.9926,0.357562,7
1,185.921,3.21706,0.210738,27.8882,22.1604,37.0688,12.0538,26.9718,0,17,38.9926,0.357562,7
-1,185.921,3.21706,0.210738,27.8882,22.1604,37.0688,12.0538,26.9718,0,17,38.9926,0.357562,4.9
-2,185.158,3.05701,0.195833,27.7728,21.274,36.9166,12.8098,26.6586,0,16.9817,39.1366,0.354719,4.9
2,185.158,3.05701,0.195833,27.7728,21.274,36.9166,12.8098,26.6586,0,16.9817,39.1366,0.354719,4.9
0,188.768,3.17666,0.235731,27.3604,26.184,35.2731,12.6056,27.6596,0,16.8202,39.099,0.353806,3.43
-1,188.768,3.17666,0.235731,27.3604,26.184,35.2731,12.6056,27.6596,0,16.8202,39.099,0.353806,7
-2,186.533,3.10931,0.214568,27.1378,23.7966,35.1555,13.9168,26.727,0,16.7743,39.3497,0.351494,7
1,186.533,3.10931,0.214568,27.1378,23.7966,35.1555,13.9168,26.727,0,16.7743,39.3497,0.351494,7
-1,186.533,3.10931,0.214568,27.1378,23.7966,35.1555,13.9168,26.727,0,16.7743,39.3497,0.351494,4.9
-2,185.784,2.96636,0.199892,27.0456,22.6837,35.0218,14.6637,26.5971,0,16.7631,39.4926,0.349845,4.9
2,185.784,2.96636,0.199892,27.0456,22.6837,35.0218,14.6637,26.5971,0,16.7631,39.4926,0.349845,4.9
0,189.427,3.12134,0.239512,26.5742,28.0354,33.4578,14.4348,27.1863,0,16.5786,39.4504,0.349183,3.43
-1,189.427,3.12134,0.239512,26.5742,28.0354,33.4578,14.4348,27.1863,0,16.5786,39.4504,0.349183,7
-2,187.877,3.24591,0.212906,26.4028,25.722,33.3646,15.7886,26.5301,0,16.5519,39.7106,0.347702,7
1,187.877,3.24591,0.212906,26.4028,25.722,33.3646,15.7886,26.5301,0,16.5519,39.7106,0.347702,7
-1,187.877,3.24591,0.212906,26.4028,25.722,33.3646,15.7886,26.5301,0,16.5519,39.7106,0.347702,4.9
-2,187.411,3.32593,0.20072,26.3057,24.4387,33.2054,16.6262,26.5527,0,16.5371,39.8718,0.346242,4.9
2,187.411,3.32593,0.20072,26.3057,24.4387,33.2054,16.6262,26.5527,0,16.5371,39.8718,0.346242,4.9
0,190.975,3.43774,0.237864,25.7806,30.0499,31.7186,16.3761,26.8725,0,16.3307,39.8256,0.345419,3.43
-1,190.975,3.43774,0.237864,25.7806,30.0499,31.7186,16.3761,26.8725,0,16.3307,39.8256,0.345419,7
-2,189.208,3.4004,0.210298,25.6361,27.2989,31.5945,17.8134,26.4971,0,16.3101,40.1036,0.34364,7
1,189.208,3.4004,0.210298,25.6361,27.2989,31.5945,17.8134,26.4971,0,16.3101,40.1036,0.34364,7
-1,189.208,3.4004,0.210298,25.6361,27.2989,31.5945,17.8134,26.4971,0,16.3101,40.1036,0.34364,4.9
-2,188.391,3.24177,0.194888,25.5419,25.6864,31.4096,18.6956,26.713,0,16.2913,40.2741,0.342968,4.9
2,188.391,3.24177,0.194888,25.5419,25.6864,31.4096,18.6956,26.713,0,16.2913,40.2741,0.342968,4.9
0,191.965,3.39922,0.229634,24.9693,31.4205,30.0135,18.4299,26.8717,0,16.0642,40.225,0.341966,3.43
-1,191.965,3.39922,0.229634,24.9693,31.4205,30.0135,18.4299,26.8717,0,16.0642,40.225,0.341966,7
-2,189.821,3.14767,0.200358,24.869,28.1232,29.8846,19.9201,26.7653,0,16.0549,40.5147,0.341206,7
1,189.821,3.14767,0.200358,24.869,28.1232,29.8846,19.9201,26.7653,0,16.0549,40.5147,0.341206,7
-1,189.821,3.14767,0.200358,24.869,28.1232,29.8846,19.9201,26.7653,0,16.0549,40.5147,0.341206,4.9
-2,188.854,2.95339,0.184854,24.8069,26.2806,29.7469,20.752,27.0683,0,16.0426,40.6762,0.342089,4.9
2,188.854,2.95339,0.184854,24.8069,26.2806,29.7469,20.752,27.0683,0,16.0426,40.6762,0.342089,4.9
0,192.365,3.15326,0.216302,24.1943,31.9809,28.4432,20.4731,27.1418,0,15.7962,40.6247,0.340912,3.43
-1,192.365,3.15326,0.216302,24.1943,31.9809,28.4432,20.4731,27.1418,0,15.7962,40.6247,0.340912,7
-2,191.07,3.40988,0.194717,24.1556,28.7457,28.3492,21.9467,27.2098,0,15.8041,40.9126,0.341412,7
1,191.07,3.40988,0.194717,24.1556,28.7457,28.3492,21.9467,27.2098,0,15.8041,40.9126,0.341412,7
-1,191.07,3.40988,0.194717,24.1556,28.7457,28.3492,21.9467,27.2098,0,15.8041,40.9126,0.341412,4.9
-2,190.172,3.24287,0.179534,24.0987,26.7382,28.1739,22.8144,27.7122,0,15.7877,41.0816,0.343097,4.9
2,190.172,3.24287,0.179534,24.0987,26.7382,28.1739,22.8144,27.7122,0,15.7877,41.0816,0.343097,4.9
0,193.56,3.47861,0.206826,23.4531,32.2911,26.9653,22.5272,27.7433,0,15.5232,41.0285,0.342231,3.43
-1,193.56,3.47861,0.206826,23.4531,32.2911,26.9653,22.5272,27.7433,0,15.5232,41.0285,0.342231,7
-2,191.734,3.35991,0.179556,23.4433,28.6196,26.8203,24.0503,28.0584,0,15.532,41.3275,0.34326,7
1,191.734,3.35991,0.179556,23.4433,28.6196,26.8203,24.0503,28.0584,0,15.532,41.3275,0.34326,7
-1,191.734,3.35991,0.179556,23.4433,28.6196,26.8203,24.0503,28.0584,0,15.532,41.3275,0.34326,4.9
-2,191.235,3.28671,0.167551,23.4064,26.8938,26.6686,24.8679,28.5951,0,15.5156,41.4872,0.346069,4.9
2,191.235,3.28671,0.167551,23.4064,26.8938,26.6686,24.8679,28.5951,0,15.5156,41.4872,0.346069,4.9
0,194.415,3.3712,0.186812,22.7353,32.3681,25.5523,24.5811,28.6065,0,15.2343,41.4342,0.345091,3.43
-1,194.415,3.3712,0.186812,22.7353,32.3681,25.5523,24.5811,28.6065,0,15.2343,41.4342,0.345091,7
-2,192.45,3.21719,0.162903,22.7738,28.3385,25.3851,26.1374,29.0945,0,15.2525,41.7411,0.347111,7
1,192.45,3.21719,0.162903,22.7738,28.3385,25.3851,26.1374,29.0945,0,15.2525,41.7411,0.347111,7
-1,192.45,3.21719,0.162903,22.7738,28.3385,25.3851,26.1374,29.0945,0,15.2525,41.7411,0.347111,4.9
-2,192.222,3.25093,0.15131,22.7582,26.7088,25.2315,26.9362,29.6984,0,15.2375,41.8976,0.351678,4.9
2,192.222,3.25093,0.15131,22.7582,26.7088,25.2315,26.9362,29.6984,0,15.2375,41.8976,0.351678,4.9
0,194.971,3.36031,0.166447,22.0694,31.6641,24.2113,26.6597,29.7013,0,14.9408,41.8466,0.350712,3.43
-1,194.971,3.36031,0.166447,22.0694,31.6641,24.2113,26.6597,29.7013,0,14.9408,41.8466,0.350712,7
-2,193.266,3.17639,0.142665,22.1521,27.7809,24.0154,28.1795,30.3517,0,14.9663,42.1476,0.353854,7
1,193.266,3.17639,0.142665,22.1521,27.7809,24.0154,28.1795,30.3517,0,14.9663,42.1476,0.353854,7
-1,193.266,3.17639,0.142665,22.1521,27.7809,24.0154,28.1795,30.3517,0,14.9663,42.1476,0.353854,4.9
-2,193.329,3.43737,0.133195,22.1568,26.0719,23.8221,29.0049,31.0802,0,14.9536,42.3097,0.359211,4.9
-2,192.842,3.16684,0.137637,22.153,26.6208,23.9179,28.5896,30.7118,0,14.9595,42.2281,0.356358,4.9
2,192.842,3.16684,0.137637,22.153,26.6208,23.9179,28.5896,30.7118,0,14.9595,42.2281,0.356358,4.9
0,195.444,3.29889,0.149315,21.4483,31.3435,22.9748,28.3339,30.7112,0,14.6475,42.1809,0.355431,3.43
-1,195.444,3.29889,0.149315,21.4483,31.3435,22.9748,28.3339,30.7112,0,14.6475,42.1809,0.355431,7
-2,194.296,3.34776,0.126674,21.601,27.5127,22.7661,29.9337,31.4561,0,14.694,42.4989,0.358787,7
1,194.296,3.34776,0.126674,21.601,27.5127,22.7661,29.9337,31.4561,0,14.694,42.4989,0.358787,7
-1,194.296,3.34776,0.126674,21.601,27.5127,22.7661,29.9337,31.4561,0,14.694,42.4989,0.358787,4.9
-2,193.756,3.23896,0.116934,21.6394,25.3271,22.5219,30.8606,32.3172,0,14.6881,42.6819,0.364219,4.9
2,193.756,3.23896,0.116934,21.6394,25.3271,22.5219,30.8606,32.3172,0,14.6881,42.6819,0.364219,4.9
0,195.277,3.29517,0.123138,20.936,28.9343,21.6749,30.63,32.3148,0,14.366,42.6394,0.363711,3.43
-1,195.277,3.29517,0.123138,20.936,28.9343,21.6749,30.63,32.3148,0,14.366,42.6394,0.363711,7
-2,194.325,3.12692,0.103455,21.1056,25.7009,21.4183,32.0007,33.1761,0,14.4126,42.9124,0.368051,7
1,194.325,3.12692,0.103455,21.1056,25.7009,21.4183,32.0007,33.1761,0,14.4126,42.9124,0.368051,7
0,195.733,3.21547,0.107686,20.3892,29.0965,20.6213,31.8103,33.1725,0,14.0757,42.8773,0.36732,4.9
-1,195.733,3.21547,0.107686,20.3892,29.0965,20.6213,31.8103,33.1725,0,14.0757,42.8773,0.36732,7
-2,194.498,3.18741,0.0916423,20.6392,25.1036,20.3411,33.3043,34.1333,0,14.1508,43.176,0.371079,7
1,194.498,3.18741,0.0916423,20.6392,25.1036,20.3411,33.3043,34.1333,0,14.1508,43.176,0.371079,7
-1,194.498,3.18741,0.0916423,20.6392,25.1036,20.3411,33.3043,34.1333,0,14.1508,43.176,0.371079,4.9
-2,194.891,3.48051,0.0831996,20.7346,23.4498,20.0309,34.1562,35.0715,0,14.1618,43.345,0.377401,4.9
-2,194.458,3.18916,0.0866435,20.6849,24.1956,20.1854,33.7287,34.5976,0,14.1554,43.2601,0.374106,4.9
2,194.458,3.18916,0.0866435,20.6849,24.1956,20.1854,33.7287,34.5976,0,14.1554,43.2601,0.374106,4.9
0,194.852,3.19753,0.0873838,19.9739,26.5417,19.4616,33.5803,34.5928,0,13.8103,43.2329,0.373817,3.43
-1,194.852,3.19753,0.0873838,19.9739,26.5417,19.4616,33.5803,34.5928,0,13.8103,43.2329,0.373817,7
-2,194.715,3.51808,0.0752662,20.2108,23.6429,19.1417,34.8089,35.5816,0,13.8786,43.4789,0.378444,7
1,194.715,3.51808,0.0752662,20.2108,23.6429,19.1417,34.8089,35.5816,0,13.8786,43.4789,0.378444,7
0,194.633,3.55327,0.0753502,19.4963,25.4023,18.464,34.7056,35.5751,0,13.523,43.46,0.378263,4.9
-1,194.633,3.55327,0.0753502,19.4963,25.4023,18.464,34.7056,35.5751,0,13.523,43.46,0.378263,7
-2,193.781,3.36447,0.0662542,19.734,22.3616,18.0784,35.826,36.6913,0,13.5912,43.6844,0.383025,7
1,193.781,3.36447,0.0662542,19.734,22.3616,18.0784,35.826,36.6913,0,13.5912,43.6844,0.383025,7
0,192.978,3.33084,0.0650252,19.02,23.3862,17.4458,35.7636,36.6823,0,13.2279,43.673,0.382982,4.9
-1,192.978,3.33084,0.0650252,19.02,23.3862,17.4458,35.7636,36.6823,0,13.2279,43.673,0.382982,7
-2,192.227,3.1642,0.0580665,19.2197,20.8575,17.0533,36.6448,37.7076,0,13.2833,43.8494,0.389492,7
1,192.227,3.1642,0.0580665,19.2197,20.8575,17.0533,36.6448,37.7076,0,13.2833,43.8494,0.389492,7
0,191,3.16094,0.0578618,18.5066,21.3554,16.4596,36.6167,37.6952,0,12.914,43.8442,0.389461,4.9
-1,191,3.16094,0.0578618,18.5066,21.3554,16.4596,36.6167,37.6952,0,12.914,43.8442,0.389461,7
-2,190.379,2.94385,0.0537222,18.6347,19.5618,16.0852,37.223,38.5695,0,12.9455,43.9652,0.396471,7
1,190.379,2.94385,0.0537222,18.6347,19.5618,16.0852,37.223,38.5695,0,12.9455,43.9652,0.396471,7
0,188.812,2.98065,0.0537267,17.9214,19.6347,15.5199,37.2172,38.552,0,12.5718,43.9641,0.396309,4.9
-1,188.812,2.98065,0.0537267,17.9214,19.6347,15.5199,37.2172,38.552,0,12.5718,43.9641,0.396309,7
-2,189.004,3.11103,0.053385,17.9591,18.8715,15.17,37.5813,39.2457,0,12.5722,44.0362,0.403917,7
-2,188.962,3.04037,0.0533699,17.94,19.3155,15.3443,37.3998,38.897,0,12.5718,44.0003,0.400051,7
-2,188.963,3.10783,0.0544421,17.9306,19.4538,15.4319,37.3086,38.724,0,12.5718,43.9822,0.398165,7
-2,189.008,3.09096,0.0548082,17.926,19.6171,15.4759,37.2629,38.6379,0,12.5718,43.9732,0.397233,7
-2,189.116,3.15434,0.055195,17.9225,19.7383,15.5089,37.2286,38.5735,0,12.5718,43.9664,0.396539,7
-2,188.803,2.97559,0.0536949,17.9217,19.6246,15.5171,37.22,38.5574,0,12.5718,43.9647,0.396366,7
1,188.803,2.97559,0.0536949,17.9217,19.6246,15.5171,37.22,38.5574,0,12.5718,43.9647,0.396366,7
0,187.124,2.97045,0.0551706,17.2005,19.6452,14.945,37.2205,38.533,0,12.193,43.9648,0.396165,4.9
-1,187.124,2.97045,0.0551706,17.2005,19.6452,14.945,37.2205,38.533,0,12.193,43.9648,0.396165,7
-2,187.383,3.20434,0.0552837,17.2219,18.8952,14.6034,37.5906,39.1806,0,12.1892,44.0386,0.403586,7
-2,187.257,3.03519,0.0550243,17.211,19.3291,14.7736,37.4056,38.8551,0,12.1909,44.0017,0.399819,7
-2,187.266,3.0999,0.0559936,17.2057,19.4651,14.8591,37.313,38.6937,0,12.1919,43.9832,0.397978,7
-2,187.314,3.08171,0.0563061,17.2031,19.6278,14.902,37.2668,38.6132,0,12.1924,43.974,0.397068,7
-2,187.426,3.14417,0.0566519,17.2011,19.7487,14.9342,37.2321,38.553,0,12.1928,43.9671,0.39639,7
-2,187.115,2.96546,0.0551422,17.2007,19.6352,14.9423,37.2234,38.538,0,12.1929,43.9653,0.396221,7
1,187.115,2.96546,0.0551422,17.2007,19.6352,14.9423,37.2234,38.538,0,12.1929,43.9653,0.396221,7
0,185.266,2.92792,0.0568763,16.4792,19.5475,14.3623,37.214,38.5041,0,11.8143,43.9636,0.395825,4.9
-1,185.266,2.92792,0.0568763,16.4792,19.5475,14.3623,37.214,38.5041,0,11.8143,43.9636,0.395825,7
-2,185.432,3.07632,0.057441,16.4526,18.9329,14.0322,37.5634,39.086,0,11.7941,44.0338,0.40307,7
-2,185.421,2.99993,0.0568223,16.4658,19.3187,14.1967,37.3875,38.7936,0,11.8041,43.9985,0.399393,7
-2,185.419,3.06082,0.057751,16.4725,19.4118,14.2793,37.3005,38.6485,0,11.8092,43.981,0.397595,7
-2,185.462,3.04074,0.0580386,16.4759,19.5524,14.3208,37.2572,38.5762,0,11.8117,43.9723,0.396707,7
-2,185.569,3.10182,0.0583639,16.4784,19.6564,14.3519,37.2248,38.5221,0,11.8136,43.9658,0.396045,7
-2,185.511,3.01596,0.0583731,16.479,19.6989,14.3597,37.2167,38.5086,0,11.8141,43.9641,0.39588,7
-2,185.263,2.92669,0.0568696,16.4792,19.5453,14.3617,37.2147,38.5052,0,11.8142,43.9637,0.395839,7
1,185.263,2.92669,0.0568696,16.4792,19.5453,14.3617,37.2147,38.5052,0,11.8142,43.9637,0.395839,7
0,183.472,2.94918,0.0604345,15.7652,19.4954,13.7705,37.1794,38.4583,0,11.441,43.9573,0.395037,4.9
-1,183.472,2.94918,0.0604345,15.7652,19.4954,13.7705,37.1794,38.4583,0,11.441,43.9573,0.395037,7
-2,183.493,3.01933,0.0590935,15.6609,19.0235,13.4534,37.4981,38.9614,0,11.3931,44.022,0.401902,7
-2,183.671,3.02879,0.0601855,15.7129,19.4095,13.6114,37.3353,38.7087,0,11.4169,43.989,0.39842,7
-2,183.648,3.08582,0.0612175,15.739,19.433,13.6908,37.2565,38.5832,0,11.4289,43.973,0.396716,7
-2,183.68,3.06378,0.0615523,15.7521,19.5375,13.7306,37.2178,38.5207,0,11.435,43.9651,0.395874,7
-2,183.778,3.12349,0.0619111,15.762,19.6137,13.7605,37.189,38.4739,0,11.4395,43.9592,0.395245,7
-2,183.803,3.13855,0.0620012,15.7644,19.6329,13.768,37.1818,38.4622,0,11.4406,43.9578,0.395089,7
-2,183.47,2.94799,0.0604272,15.765,19.4938,13.7699,37.18,38.4593,0,11.4409,43.9574,0.39505,7
1,183.47,2.94799,0.0604272,15.765,19.4938,13.7699,37.18,38.4593,0,11.4409,43.9574,0.39505,7
0,181.677,2.94915,0.0646842,15.0661,19.5194,13.1625,37.1038,38.3953,0,11.0782,43.9434,0.394041,4.9
-1,181.677,2.94915,0.0646842,15.0661,19.5194,13.1625,37.1038,38.3953,0,11.0782,43.9434,0.394041,7
-2,181.736,3.02941,0.0620396,14.856,19.3301,12.859,37.3922,38.8118,0,10.992,44.0027,0.40054,7
-2,181.629,2.93684,0.063882,14.9603,19.4102,13.0102,37.241,38.6026,0,11.0347,43.9718,0.397244,7
1,181.629,2.93684,0.063882,14.9603,19.4102,13.0102,37.241,38.6026,0,11.0347,43.9718,0.397244,7
0,180.122,2.99641,0.0699775,14.2726,19.7345,12.3972,37.1084,38.5163,0,10.6831,43.9474,0.395616,4.9
-1,180.122,2.99641,0.0699775,14.2726,19.7345,12.3972,37.1084,38.5163,0,10.6831,43.9474,0.395616,7
-2,180.182,3.09628,0.0651472,13.9604,19.7801,12.1156,37.3664,38.8347,0,10.5606,44.0006,0.402053,7
-2,180.185,3.09687,0.0672385,14.1149,19.756,12.2559,37.2276,38.6748,0,10.6209,43.9722,0.398794,7
-2,180.34,3.1448,0.0689034,14.1933,19.8373,12.3264,37.1656,38.5954,0,10.6518,43.9594,0.397195,7
-2,180.366,3.12073,0.0690684,14.2329,19.872,12.3618,37.1364,38.5558,0,10.6674,43.9533,0.396403,7
-2,180.359,3.07494,0.0696646,14.2626,19.8978,12.3883,37.1153,38.5262,0,10.6791,43.9489,0.395813,7
-2,180.114,2.99188,0.069924,14.2701,19.7322,12.395,37.1101,38.5188,0,10.6821,43.9478,0.395665,7
1,180.114,2.99188,0.069924,14.2701,19.7322,12.395,37.1101,38.5188,0,10.6821,43.9478,0.395665,7
0,178.968,3.04355,0.0770682,13.6113,20.5095,11.7586,36.9096,38.4036,0,10.3498,43.9108,0.394283,4.9
-1,178.968,3.04355,0.0770682,13.6113,20.5095,11.7586,36.9096,38.4036,0,10.3498,43.9108,0.394283,7
-2,178.594,3.12854,0.068556,13.1516,20.4113,11.4897,37.1715,38.6336,0,10.1738,43.9654,0.400259,7
1,178.594,3.12854,0.068556,13.1516,20.4113,11.4897,37.1715,38.6336,0,10.1738,43.9654,0.400259,7
0,177.582,3.22246,0.0758371,12.4895,21.4107,10.8544,36.8856,38.4822,0,9.85026,43.9125,0.398383,4.9
-1,177.582,3.22246,0.0758371,12.4895,21.4107,10.8544,36.8856,38.4822,0,9.85026,43.9125,0.398383,7
-2,177.047,3.19496,0.0671752,12.0614,21.0716,10.5934,37.2702,38.7029,0,9.6913,43.9906,0.403359,7
1,177.047,3.19496,0.0671752,12.0614,21.0716,10.5934,37.2702,38.7029,0,9.6913,43.9906,0.403359,7
0,175.993,3.24148,0.0734734,11.4073,22.2236,9.95431,36.885,38.5055,0,9.38184,43.9191,0.401776,4.9
-1,175.993,3.24148,0.0734734,11.4073,22.2236,9.95431,36.885,38.5055,0,9.38184,43.9191,0.401776,7
-2,175.3,3.12147,0.0645934,11.0097,21.6488,9.70971,37.3819,38.7011,0,9.2383,44.019,0.405846,7
1,175.3,3.12147,0.0645934,11.0097,21.6488,9.70971,37.3819,38.7011,0,9.2383,44.019,0.405846,7
0,174.257,3.20941,0.0706693,10.373,22.9259,9.06787,36.885,38.4468,0,8.94707,43.9263,0.404584,4.9
-1,174.257,3.20941,0.0706693,10.373,22.9259,9.06787,36.885,38.4468,0,8.94707,43.9263,0.404584,7
-2,174.413,3.3597,0.0631109,10.0074,22.7723,8.83959,37.4877,38.6093,0,8.81858,44.0469,0.407892,7
-2,174.356,3.3862,0.066471,10.1868,22.789,8.95326,37.1749,38.5279,0,8.88134,43.9844,0.406211,7
-2,174.243,3.24679,0.0683135,10.2791,22.85,9.01045,37.0271,38.4873,0,8.91383,43.9548,0.405391,7
1,174.243,3.24679,0.0683135,10.2791,22.85,9.01045,37.0271,38.4873,0,8.91383,43.9548,0.405391,7
0,173.641,3.31737,0.0747413,9.68767,24.7334,8.35233,36.4165,38.1634,0,8.65047,43.8404,0.404982,4.9
-1,173.641,3.31737,0.0747413,9.68767,24.7334,8.35233,36.4165,38.1634,0,8.65047,43.8404,0.404982,7
-2,172.862,3.50262,0.0632331,9.23152,23.5823,8.1248,37.1715,38.2949,0,8.49254,43.9911,0.407625,7
1,172.862,3.50262,0.0632331,9.23152,23.5823,8.1248,37.1715,38.2949,0,8.49254,43.9911,0.407625,7
0,171.858,3.60421,0.0684818,8.66399,25.2173,7.47482,36.4316,37.8887,0,8.24946,43.8517,0.4075,4.9
-1,171.858,3.60421,0.0684818,8.66399,25.2173,7.47482,36.4316,37.8887,0,8.24946,43.8517,0.4075,7
-2,170.748,3.51598,0.0587495,8.30113,23.6572,7.22995,37.3369,38.0783,0,8.12724,44.033,0.409564,7
1,170.748,3.51598,0.0587495,8.30113,23.6572,7.22995,37.3369,38.0783,0,8.12724,44.033,0.409564,7
-1,170.748,3.51598,0.0587495,8.30113,23.6572,7.22995,37.3369,38.0783,0,8.12724,44.033,0.409564,4.9
-2,170.387,3.3494,0.053673,8.07807,22.7988,6.95212,38.1862,38.2979,0,8.05289,44.2038,0.413975,4.9
2,170.387,3.3494,0.053673,8.07807,22.7988,6.95212,38.1862,38.2979,0,8.05289,44.2038,0.413975,4.9
0,168.423,3.34264,0.0563449,7.5296,23.8075,6.34554,37.2746,37.7937,0,7.82812,44.0309,0.413959,3.43
-1,168.423,3.34264,0.0563449,7.5296,23.8075,6.34554,37.2746,37.7937,0,7.82812,44.0309,0.413959,7
-2,167.715,3.18865,0.0497985,7.32129,22.6604,6.12142,38.0845,37.9183,0,7.75999,44.1932,0.417492,7
1,167.715,3.18865,0.0497985,7.32129,22.6604,6.12142,38.0845,37.9183,0,7.75999,44.1932,0.417492,7
0,165.56,3.2256,0.0520782,6.82191,23.6599,5.53449,37.0056,37.294,0,7.56237,43.9871,0.416937,4.9
-1,165.56,3.2256,0.0520782,6.82191,23.6599,5.53449,37.0056,37.294,0,7.56237,43.9871,0.416937,7
-2,165.092,3.27629,0.0450153,6.62942,22.5463,5.32922,37.84,37.3512,0,7.5005,44.1541,0.420195,7
1,165.092,3.27629,0.0450153,6.62942,22.5463,5.32922,37.84,37.3512,0,7.5005,44.1541,0.420195,7
0,162.54,3.25101,0.0466333,6.18238,23.4572,4.77619,36.5821,36.5855,0,7.32974,43.912,0.417527,4.9
-1,162.54,3.25101,0.0466333,6.18238,23.4572,4.77619,36.5821,36.5855,0,7.32974,43.912,0.417527,7
-2,161.662,3.08512,0.0400753,6.01519,22.1288,4.58076,37.4256,36.6089,0,7.27683,44.0813,0.419294,7
1,161.662,3.08512,0.0400753,6.01519,22.1288,4.58076,37.4256,36.6089,0,7.27683,44.0813,0.419294,7
0,158.74,3.10324,0.0411301,5.62321,22.8928,4.07687,35.9796,35.6772,0,7.13226,43.8008,0.412969,4.9
-1,158.74,3.10324,0.0411301,5.62321,22.8928,4.07687,35.9796,35.6772,0,7.13226,43.8008,0.412969,7
-2,158.01,3.05858,0.0351993,5.48674,21.6106,3.89905,36.7892,35.6637,0,7.08965,43.9637,0.413624,7
1,158.01,3.05858,0.0351993,5.48674,21.6106,3.89905,36.7892,35.6637,0,7.08965,43.9637,0.413624,7
0,154.547,3.01656,0.0358266,5.15155,22.1887,3.45618,35.1474,34.5367,0,6.97016,43.6427,0.40088,4.9
-1,154.547,3.01656,0.0358266,5.15155,22.1887,3.45618,35.1474,34.5367,0,6.97016,43.6427,0.40088,7
-2,153.861,2.9725,0.0306166,5.04295,20.9896,3.2911,35.906,34.4961,0,6.93656,43.7962,0.399791,7
1,153.861,2.9725,0.0306166,5.04295,20.9896,3.2911,35.906,34.4961,0,6.93656,43.7962,0.399791,7
0,149.922,2.9759,0.0307416,4.76485,21.373,2.922,34.0623,33.1404,0,6.8406,43.4327,0.378985,4.9
-1,149.922,2.9759,0.0307416,4.76485,21.373,2.922,34.0623,33.1404,0,6.8406,43.4327,0.378985,7
-2,150.023,3.01225,0.0284952,4.68109,20.9354,2.76933,34.7523,33.0804,0,6.8148,43.5733,0.375414,7
-2,149.431,2.80377,0.028303,4.72139,20.8105,2.84488,34.4048,33.1105,0,6.82722,43.5025,0.377106,7
1,149.431,2.80377,0.028303,4.72139,20.8105,2.84488,34.4048,33.1105,0,6.82722,43.5025,0.377106,7
0,145.045,2.76928,0.0285205,4.50073,21.1178,2.54834,32.3931,31.4884,0,6.75331,43.1031,0.342278,4.9
-1,145.045,2.76928,0.0285205,4.50073,21.1178,2.54834,32.3931,31.4884,0,6.75331,43.1031,0.342278,7
-2,145.78,3.1849,0.0283862,4.4235,20.9055,2.40896,33.0997,31.4169,0,6.72971,43.2468,0.335773,7
-2,145.475,2.98211,0.0284754,4.46029,21.0754,2.47789,32.7436,31.4527,0,6.74095,43.1744,0.338905,7
-2,145.115,2.88504,0.0270568,4.48005,20.9457,2.51292,32.5676,31.4706,0,6.74699,43.1386,0.340561,7
-2,144.942,2.7796,0.0278703,4.49028,20.9413,2.53059,32.4802,31.4795,0,6.75012,43.1208,0.341412,7
1,144.942,2.7796,0.0278703,4.49028,20.9413,2.53059,32.4802,31.4795,0,6.75012,43.1208,0.341412,7
0,140.346,2.80761,0.0279968,4.32377,21.3041,2.30937,30.3352,29.5556,0,6.69583,42.6927,0.293407,4.9
-1,140.346,2.80761,0.0279968,4.32377,21.3041,2.30937,30.3352,29.5556,0,6.69583,42.6927,0.293407,7
-2,140.78,3.182,0.0283953,4.24285,20.7611,2.17412,31.1147,29.4712,0,6.67133,42.8504,0.284089,7
-2,140.9,3.19224,0.0288585,4.28077,21.1807,2.24093,30.721,29.5134,0,6.6828,42.7707,0.288595,7
-2,140.921,3.09544,0.0289613,4.30164,21.4463,2.27495,30.5271,29.5345,0,6.68912,42.7315,0.290963,7
-2,140.441,2.90866,0.0270486,4.31254,21.228,2.29211,30.4309,29.5451,0,6.69243,42.712,0.292175,7
-2,140.275,2.78341,0.0278019,4.32094,21.2403,2.30504,30.3591,29.553,0,6.69497,42.6975,0.293097,7
1,140.275,2.78341,0.0278019,4.32094,21.2403,2.30504,30.3591,29.553,0,6.69497,42.6975,0.293097,7
0,135.383,2.80354,0.0282579,4.20278,21.6494,2.15873,28.1028,27.2981,0,6.65737,42.2451,0.23704,4.9
-1,135.383,2.80354,0.0282579,4.20278,21.6494,2.15873,28.1028,27.2981,0,6.65737,42.2451,0.23704,7
-2,135.158,3.14982,0.0277226,4.11718,20.4083,2.02923,28.9502,27.2029,0,6.63167,42.4154,0.225877,7
1,135.158,3.14982,0.0277226,4.11718,20.4083,2.02923,28.9502,27.2029,0,6.63167,42.4154,0.225877,7
0,129.138,3.11874,0.0278457,4.03691,20.1483,1.96354,26.5275,24.6026,0,6.60668,41.9263,0.179801,4.9
-1,129.138,3.11874,0.0278457,4.03691,20.1483,1.96354,26.5275,24.6026,0,6.60668,41.9263,0.179801,7
-2,128.977,3.35697,0.0264362,3.9991,19.193,1.84581,27.2212,24.503,0,6.59578,42.0674,0.168188,7
1,128.977,3.35697,0.0264362,3.9991,19.193,1.84581,27.2212,24.503,0,6.59578,42.0674,0.168188,7
0,122.083,3.28383,0.0264744,3.95163,18.4723,1.83746,24.687,21.5618,0,6.58125,41.5534,0.127759,4.9
-1,122.083,3.28383,0.0264744,3.95163,18.4723,1.83746,24.687,21.5618,0,6.58125,41.5534,0.127759,7
-2,121.565,3.32377,0.0249617,3.92889,17.5293,1.7269,25.2228,21.451,0,6.57456,41.6642,0.118366,7
1,121.565,3.32377,0.0249617,3.92889,17.5293,1.7269,25.2228,21.451,0,6.57456,41.6642,0.118366,7
0,113.989,3.21853,0.0249697,3.9066,16.4521,1.75393,22.6146,18.2268,0,6.56782,41.1336,0.0897293,4.9
-1,113.989,3.21853,0.0249697,3.9066,16.4521,1.75393,22.6146,18.2268,0,6.56782,41.1336,0.0897293,7
-2,113.877,3.25282,0.0243472,3.88741,16.0656,1.65294,23.0112,18.12,0,6.56182,41.2168,0.084005,7
1,113.877,3.25282,0.0243472,3.88741,16.0656,1.65294,23.0112,18.12,0,6.56182,41.2168,0.084005,7
0,106.168,3.22546,0.0243162,3.88131,14.9172,1.69463,20.3771,14.7383,0,6.55999,40.6804,0.0695248,4.9
-1,106.168,3.22546,0.0243162,3.88131,14.9172,1.69463,20.3771,14.7383,0,6.55999,40.6804,0.0695248,7
-2,105.867,3.20052,0.0236975,3.86183,14.5011,1.59859,20.67,14.6472,0,6.55365,40.7425,0.0674462,7
1,105.867,3.20052,0.0236975,3.86183,14.5011,1.59859,20.67,14.6472,0,6.55365,40.7425,0.0674462,7
0,98.1805,3.24571,0.02391,3.86221,13.1924,1.64089,18.0793,11.3024,0,6.55377,40.2159,0.0638992,4.9
-1,98.1805,3.24571,0.02391,3.86221,13.1924,1.64089,18.0793,11.3024,0,6.55377,40.2159,0.0638992,7
-2,97.867,3.14809,0.0233831,3.83976,12.9137,1.54394,18.2927,11.2324,0,6.54635,40.2614,0.065331,7
1,97.867,3.14809,0.0233831,3.83976,12.9137,1.54394,18.2927,11.2324,0,6.54635,40.2614,0.065331,7
0,90.1742,3.0828,0.0235108,3.83675,11.2977,1.58121,15.8242,8.15518,0,6.54545,39.7621,0.0653241,4.9
-1,90.1742,3.0828,0.0235108,3.83675,11.2977,1.58121,15.8242,8.15518,0,6.54545,39.7621,0.0653241,7
-2,89.9665,3.03392,0.0230374,3.81131,11.1345,1.48753,15.9709,8.10711,0,6.53702,39.7934,0.0678014,7
1,89.9665,3.03392,0.0230374,3.81131,11.1345,1.48753,15.9709,8.10711,0,6.53702,39.7934,0.0678014,7
0,82.9765,2.96143,0.0233767,3.79549,9.52864,1.52094,13.7071,5.50293,0,6.53226,39.3393,0.0650092,4.9
-1,82.9765,2.96143,0.0233767,3.79549,9.52864,1.52094,13.7071,5.50293,0,6.53226,39.3393,0.0650092,7
-2,82.8356,2.94406,0.0228892,3.76706,9.4438,1.42828,13.8067,5.47264,0,6.52287,39.3605,0.0669132,7
1,82.8356,2.94406,0.0228892,3.76706,9.4438,1.42828,13.8067,5.47264,0,6.52287,39.3605,0.0669132,7
0,76.8379,2.86915,0.0236032,3.73015,7.94205,1.46111,11.8164,3.45907,0,6.51163,38.9657,0.0590893,4.9
-1,76.8379,2.86915,0.0236032,3.73015,7.94205,1.46111,11.8164,3.45907,0,6.51163,38.9657,0.0590893,7
-2,76.7417,2.86725,0.023054,3.69944,7.91535,1.36954,11.8844,3.44134,0,6.50154,38.98,0.0598823,7
1,76.7417,2.86725,0.023054,3.69944,7.91535,1.36954,11.8844,3.44134,0,6.50154,38.98,0.0598823,7
0,71.8839,2.79395,0.0243369,3.63492,6.60667,1.40404,10.2147,2.02209,0,6.48163,38.6531,0.048383,4.9
-1,71.8839,2.79395,0.0243369,3.63492,6.60667,1.40404,10.2147,2.02209,0,6.48163,38.6531,0.048383,7
-2,71.8545,2.90415,0.0260865,3.6031,6.54155,1.3155,10.2681,2.01236,0,6.47121,38.6641,0.0483953,7
-2,71.9423,2.95521,0.0267588,3.61884,6.54156,1.35907,10.2405,2.01721,0,6.47637,38.6584,0.0483782,7
-2,71.9697,2.91128,0.0244548,3.62684,6.59557,1.38138,10.2274,2.01965,0,6.47899,38.6557,0.0483778,7
-2,71.9835,2.91353,0.024269,3.63087,6.5972,1.39267,10.221,2.02087,0,6.4803,38.6544,0.0483797,7
-2,71.9539,2.87389,0.0243877,3.6339,6.59933,1.40119,10.2163,2.02179,0,6.4813,38.6535,0.0483821,7
-2,71.9724,2.88968,0.0244172,3.63466,6.60004,1.40333,10.2151,2.02202,0,6.48155,38.6532,0.0483828,7
-2,71.977,2.89364,0.0244246,3.63485,6.60021,1.40386,10.2148,2.02207,0,6.48161,38.6532,0.048383,7
-2,71.8835,2.79362,0.0243363,3.6349,6.60666,1.404,10.2148,2.02209,0,6.48162,38.6531,0.048383,7
1,71.8835,2.79362,0.0243363,3.6349,6.60666,1.404,10.2148,2.02209,0,6.48162,38.6531,0.048383,7
0,68.261,2.73493,0.0266754,3.53872,5.60127,1.44207,8.91827,1.10901,0,6.45147,38.4032,0.0354047,4.9
-1,68.261,2.73493,0.0266754,3.53872,5.60127,1.44207,8.91827,1.10901,0,6.45147,38.4032,0.0354047,7
-2,68.2236,2.92765,0.0289353,3.50417,5.46976,1.35324,8.95078,1.10376,0,6.4402,38.4099,0.0352191,7
-2,68.2529,2.89697,0.0293064,3.52101,5.48215,1.39701,8.93282,1.10638,0,6.4457,38.4062,0.0352993,7
-2,68.3436,2.92017,0.0281396,3.52976,5.52476,1.41938,8.92512,1.10769,0,6.44856,38.4046,0.0353488,7
-2,68.3531,2.85848,0.0264885,3.53421,5.58404,1.43069,8.92159,1.10835,0,6.45001,38.4039,0.035376,7
-2,68.3291,2.81584,0.0266963,3.53759,5.59193,1.43922,8.91908,1.10885,0,6.4511,38.4034,0.0353973,7
-2,68.3491,2.8309,0.0267482,3.53844,5.59412,1.44136,8.91847,1.10897,0,6.45138,38.4033,0.0354028,7
-2,68.3541,2.83467,0.0267612,3.53865,5.59468,1.44189,8.91832,1.109,0,6.45145,38.4032,0.0354042,7
-2,68.2606,2.73462,0.0266743,3.53871,5.60122,1.44203,8.91828,1.10901,0,6.45147,38.4032,0.0354046,7
1,68.2606,2.73462,0.0266743,3.53871,5.60122,1.44203,8.91828,1.10901,0,6.45147,38.4032,0.0354046,7
0,65.8272,2.74382,0.0322067,3.40945,4.96839,1.48075,7.96711,0.569246,0,6.41028,38.2225,0.0234711,4.9
-1,65.8272,2.74382,0.0322067,3.40945,4.96839,1.48075,7.96711,0.569246,0,6.41028,38.2225,0.0234711,7
-2,65.6562,2.95178,0.0326261,3.37254,4.70507,1.39264,7.9868,0.566555,0,6.39828,38.2265,0.0234012,7
1,65.6562,2.95178,0.0326261,3.37254,4.70507,1.39264,7.9868,0.566555,0,6.39828,38.2265,0.0234012,7
0,64.1555,2.941,0.0381315,3.21068,4.48215,1.42948,7.32072,0.27155,0,6.34588,38.1014,0.0144784,4.9
-1,64.1555,2.941,0.0381315,3.21068,4.48215,1.42948,7.32072,0.27155,0,6.34588,38.1014,0.0144784,7
-2,63.6249,2.68065,0.0332626,3.18321,4.26128,1.34004,7.39004,0.270227,0,6.33681,38.1146,0.0147063,7
1,63.6249,2.68065,0.0332626,3.18321,4.26128,1.34004,7.39004,0.270227,0,6.33681,38.1146,0.0147063,7
0,63.0157,2.66104,0.0374229,2.99202,4.53853,1.37464,6.97173,0.120977,0,6.274,38.0369,0.00841643,4.9
-1,63.0157,2.66104,0.0374229,2.99202,4.53853,1.37464,6.97173,0.120977,0,6.274,38.0369,0.00841643,7
-2,62.5427,2.56583,0.0317303,2.97941,4.12717,1.30167,7.08074,0.120432,0,6.26952,38.0574,0.00880954,7
1,62.5427,2.56583,0.0317303,2.97941,4.12717,1.30167,7.08074,0.120432,0,6.26952,38.0574,0.00880954,7
0,62.6182,2.57103,0.0345555,2.76432,4.7859,1.33408,6.85868,0.0503862,0,6.19793,38.0164,0.00492567,4.9
-1,62.6182,2.57103,0.0345555,2.76432,4.7859,1.33408,6.85868,0.0503862,0,6.19793,38.0164,0.00492567,7
-2,62.0183,2.46572,0.0293827,2.77003,4.16283,1.27407,7.01582,0.0501735,0,6.19908,38.0458,0.00543165,7
1,62.0183,2.46572,0.0293827,2.77003,4.16283,1.27407,7.01582,0.0501735,0,6.19908,38.0458,0.00543165,7
0,62.6161,2.5985,0.0310063,2.5382,5.04071,1.30494,6.92889,0.0196172,0,6.12109,38.0298,0.00328292,4.9
-1,62.6161,2.5985,0.0310063,2.5382,5.04071,1.30494,6.92889,0.0196172,0,6.12109,38.0298,0.00328292,7
-2,62.2758,2.77918,0.0260115,2.56363,4.29943,1.25774,7.13074,0.019542,0,6.12832,38.0674,0.00382013,7
1,62.2758,2.77918,0.0260115,2.56363,4.29943,1.25774,7.13074,0.019542,0,6.12832,38.0674,0.00382013,7
0,63.2528,3.13631,0.0266748,2.32317,5.24159,1.28784,7.11582,0.00713967,0,6.04678,38.0647,0.00276132,4.9
-1,63.2528,3.13631,0.0266748,2.32317,5.24159,1.28784,7.11582,0.00713967,0,6.04678,38.0647,0.00276132,7
-2,62.8892,3.29382,0.0218525,2.36659,4.42229,1.25036,7.35512,0.00711378,0,6.05958,38.1091,0.00333186,7
1,62.8892,3.29382,0.0218525,2.36659,4.42229,1.25036,7.35512,0.00711378,0,6.05958,38.1091,0.00333186,7
0,64.1422,3.96803,0.0218323,2.12588,5.30091,1.28053,7.35332,0.00242747,0,5.97755,38.1088,0.00284001,4.9
-1,64.1422,3.96803,0.0218323,2.12588,5.30091,1.28053,7.35332,0.00242747,0,5.97755,38.1088,0.00284001,7
-2,64.0178,4.23991,0.0177704,2.18342,4.55306,1.25647,7.61002,0.00241954,0,5.99479,38.1565,0.00345838,7
1,64.0178,4.23991,0.0177704,2.18342,4.55306,1.25647,7.61002,0.00241954,0,5.99479,38.1565,0.00345838,7
0,65.492,5.31503,0.0173522,1.9503,5.28173,1.28724,7.57167,0.000771144,0,5.91521,38.1494,0.00323026,4.9
-1,65.492,5.31503,0.0173522,1.9503,5.28173,1.28724,7.57167,0.000771144,0,5.91521,38.1494,0.00323026,7
-2,64.9306,5.23332,0.013464,2.01805,4.41552,1.27282,7.83815,0.000768867,0,5.93573,38.1989,0.00395748,7
1,64.9306,5.23332,0.013464,2.01805,4.41552,1.27282,7.83815,0.000768867,0,5.93573,38.1989,0.00395748,7
0,66.6251,6.7903,0.0128905,1.79949,4.94809,1.30445,7.72631,0.000228947,0,5.86121,38.1783,0.00382638,4.9
-1,66.6251,6.7903,0.0128905,1.79949,4.94809,1.30445,7.72631,0.000228947,0,5.86121,38.1783,0.00382638,7
-2,66.3406,6.86367,0.0102821,1.86727,4.21838,1.31592,7.9572,0.00022846,0,5.88192,38.2211,0.00464169,7
1,66.3406,6.86367,0.0102821,1.86727,4.21838,1.31592,7.9572,0.00022846,0,5.88192,38.2211,0.00464169,7
0,68.2829,8.95407,0.00975685,1.6684,4.55084,1.3482,7.74975,6.36971e-05,0,5.8144,38.1829,0.00454631,4.9
-1,68.2829,8.95407,0.00975685,1.6684,4.55084,1.3482,7.74975,6.36971e-05,0,5.8144,38.1829,0.00454631,7
-2,67.8901,8.78709,0.00815336,1.73083,3.98161,1.3837,7.94125,6.36046e-05,0,5.83361,38.2183,0.00550002,7
1,67.8901,8.78709,0.00815336,1.73083,3.98161,1.3837,7.94125,6.36046e-05,0,5.83361,38.2183,0.00550002,7
0,70.1391,11.4528,0.00779953,1.5553,4.13491,1.41641,7.63116,1.66465e-05,0,5.77441,38.1609,0.00538889,4.9
-1,70.1391,11.4528,0.00779953,1.5553,4.13491,1.41641,7.63116,1.66465e-05,0,5.77441,38.1609,0.00538889,7
-2,69.8691,11.2781,0.00694785,1.6087,3.73092,1.47948,7.77937,1.6635e-05,0,5.79093,38.1882,0.00646816,7
1,69.8691,11.2781,0.00694785,1.6087,3.73092,1.47948,7.77937,1.6635e-05,0,5.79093,38.1882,0.00646816,7
0,72.4954,14.5443,0.00682523,1.45863,3.7403,1.51224,7.37319,4.10167e-06,0,5.74076,38.1128,0.00631931,4.9
-1,72.4954,14.5443,0.00682523,1.45863,3.7403,1.51224,7.37319,4.10167e-06,0,5.74076,38.1128,0.00631931,7
-2,71.9479,13.983,0.00647589,1.50111,3.47603,1.60434,7.48245,4.1012e-06,0,5.75396,38.1329,0.00757472,7
1,71.9479,13.983,0.00647589,1.50111,3.47603,1.60434,7.48245,4.1012e-06,0,5.75396,38.1329,0.00757472,7
0,75.7429,18.5584,0.0068862,1.33169,3.69067,1.54439,6.88423,9.56642e-07,0,5.6988,38.0216,0.00614513,7
-1,75.7429,18.5584,0.0068862,1.33169,3.69067,1.54439,6.88423,9.56642e-07,0,5.6988,38.0216,0.00614513,7
-2,74.5177,17.4196,0.00630993,1.38148,3.27227,1.67364,7,9.57262e-07,0,5.71428,38.0428,0.00732213,7
1,74.5177,17.4196,0.00630993,1.38148,3.27227,1.67364,7,9.57262e-07,0,5.71428,38.0428,0.00732213,7
-1,74.5177,17.4196,0.00630993,1.38148,3.27227,1.67364,7,9.57262e-07,0,5.71428,38.0428,0.00732213,4.9
-2,73.2525,16.1622,0.0054437,1.40919,3.00221,1.82661,7.06089,9.57886e-07,0,5.72294,38.0539,0.00911284,4.9
2,73.2525,16.1622,0.0054437,1.40919,3.00221,1.82661,7.06089,9.57886e-07,0,5.72294,38.0539,0.00911284,4.9
0,78.2506,22.0469,0.00661883,1.28142,3.12497,1.70499,6.45586,2.12037e-07,0,5.68153,37.9412,0.00712367,4.9
-1,78.2506,22.0469,0.00661883,1.28142,3.12497,1.70499,6.45586,2.12037e-07,0,5.68153,37.9412,0.00712367,7
-2,76.5594,20.3711,0.00584842,1.31022,2.83205,1.87407,6.51518,2.12335e-07,0,5.69053,37.9519,0.00843776,7
1,76.5594,20.3711,0.00584842,1.31022,2.83205,1.87407,6.51518,2.12335e-07,0,5.69053,37.9519,0.00843776,7
0,82.8137,27.5548,0.00710624,1.20428,2.94283,1.73551,5.87356,4.45822e-08,0,5.65658,37.8322,0.00683525,7
-1,82.8137,27.5548,0.00710624,1.20428,2.94283,1.73551,5.87356,4.45822e-08,0,5.65658,37.8322,0.00683525,7
-2,80.3338,25.0616,0.00591227,1.23099,2.63839,1.95168,5.92992,4.46794e-08,0,5.66492,37.8423,0.00809327,7
1,80.3338,25.0616,0.00591227,1.23099,2.63839,1.95168,5.92992,4.46794e-08,0,5.66492,37.8423,0.00809327,7
0,88.3316,34.0191,0.00777663,1.14873,2.74782,1.76497,5.27731,8.91412e-09,0,5.6388,37.7205,0.00657065,7
-1,88.3316,34.0191,0.00777663,1.14873,2.74782,1.76497,5.27731,8.91412e-09,0,5.6388,37.7205,0.00657065,7
-2,85.0348,30.6457,0.00654988,1.16915,2.46881,2.03305,5.32879,8.9401e-09,0,5.64519,37.7298,0.00780989,7
1,85.0348,30.6457,0.00654988,1.16915,2.46881,2.03305,5.32879,8.9401e-09,0,5.64519,37.7298,0.00780989,7
0,95.036,41.6162,0.00864948,1.1128,2.57161,1.79334,4.6893,1.69645e-09,0,5.62741,37.6104,0.00631794,7
-1,95.036,41.6162,0.00864948,1.1128,2.57161,1.79334,4.6893,1.69645e-09,0,5.62741,37.6104,0.00631794,7
-2,90.5826,37.0264,0.00735378,1.12319,2.31454,2.11816,4.73597,1.70269e-09,0,5.63068,37.6188,0.00754236,7
1,90.5826,37.0264,0.00735378,1.12319,2.31454,2.11816,4.73597,1.70269e-09,0,5.63068,37.6188,0.00754236,7
0,102.96,50.3266,0.00974747,1.09414,2.44727,1.82059,4.1284,3.07556e-10,0,5.62154,37.5055,0.00605532,7
-1,102.96,50.3266,0.00974747,1.09414,2.44727,1.82059,4.1284,3.07556e-10,0,5.62154,37.5055,0.00605532,7
-2,97.11,44.2885,0.00817157,1.09124,2.2018,2.20699,4.17192,3.08926e-10,0,5.62069,37.5134,0.0072846,7
1,97.11,44.2885,0.00817157,1.09124,2.2018,2.20699,4.17192,3.08926e-10,0,5.62069,37.5134,0.0072846,7
0,112.236,60.2256,0.0110999,1.09021,2.41786,1.84662,3.60947,5.31654e-11,0,5.62032,37.4087,0.00579215,7
-1,112.236,60.2256,0.0110999,1.09021,2.41786,1.84662,3.60947,5.31654e-11,0,5.62032,37.4087,0.00579215,7
-2,104.586,52.3802,0.00905942,1.07129,2.13576,2.29944,3.65266,5.34445e-11,0,5.61448,37.4165,0.00704732,7
1,104.586,52.3802,0.00905942,1.07129,2.13576,2.29944,3.65266,5.34445e-11,0,5.61448,37.4165,0.00704732,7
-1,104.586,52.3802,0.00905942,1.07129,2.13576,2.29944,3.65266,5.34445e-11,0,5.61448,37.4165,0.00704732,4.9
-2,97.6916,45.0405,0.00837352,1.07045,2.02233,2.84177,3.6653,5.37424e-11,0,5.61431,37.4186,0.00996402,4.9
2,97.6916,45.0405,0.00837352,1.07045,2.02233,2.84177,3.6653,5.37424e-11,0,5.61431,37.4186,0.00996402,4.9
0,114.227,62.517,0.0103755,1.07705,2.15355,2.31861,3.19611,9.04896e-12,0,5.61627,37.3315,0.00703771,4.9
-1,114.227,62.517,0.0103755,1.07705,2.15355,2.31861,3.19611,9.04896e-12,0,5.61627,37.3315,0.00703771,7
-2,106.634,54.5367,0.00920215,1.05546,2.02735,2.84737,3.20635,9.09948e-12,0,5.60963,37.3332,0.00907114,7
1,106.634,54.5367,0.00920215,1.05546,2.02735,2.84737,3.20635,9.09948e-12,0,5.60963,37.3332,0.00907114,7
-1,106.634,54.5367,0.00920215,1.05546,2.02735,2.84737,3.20635,9.09948e-12,0,5.60963,37.3332,0.00907114,4.9
-2,99.205,46.647,0.00824042,1.05792,1.85977,3.45751,3.21626,9.14967e-12,0,5.61049,37.3349,0.0129821,4.9
2,99.205,46.647,0.00824042,1.05792,1.85977,3.45751,3.21626,9.14967e-12,0,5.61049,37.3349,0.0129821,4.9
0,116.594,64.8698,0.010482,1.06907,2.08216,2.85874,2.81905,1.50971e-12,0,5.61382,37.2613,0.00906831,4.9
-1,116.594,64.8698,0.010482,1.06907,2.08216,2.85874,2.81905,1.50971e-12,0,5.61382,37.2613,0.00906831,7
-2,108.237,56.1594,0.00899707,1.05059,1.85333,3.45286,2.82856,1.51812e-12,0,5.60817,37.263,0.0119064,7
1,108.237,56.1594,0.00899707,1.05059,1.85333,3.45286,2.82856,1.51812e-12,0,5.60817,37.263,0.0119064,7
-1,108.237,56.1594,0.00899707,1.05059,1.85333,3.45286,2.82856,1.51812e-12,0,5.60817,37.263,0.0119064,4.9
-2,100.649,48.0365,0.00754052,1.05231,1.70031,4.14606,2.81922,1.52704e-12,0,5.60881,37.2611,0.0166192,4.9
2,100.649,48.0365,0.00754052,1.05231,1.70031,4.14606,2.81922,1.52704e-12,0,5.60881,37.2611,0.0166192,4.9
0,118.488,66.6744,0.010257,1.07027,1.93941,3.45513,2.50845,2.47283e-13,0,5.6142,37.2037,0.0119054,4.9
-1,118.488,66.6744,0.010257,1.07027,1.93941,3.45513,2.50845,2.47283e-13,0,5.6142,37.2037,0.0119054,7
-2,109.957,57.7272,0.00826675,1.05113,1.71494,4.12752,2.50178,2.48738e-13,0,5.60835,37.2024,0.0153838,7
1,109.957,57.7272,0.00826675,1.05113,1.71494,4.12752,2.50178,2.48738e-13,0,5.60835,37.2024,0.0153838,7
-1,109.957,57.7272,0.00826675,1.05113,1.71494,4.12752,2.50178,2.48738e-13,0,5.60835,37.2024,0.0153838,4.9
-2,102.103,49.139,0.00852707,1.0522,1.68664,4.90701,2.48165,2.50268e-13,0,5.6088,37.1986,0.0208172,4.9
2,102.103,49.139,0.00852707,1.0522,1.68664,4.90701,2.48165,2.50268e-13,0,5.6088,37.1986,0.0208172,4.9
0,120.449,68.389,0.00951022,1.07525,1.82554,4.11867,2.24459,3.99257e-14,0,5.61572,37.1549,0.0153837,4.9
-1,120.449,68.389,0.00951022,1.07525,1.82554,4.11867,2.24459,3.99257e-14,0,5.61572,37.1549,0.0153837,7
-2,111.739,59.0732,0.00922944,1.05565,1.71882,4.87206,2.22928,4.01711e-14,0,5.60973,37.152,0.019432,7
1,111.739,59.0732,0.00922944,1.05565,1.71882,4.87206,2.22928,4.01711e-14,0,5.60973,37.152,0.019432,7
-1,111.739,59.0732,0.00922944,1.05565,1.71882,4.87206,2.22928,4.01711e-14,0,5.60973,37.152,0.019432,4.9
-2,103.703,50.3509,0.00784055,1.06215,1.5606,5.71499,2.21917,4.04175e-14,0,5.61187,37.1501,0.0255463,4.9
2,103.703,50.3509,0.00784055,1.06215,1.5606,5.71499,2.21917,4.04175e-14,0,5.61187,37.1501,0.0255463,4.9
-1,103.703,50.3509,0.00784055,1.06215,1.5606,5.71499,2.21917,4.04175e-14,0,5.61187,37.1501,0.0255463,3.43
-2,96.5943,42.4111,0.00709644,1.07614,1.48099,6.62777,2.19544,4.06516e-14,0,5.61635,37.1457,0.0336357,3.43
3,96.5943,42.4111,0.00709644,1.07614,1.48099,6.62777,2.19544,4.06516e-14,0,5.61635,37.1457,0.0336357,3.43
0,113.165,59.9731,0.00892722,1.09054,1.62365,5.67926,2.02907,6.62035e-15,0,5.62053,37.1151,0.0253295,3.43
-1,113.165,59.9731,0.00892722,1.09054,1.62365,5.67926,2.02907,6.62035e-15,0,5.62053,37.1151,0.0253295,7
-2,106.009,52.1489,0.00806199,1.07996,1.54758,6.45718,2.00827,6.65645e-15,0,5.61734,37.1113,0.030389,7
1,106.009,52.1489,0.00806199,1.07996,1.54758,6.45718,2.00827,6.65645e-15,0,5.61734,37.1113,0.030389,7
-1,106.009,52.1489,0.00806199,1.07996,1.54758,6.45718,2.00827,6.65645e-15,0,5.61734,37.1113,0.030389,4.9
-2,99.5188,44.8822,0.00783404,1.08685,1.45776,7.33061,1.98886,6.69446e-15,0,5.6196,37.1077,0.0373648,4.9
2,99.5188,44.8822,0.00783404,1.08685,1.45776,7.33061,1.98886,6.69446e-15,0,5.6196,37.1077,0.0373648,4.9
0,115.768,61.99,0.00920497,1.11091,1.64392,6.41075,1.86139,1.07109e-15,0,5.62676,37.0843,0.030388,4.9
-1,115.768,61.99,0.00920497,1.11091,1.64392,6.41075,1.86139,1.07109e-15,0,5.62676,37.0843,0.030388,7
-2,108.391,53.9362,0.00851477,1.09804,1.50084,7.26148,1.84625,1.07726e-15,0,5.62287,37.0815,0.0357645,7
1,108.391,53.9362,0.00851477,1.09804,1.50084,7.26148,1.84625,1.07726e-15,0,5.62287,37.0815,0.0357645,7
-1,108.391,53.9362,0.00851477,1.09804,1.50084,7.26148,1.84625,1.07726e-15,0,5.62287,37.0815,0.0357645,4.9
-2,101.679,46.3821,0.00760734,1.10345,1.41291,8.20253,1.82483,1.08352e-15,0,5.62467,37.0775,0.0430178,4.9
2,101.679,46.3821,0.00760734,1.10345,1.41291,8.20253,1.82483,1.08352e-15,0,5.62467,37.0775,0.0430178,4.9
-1,101.679,46.3821,0.00760734,1.10345,1.41291,8.20253,1.82483,1.08352e-15,0,5.62467,37.0775,0.0430178,3.43
-2,95.8065,39.557,0.00749094,1.11653,1.37305,9.19823,1.80018,1.08922e-15,0,5.62888,37.073,0.0521459,3.43
3,95.8065,39.557,0.00749094,1.11653,1.37305,9.19823,1.80018,1.08922e-15,0,5.62888,37.073,0.0521459,3.43
0,110.692,55.4822,0.00867437,1.1373,1.4819,8.12457,1.72077,1.7789e-16,0,5.63498,37.0584,0.0427816,3.43
-1,110.692,55.4822,0.00867437,1.1373,1.4819,8.12457,1.72077,1.7789e-16,0,5.63498,37.0584,0.0427816,7
-2,104.718,48.7388,0.00851634,1.12674,1.42931,8.98106,1.69865,1.78795e-16,0,5.6318,37.0543,0.048654,7
1,104.718,48.7388,0.00851634,1.12674,1.42931,8.98106,1.69865,1.78795e-16,0,5.6318,37.0543,0.048654,7
-1,104.718,48.7388,0.00851634,1.12674,1.42931,8.98106,1.69865,1.78795e-16,0,5.6318,37.0543,0.048654,4.9
-2,98.8282,42.0504,0.00748025,1.13321,1.30271,9.9128,1.68049,1.79689e-16,0,5.63393,37.051,0.0562102,4.9
2,98.8282,42.0504,0.00748025,1.13321,1.30271,9.9128,1.68049,1.79689e-16,0,5.63393,37.051,0.0562102,4.9
-1,98.8282,42.0504,0.00748025,1.13321,1.30271,9.9128,1.68049,1.79689e-16,0,5.63393,37.051,0.0562102,3.43
-2,93.956,36.2232,0.0070869,1.14244,1.27852,10.9057,1.6512,1.80571e-16,0,5.63695,37.0456,0.0653249,3.43
3,93.956,36.2232,0.0070869,1.14244,1.27852,10.9057,1.6512,1.80571e-16,0,5.63695,37.0456,0.0653249,3.43
0,107.235,50.5397,0.00852273,1.16975,1.36171,9.8085,1.60806,2.97628e-17,0,5.64506,37.0377,0.0560622,3.43
-1,107.235,50.5397,0.00852273,1.16975,1.36171,9.8085,1.60806,2.97628e-17,0,5.64506,37.0377,0.0560622,7
-2,102.291,44.7818,0.00815371,1.15692,1.35635,10.6711,1.5809,2.99071e-17,0,5.64117,37.0327,0.0619879,7
1,102.291,44.7818,0.00815371,1.15692,1.35635,10.6711,1.5809,2.99071e-17,0,5.64117,37.0327,0.0619879,7
-1,102.291,44.7818,0.00815371,1.15692,1.35635,10.6711,1.5809,2.99071e-17,0,5.64117,37.0327,0.0619879,4.9
-2,97.5633,39.2212,0.00748258,1.16158,1.26077,11.6045,1.5655,3.00467e-17,0,5.64274,37.0299,0.0696017,4.9
2,97.5633,39.2212,0.00748258,1.16158,1.26077,11.6045,1.5655,3.00467e-17,0,5.64274,37.0299,0.0696017,4.9
-1,97.5633,39.2212,0.00748258,1.16158,1.26077,11.6045,1.5655,3.00467e-17,0,5.64274,37.0299,0.0696017,3.43
-2,93.1785,33.9123,0.00708596,1.16991,1.22321,12.5728,1.54324,3.01695e-17,0,5.64548,37.0258,0.0787053,3.43
3,93.1785,33.9123,0.00708596,1.16991,1.22321,12.5728,1.54324,3.01695e-17,0,5.64548,37.0258,0.0787053,3.43
0,105.493,47.2351,0.0085141,1.20023,1.31462,11.4731,1.51612,5.01873e-18,0,5.65452,37.0208,0.069522,3.43
-1,105.493,47.2351,0.0085141,1.20023,1.31462,11.4731,1.51612,5.01873e-18,0,5.65452,37.0208,0.069522,7
-2,100.825,41.8063,0.00773979,1.18717,1.26253,12.3243,1.49434,5.04033e-18,0,5.65055,37.0168,0.0755185,7
1,100.825,41.8063,0.00773979,1.18717,1.26253,12.3243,1.49434,5.04033e-18,0,5.65055,37.0168,0.0755185,7
-1,100.825,41.8063,0.00773979,1.18717,1.26253,12.3243,1.49434,5.04033e-18,0,5.65055,37.0168,0.0755185,4.9
-2,96.9191,36.9904,0.00777564,1.18744,1.24812,13.2643,1.47423,5.06307e-18,0,5.65076,37.0131,0.0829417,4.9
2,96.9191,36.9904,0.00777564,1.18744,1.24812,13.2643,1.47423,5.06307e-18,0,5.65076,37.0131,0.0829417,4.9
0,109.158,50.1872,0.00886277,1.22602,1.34701,12.181,1.45965,8.29108e-19,0,5.66239,37.0105,0.0755181,4.9
-1,109.158,50.1872,0.00886277,1.22602,1.34701,12.181,1.45965,8.29108e-19,0,5.66239,37.0105,0.0755181,7
-2,104.394,44.5729,0.00855714,1.20771,1.30144,13.1181,1.44044,8.33142e-19,0,5.65679,37.0069,0.0813096,7
1,104.394,44.5729,0.00855714,1.20771,1.30144,13.1181,1.44044,8.33142e-19,0,5.65679,37.0069,0.0813096,7
-1,104.394,44.5729,0.00855714,1.20771,1.30144,13.1181,1.44044,8.33142e-19,0,5.65679,37.0069,0.0813096,4.9
-2,99.6286,38.8989,0.00773169,1.20842,1.21738,14.1196,1.42656,8.36987e-19,0,5.65714,37.0044,0.0885662,4.9
2,99.6286,38.8989,0.00773169,1.20842,1.21738,14.1196,1.42656,8.36987e-19,0,5.65714,37.0044,0.0885662,4.9
-1,99.6286,38.8989,0.00773169,1.20842,1.21738,14.1196,1.42656,8.36987e-19,0,5.65714,37.0044,0.0885662,3.43
-2,95.45,33.7395,0.00724984,1.21511,1.15669,15.1657,1.40827,8.40623e-19,0,5.65936,37.001,0.0971453,3.43
3,95.45,33.7395,0.00724984,1.21511,1.15669,15.1657,1.40827,8.40623e-19,0,5.65936,37.001,0.0971453,3.43
0,107.57,46.9223,0.00880632,1.24804,1.28532,13.9428,1.40475,1.39842e-19,0,5.66921,37.0004,0.0885097,3.43
-1,107.57,46.9223,0.00880632,1.24804,1.28532,13.9428,1.40475,1.39842e-19,0,5.66921,37.0004,0.0885097,7
-2,103.357,41.8294,0.00852588,1.2325,1.2799,14.8657,1.38592,1.40475e-19,0,5.66447,36.9969,0.094112,7
1,103.357,41.8294,0.00852588,1.2325,1.2799,14.8657,1.38592,1.40475e-19,0,5.66447,36.9969,0.094112,7
-1,103.357,41.8294,0.00852588,1.2325,1.2799,14.8657,1.38592,1.40475e-19,0,5.66447,36.9969,0.094112,4.9
-2,99.3639,36.9279,0.00780286,1.23536,1.20499,15.8482,1.37773,1.41092e-19,0,5.66549,36.9954,0.101068,4.9
2,99.3639,36.9279,0.00780286,1.23536,1.20499,15.8482,1.37773,1.41092e-19,0,5.66549,36.9954,0.101068,4.9
-1,99.3639,36.9279,0.00780286,1.23536,1.20499,15.8482,1.37773,1.41092e-19,0,5.66549,36.9954,0.101068,3.43
-2,95.75,32.3483,0.00746272,1.24259,1.15647,16.862,1.36325,1.41636e-19,0,5.66788,36.9927,0.10926,3.43
3,95.75,32.3483,0.00746272,1.24259,1.15647,16.862,1.36325,1.41636e-19,0,5.66788,36.9927,0.10926,3.43
0,106.945,44.6159,0.00886421,1.27597,1.26644,15.6413,1.36469,2.38294e-20,0,5.67786,36.993,0.101056,3.43
-1,106.945,44.6159,0.00886421,1.27597,1.26644,15.6413,1.36469,2.38294e-20,0,5.67786,36.993,0.101056,7
-2,103.022,39.8809,0.0081595,1.26124,1.20726,16.546,1.34892,2.39298e-20,0,5.67337,36.9901,0.10643,7
1,103.022,39.8809,0.0081595,1.26124,1.20726,16.546,1.34892,2.39298e-20,0,5.67337,36.9901,0.10643,7
-1,103.022,39.8809,0.0081595,1.26124,1.20726,16.546,1.34892,2.39298e-20,0,5.67337,36.9901,0.10643,4.9
-2,99.538,35.4671,0.00782923,1.26023,1.16371,17.5318,1.3338,2.40319e-20,0,5.67318,36.9873,0.113038,4.9
2,99.538,35.4671,0.00782923,1.26023,1.16371,17.5318,1.3338,2.40319e-20,0,5.67318,36.9873,0.113038,4.9
-1,99.538,35.4671,0.00782923,1.26023,1.16371,17.5318,1.3338,2.40319e-20,0,5.67318,36.9873,0.113038,3.43
-2,96.2334,31.2063,0.00745589,1.26593,1.12388,18.5307,1.31871,2.41162e-20,0,5.67509,36.9845,0.120808,3.43
3,96.2334,31.2063,0.00745589,1.26593,1.12388,18.5307,1.31871,2.41162e-20,0,5.67509,36.9845,0.120808,3.43
0,105.545,42.8849,0.00888457,1.30166,1.2216,16.0166,1.32681,4.1045e-21,0,5.68582,36.986,0.113035,3.43
-1,105.545,42.8849,0.00888457,1.30166,1.2216,16.0166,1.32681,4.1045e-21,0,5.68582,36.986,0.113035,7
-2,101.86,38.4088,0.00816894,1.28591,1.17417,16.891,1.31033,4.12098e-21,0,5.681,36.983,0.118085,7
1,101.86,38.4088,0.00816894,1.28591,1.17417,16.891,1.31033,4.12098e-21,0,5.681,36.983,0.118085,7
-1,101.86,38.4088,0.00816894,1.28591,1.17417,16.891,1.31033,4.12098e-21,0,5.681,36.983,0.118085,4.9
-2,98.5035,34.1644,0.00785651,1.28418,1.12372,17.8415,1.29656,4.13777e-21,0,5.68058,36.9805,0.124218,4.9
2,98.5035,34.1644,0.00785651,1.28418,1.12372,17.8415,1.29656,4.13777e-21,0,5.68058,36.9805,0.124218,4.9
-1,98.5035,34.1644,0.00785651,1.28418,1.12372,17.8415,1.29656,4.13777e-21,0,5.68058,36.9805,0.124218,3.43
-2,95.4686,30.1992,0.00744613,1.28822,1.09164,18.8103,1.28094,4.15205e-21,0,5.68198,36.9776,0.131306,3.43
3,95.4686,30.1992,0.00744613,1.28822,1.09164,18.8103,1.28094,4.15205e-21,0,5.68198,36.9776,0.131306,3.43
0,101.784,41.4526,0.0089103,1.32632,1.17967,13.7252,1.29337,7.14412e-22,0,5.69344,36.9799,0.124215,3.43
-1,101.784,41.4526,0.0089103,1.32632,1.17967,13.7252,1.29337,7.14412e-22,0,5.69344,36.9799,0.124215,7
-2,98.231,37.1785,0.00817675,1.30934,1.14204,14.5232,1.27612,7.17395e-22,0,5.68825,36.9767,0.128742,7
1,98.231,37.1785,0.00817675,1.30934,1.14204,14.5232,1.27612,7.17395e-22,0,5.68825,36.9767,0.128742,7
-1,98.231,37.1785,0.00817675,1.30934,1.14204,14.5232,1.27612,7.17395e-22,0,5.68825,36.9767,0.128742,4.9
-2,94.8564,32.9796,0.00788026,1.30706,1.11437,15.3876,1.26355,7.20363e-22,0,5.68766,36.9744,0.134229,4.9
2,94.8564,32.9796,0.00788026,1.30706,1.11437,15.3876,1.26355,7.20363e-22,0,5.68766,36.9744,0.134229,4.9
-1,94.8564,32.9796,0.00788026,1.30706,1.11437,15.3876,1.26355,7.20363e-22,0,5.68766,36.9744,0.134229,3.43
-2,91.8818,29.1598,0.00756361,1.31198,1.07587,16.2716,1.25278,7.22967e-22,0,5.68933,36.9724,0.140517,3.43
3,91.8818,29.1598,0.00756361,1.31198,1.07587,16.2716,1.25278,7.22967e-22,0,5.68933,36.9724,0.140517,3.43
0,96.4549,40.052,0.00892858,1.34989,1.16743,9.80499,1.2625,1.26167e-22,0,5.70073,36.9742,0.134203,3.43
-1,96.4549,40.052,0.00892858,1.34989,1.16743,9.80499,1.2625,1.26167e-22,0,5.70073,36.9742,0.134203,7
-2,92.759,35.7896,0.00823946,1.3338,1.10069,10.4718,1.24909,1.26729e-22,0,5.69582,36.9717,0.138192,7
1,92.759,35.7896,0.00823946,1.3338,1.10069,10.4718,1.24909,1.26729e-22,0,5.69582,36.9717,0.138192,7
-1,92.759,35.7896,0.00823946,1.3338,1.10069,10.4718,1.24909,1.26729e-22,0,5.69582,36.9717,0.138192,4.9
-2,89.4834,31.8204,0.00788259,1.32986,1.08689,11.1973,1.23448,1.27295e-22,0,5.69472,36.969,0.142854,4.9
2,89.4834,31.8204,0.00788259,1.32986,1.08689,11.1973,1.23448,1.27295e-22,0,5.69472,36.969,0.142854,4.9
-1,89.4834,31.8204,0.00788259,1.32986,1.08689,11.1973,1.23448,1.27295e-22,0,5.69472,36.969,0.142854,3.43
-2,86.1613,27.8045,0.00769088,1.33482,1.04303,11.9335,1.22571,1.27759e-22,0,5.69641,36.9674,0.148212,3.43
3,86.1613,27.8045,0.00769088,1.33482,1.04303,11.9335,1.22571,1.27759e-22,0,5.69641,36.9674,0.148212,3.43
-1,86.1613,27.8045,0.00769088,1.33482,1.04303,11.9335,1.22571,1.27759e-22,0,5.69641,36.9674,0.148212,2.401
-2,83.5978,24.5541,0.00735579,1.33893,1.0007,12.6681,1.21233,1.28151e-22,0,5.69786,36.965,0.153575,2.401
4,83.5978,24.5541,0.00735579,1.33893,1.0007,12.6681,1.21233,1.28151e-22,0,5.69786,36.965,0.153575,2.401
0,86.7615,34.0138,0.00865595,1.38023,1.07297,6.23428,1.22565,2.31892e-23,0,5.7103,36.9674,0.14821,2.401
-1,86.7615,34.0138,0.00865595,1.38023,1.07297,6.23428,1.22565,2.31892e-23,0,5.7103,36.9674,0.14821,7
-2,83.7725,30.6484,0.00805547,1.36274,1.03965,6.68518,1.2081,2.32861e-23,0,5.70494,36.9642,0.151218,7
1,83.7725,30.6484,0.00805547,1.36274,1.03965,6.68518,1.2081,2.32861e-23,0,5.70494,36.9642,0.151218,7
-1,83.7725,30.6484,0.00805547,1.36274,1.03965,6.68518,1.2081,2.32861e-23,0,5.70494,36.9642,0.151218,4.9
-2,81.1087,27.5139,0.00762068,1.35708,1.04018,7.17537,1.19479,2.33781e-23,0,5.70331,36.9617,0.154764,4.9
2,81.1087,27.5139,0.00762068,1.35708,1.04018,7.17537,1.19479,2.33781e-23,0,5.70331,36.9617,0.154764,4.9
-1,81.1087,27.5139,0.00762068,1.35708,1.04018,7.17537,1.19479,2.33781e-23,0,5.70331,36.9617,0.154764,3.43
-2,78.1883,24.1765,0.00732234,1.35949,0.964658,7.66903,1.18786,2.34459e-23,0,5.7042,36.9605,0.158781,3.43
3,78.1883,24.1765,0.00732234,1.35949,0.964658,7.66903,1.18786,2.34459e-23,0,5.7042,36.9605,0.158781,3.43
-1,78.1883,24.1765,0.00732234,1.35949,0.964658,7.66903,1.18786,2.34459e-23,0,5.7042,36.9605,0.158781,2.401
-2,75.9611,21.4631,0.00698327,1.35889,0.960502,8.17401,1.17298,2.35027e-23,0,5.70416,36.9577,0.162766,2.401
4,75.9611,21.4631,0.00698327,1.35889,0.960502,8.17401,1.17298,2.35027e-23,0,5.70416,36.9577,0.162766,2.401
0,79.521,29.7941,0.00822076,1.40744,0.980456,3.30464,1.18794,4.36782e-24,0,5.71887,36.9605,0.158761,2.401
-1,79.521,29.7941,0.00822076,1.40744,0.980456,3.30464,1.18794,4.36782e-24,0,5.71887,36.9605,0.158761,7
-2,76.7713,26.8398,0.00769428,1.38775,0.989755,3.54637,1.16904,4.38478e-24,0,5.71282,36.957,0.161011,7
1,76.7713,26.8398,0.00769428,1.38775,0.989755,3.54637,1.16904,4.38478e-24,0,5.71282,36.957,0.161011,7
-1,76.7713,26.8398,0.00769428,1.38775,0.989755,3.54637,1.16904,4.38478e-24,0,5.71282,36.957,0.161011,4.9
-2,74.1051,23.9432,0.00709472,1.38008,0.97873,3.80936,1.15779,4.40081e-24,0,5.71055,36.9549,0.163413,4.9
2,74.1051,23.9432,0.00709472,1.38008,0.97873,3.80936,1.15779,4.40081e-24,0,5.71055,36.9549,0.163413,4.9
0,81.253,32.828,0.00869789,1.43549,1.02466,1.94236,1.16872,8.14984e-25,0,5.72743,36.9569,0.160747,4.9
-1,81.253,32.828,0.00869789,1.43549,1.02466,1.94236,1.16872,8.14984e-25,0,5.72743,36.9569,0.160747,7
-2,77.3703,29.0338,0.00769292,1.4121,0.968112,1.95736,1.15442,8.19021e-25,0,5.72023,36.9543,0.162249,7
1,77.3703,29.0338,0.00769292,1.4121,0.968112,1.95736,1.15442,8.19021e-25,0,5.72023,36.9543,0.162249,7
-1,77.3703,29.0338,0.00769292,1.4121,0.968112,1.95736,1.15442,8.19021e-25,0,5.72023,36.9543,0.162249,4.9
-2,73.3423,25.0167,0.00725572,1.40089,0.953971,1.98921,1.14161,8.23132e-25,0,5.71688,36.952,0.16384,4.9
2,73.3423,25.0167,0.00725572,1.40089,0.953971,1.98921,1.14161,8.23132e-25,0,5.71688,36.952,0.16384,4.9
-1,73.3423,25.0167,0.00725572,1.40089,0.953971,1.98921,1.14161,8.23132e-25,0,5.71688,36.952,0.16384,3.43
-2,70.0106,21.7014,0.0067127,1.39669,0.910433,2.0318,1.13255,8.27179e-25,0,5.71574,36.9503,0.164961,3.43
3,70.0106,21.7014,0.0067127,1.39669,0.910433,2.0318,1.13255,8.27179e-25,0,5.71574,36.9503,0.164961,3.43
-1,70.0106,21.7014,0.0067127,1.39669,0.910433,2.0318,1.13255,8.27179e-25,0,5.71574,36.9503,0.164961,2.401
-2,67.182,18.8409,0.00671765,1.39285,0.909324,2.08181,1.12164,8.30241e-25,0,5.71471,36.9483,0.165726,2.401
4,67.182,18.8409,0.00671765,1.39285,0.909324,2.08181,1.12164,8.30241e-25,0,5.71471,36.9483,0.165726,2.401
-1,67.182,18.8409,0.00671765,1.39285,0.909324,2.08181,1.12164,8.30241e-25,0,5.71471,36.9483,0.165726,1.6807
-2,64.6586,16.3277,0.00615029,1.39027,0.862895,2.13227,1.11265,8.31912e-25,0,5.71407,36.9466,0.166014,1.6807
5,64.6586,16.3277,0.00615029,1.39027,0.862895,2.13227,1.11265,8.31912e-25,0,5.71407,36.9466,0.166014,1.6807
-1,64.6586,16.3277,0.00615029,1.39027,0.862895,2.13227,1.11265,8.31912e-25,0,5.71407,36.9466,0.166014,1.17649
-2,62.5838,14.2204,0.00610741,1.38281,0.866224,2.18859,1.09799,8.32611e-25,0,5.71185,36.944,0.165847,1.17649
6,62.5838,14.2204,0.00610741,1.38281,0.866224,2.18859,1.09799,8.32611e-25,0,5.71185,36.944,0.165847,1.17649
0,68.9458,20.4562,0.00681363,1.44347,0.853753,2.23095,1.11172,1.66391e-25,0,5.73039,36.9465,0.166014,1.17649
-1,68.9458,20.4562,0.00681363,1.44347,0.853753,2.23095,1.11172,1.66391e-25,0,5.73039,36.9465,0.166014,7
-2,66.8158,18.4792,0.00663833,1.42067,0.875707,2.10846,1.09269,1.6695e-25,0,5.72333,36.943,0.166147,7
1,66.8158,18.4792,0.00663833,1.42067,0.875707,2.10846,1.09269,1.6695e-25,0,5.72333,36.943,0.166147,7
0,76.6884,25.2751,0.00768747,1.4965,0.863894,5.0769,1.11003,3.26914e-26,0,5.74666,36.9462,0.165527,7
-1,76.6884,25.2751,0.00768747,1.4965,0.863894,5.0769,1.11003,3.26914e-26,0,5.74666,36.9462,0.165527,7
-2,73.3155,22.3523,0.00701155,1.4632,0.878315,4.68098,1.08983,3.28587e-26,0,5.73633,36.9425,0.165026,7
1,73.3155,22.3523,0.00701155,1.4632,0.878315,4.68098,1.08983,3.28587e-26,0,5.73633,36.9425,0.165026,7
-1,73.3155,22.3523,0.00701155,1.4632,0.878315,4.68098,1.08983,3.28587e-26,0,5.73633,36.9425,0.165026,4.9
-2,69.7389,19.2758,0.00633631,1.44478,0.834022,4.26412,1.07858,3.30212e-26,0,5.73071,36.9404,0.164244,4.9
2,69.7389,19.2758,0.00633631,1.44478,0.834022,4.26412,1.07858,3.30212e-26,0,5.73071,36.9404,0.164244,4.9
-1,69.7389,19.2758,0.00633631,1.44478,0.834022,4.26412,1.07858,3.30212e-26,0,5.73071,36.9404,0.164244,3.43
-2,66.7751,16.7367,0.00645705,1.4283,0.871519,3.84124,1.06445,3.31759e-26,0,5.72571,36.9378,0.162952,3.43
3,66.7751,16.7367,0.00645705,1.4283,0.871519,3.84124,1.06445,3.31759e-26,0,5.72571,36.9378,0.162952,3.43
-1,66.7751,16.7367,0.00645705,1.4283,0.871519,3.84124,1.06445,3.31759e-26,0,5.72571,36.9378,0.162952,2.401
-2,63.7266,14.1747,0.00588274,1.41776,0.819016,3.43325,1.05615,3.32754e-26,0,5.72257,36.9363,0.160939,2.401
4,63.7266,14.1747,0.00588274,1.41776,0.819016,3.43325,1.05615,3.32754e-26,0,5.72257,36.9363,0.160939,2.401
-1,63.7266,14.1747,0.00588274,1.41776,0.819016,3.43325,1.05615,3.32754e-26,0,5.72257,36.9363,0.160939,1.6807
-2,61.5758,12.4037,0.00603834,1.40079,0.870829,3.04576,1.0397,3.33528e-26,0,5.7174,36.9333,0.158274,1.6807
5,61.5758,12.4037,0.00603834,1.40079,0.870829,3.04576,1.0397,3.33528e-26,0,5.7174,36.9333,0.158274,1.6807
0,71.1823,17.8084,0.0064472,1.4725,0.807225,7.19774,1.05385,6.95799e-27,0,5.73938,36.9359,0.16091,1.6807
-1,71.1823,17.8084,0.0064472,1.4725,0.807225,7.19774,1.05385,6.95799e-27,0,5.73938,36.9359,0.16091,7
-2,68.9738,16.0554,0.00642594,1.44685,0.85492,6.75135,1.0355,6.98641e-27,0,5.73144,36.9325,0.159523,7
1,68.9738,16.0554,0.00642594,1.44685,0.85492,6.75135,1.0355,6.98641e-27,0,5.73144,36.9325,0.159523,7
0,80.2961,22.0501,0.007199,1.52706,0.805564,12.0041,1.05061,1.43639e-27,0,5.75613,36.9353,0.160118,7
-1,80.2961,22.0501,0.007199,1.52706,0.805564,12.0041,1.05061,1.43639e-27,0,5.75613,36.9353,0.160118,7
-2,77.0289,19.5256,0.00710347,1.4937,0.861634,11.2729,1.03219,1.4447e-27,0,5.7458,36.9319,0.158191,7
1,77.0289,19.5256,0.00710347,1.4937,0.861634,11.2729,1.03219,1.4447e-27,0,5.7458,36.9319,0.158191,7
-1,77.0289,19.5256,0.00710347,1.4937,0.861634,11.2729,1.03219,1.4447e-27,0,5.7458,36.9319,0.158191,4.9
-2,73.3812,16.7376,0.00607112,1.47533,0.806417,10.5045,1.02495,1.45216e-27,0,5.7402,36.9306,0.155557,4.9
2,73.3812,16.7376,0.00607112,1.47533,0.806417,10.5045,1.02495,1.45216e-27,0,5.7402,36.9306,0.155557,4.9
-1,73.3812,16.7376,0.00607112,1.47533,0.806417,10.5045,1.02495,1.45216e-27,0,5.7402,36.9306,0.155557,3.43
-2,69.9513,14.1722,0.00562193,1.45517,0.783542,9.70825,1.01191,1.45921e-27,0,5.73405,36.9282,0.152458,3.43
3,69.9513,14.1722,0.00562193,1.45517,0.783542,9.70825,1.01191,1.45921e-27,0,5.73405,36.9282,0.152458,3.43
-1,69.9513,14.1722,0.00562193,1.45517,0.783542,9.70825,1.01191,1.45921e-27,0,5.73405,36.9282,0.152458,2.401
-2,67.1111,12.1288,0.0057726,1.43283,0.825474,8.92165,0.995439,1.46484e-27,0,5.72721,36.9251,0.148724,2.401
4,67.1111,12.1288,0.0057726,1.43283,0.825474,8.92165,0.995439,1.46484e-27,0,5.72721,36.9251,0.148724,2.401
-1,67.1111,12.1288,0.0057726,1.43283,0.825474,8.92165,0.995439,1.46484e-27,0,5.72721,36.9251,0.148724,1.6807
-2,64.3195,10.1436,0.0054116,1.41425,0.800896,8.18444,0.982408,1.4675e-27,0,5.72152,36.9227,0.14418,1.6807
5,64.3195,10.1436,0.0054116,1.41425,0.800896,8.18444,0.982408,1.4675e-27,0,5.72152,36.9227,0.14418,1.6807
-1,64.3195,10.1436,0.0054116,1.41425,0.800896,8.18444,0.982408,1.4675e-27,0,5.72152,36.9227,0.14418,1.17649
-2,62.0191,8.58117,0.0056105,1.38816,0.822541,7.48927,0.960933,1.46906e-27,0,5.71344,36.9188,0.139204,1.17649
6,62.0191,8.58117,0.0056105,1.38816,0.822541,7.48927,0.960933,1.46906e-27,0,5.71344,36.9188,0.139204,1.17649
-1,62.0191,8.58117,0.0056105,1.38816,0.822541,7.48927,0.960933,1.46906e-27,0,5.71344,36.9188,0.139204,0.823543
-2,60.145,7.39384,0.00547644,1.3598,0.839141,6.85769,0.936398,1.46882e-27,0,5.70462,36.9143,0.133723,0.823543
7,60.145,7.39384,0.00547644,1.3598,0.839141,6.85769,0.936398,1.46882e-27,0,5.70462,36.9143,0.133723,0.823543
-1,60.145,7.39384,0.00547644,1.3598,0.839141,6.85769,0.936398,1.46882e-27,0,5.70462,36.9143,0.133723,0.57648
-2,58.5501,6.42228,0.00558851,1.33056,0.858879,6.28946,0.910053,1.46703e-27,0,5.69549,36.9095,0.128346,0.57648
8,58.5501,6.42228,0.00558851,1.33056,0.858879,6.28946,0.910053,1.46703e-27,0,5.69549,36.9095,0.128346,0.57648
0,62.5689,9.37506,0.00563764,1.4165,0.853147,7.21734,0.932146,3.28316e-28,0,5.72205,36.9135,0.133498,0.57648
-1,62.5689,9.37506,0.00563764,1.4165,0.853147,7.21734,0.932146,3.28316e-28,0,5.72205,36.9135,0.133498,7
-2,61.4901,8.65466,0.00544503,1.3976,0.858405,6.89871,0.917561,3.28919e-28,0,5.71616,36.9109,0.130673,7
1,61.4901,8.65466,0.00544503,1.3976,0.858405,6.89871,0.917561,3.28919e-28,0,5.71616,36.9109,0.130673,7
0,65.3228,11.7242,0.00589083,1.473,0.857762,7.54996,0.927177,7.29514e-29,0,5.73941,36.9126,0.132707,7
-1,65.3228,11.7242,0.00589083,1.473,0.857762,7.54996,0.927177,7.29514e-29,0,5.73941,36.9126,0.132707,7
-2,63.8863,10.7045,0.00565912,1.46006,0.850675,7.1689,0.920234,7.31656e-29,0,5.73542,36.9114,0.129472,7
1,63.8863,10.7045,0.00565912,1.46006,0.850675,7.1689,0.920234,7.31656e-29,0,5.73542,36.9114,0.129472,7
0,68.5789,14.5791,0.00625542,1.5293,0.853561,7.88995,0.92135,1.62301e-29,0,5.7567,36.9116,0.131132,7
-1,68.5789,14.5791,0.00625542,1.5293,0.853561,7.88995,0.92135,1.62301e-29,0,5.7567,36.9116,0.131132,7
-2,66.6794,13.1602,0.00600082,1.51763,0.843479,7.44148,0.918742,1.62974e-29,0,5.75314,36.9111,0.127582,7
1,66.6794,13.1602,0.00600082,1.51763,0.843479,7.44148,0.918742,1.62974e-29,0,5.75314,36.9111,0.127582,7
0,72.2789,17.8735,0.00675279,1.58537,0.845124,8.24,0.91453,3.63657e-30,0,5.77393,36.9103,0.12938,7
-1,72.2789,17.8735,0.00675279,1.58537,0.845124,8.24,0.91453,3.63657e-30,0,5.77393,36.9103,0.12938,7
-2,69.7957,15.9402,0.00646131,1.57067,0.840405,7.71912,0.91363,3.65635e-30,0,5.76942,36.9102,0.1256,7
1,69.7957,15.9402,0.00646131,1.57067,0.840405,7.71912,0.91363,3.65635e-30,0,5.76942,36.9102,0.1256,7
0,76.5793,21.7583,0.00740137,1.6412,0.837943,8.60024,0.906582,8.21999e-31,0,5.79108,36.9089,0.127649,7
-1,76.5793,21.7583,0.00740137,1.6412,0.837943,8.60024,0.906582,8.21999e-31,0,5.79108,36.9089,0.127649,7
-2,73.2806,19.1001,0.00701498,1.61956,0.830065,8.0018,0.905413,8.27651e-31,0,5.7844,36.9087,0.123624,7
1,73.2806,19.1001,0.00701498,1.61956,0.830065,8.0018,0.905413,8.27651e-31,0,5.7844,36.9087,0.123624,7
0,81.511,26.2553,0.00822037,1.69675,0.842123,8.97018,0.89737,1.87584e-31,0,5.80814,36.9072,0.12575,7
-1,81.511,26.2553,0.00822037,1.69675,0.842123,8.97018,0.89737,1.87584e-31,0,5.80814,36.9072,0.12575,7
-2,77.0934,22.5964,0.00761391,1.66471,0.814857,8.28886,0.894553,1.89187e-31,0,5.7982,36.9067,0.121528,7
1,77.0934,22.5964,0.00761391,1.66471,0.814857,8.28886,0.894553,1.89187e-31,0,5.7982,36.9067,0.121528,7
