Iteration,Total_Cost,Position_Cost,Heading_Cost,Gamma_State_Cost,Lateral_Ref_Cost,Velocity_Cost,Gamma_Ctrl_Cost,Obstacle_Cost,Lane_Cost,Gamma_Barrier_Cost,Gamma_Dot_Barrier_Cost,Speed_Rate_Cost,Lambda_Value
0,19935.8,485.269,0.897185,5.7521,19124.5,0,23.2902,235.714,0,12.3234,48.0266,0,7
-1,19935.8,485.269,0.897185,5.7521,19124.5,0,23.2902,235.714,0,12.3234,48.0266,0,7
-2,6644.15,157.498,0.32101,6.56119,6059.62,5.67992,48.734,301.357,0,12.6347,51.3987,0.351034,7
1,6644.15,157.498,0.32101,6.56119,6059.62,5.67992,48.734,301.357,0,12.6347,51.3987,0.351034,7
-1,6644.15,157.498,0.32101,6.56119,6059.62,5.67992,48.734,301.357,0,12.6347,51.3987,0.351034,4.9
-2,2623.41,56.9432,0.126231,7.84143,2035.66,11.9207,98.5492,339.353,0,13.1721,59.1346,0.719166,4.9
2,2623.41,56.9432,0.126231,7.84143,2035.66,11.9207,98.5492,339.353,0,13.1721,59.1346,0.719166,4.9
-1,2623.41,56.9432,0.126231,7.84143,2035.66,11.9207,98.5492,339.353,0,13.1721,59.1346,0.719166,3.43
-2,1490.53,26.9156,0.0719866,8.88096,853.066,15.3571,143.498,360.547,0,13.6354,67.5892,0.969187,3.43
3,1490.53,26.9156,0.0719866,8.88096,853.066,15.3571,143.498,360.547,0,13.6354,67.5892,0.969187,3.43
-1,1490.53,26.9156,0.0719866,8.88096,853.066,15.3571,143.498,360.547,0,13.6354,67.5892,0.969187,2.401
-2,1179.36,18.0863,0.0588056,9.51243,500.912,17.2567,173.81,370.627,0,13.931,73.9169,1.24948,2.401
4,1179.36,18.0863,0.0588056,9.51243,500.912,17.2567,173.81,370.627,0,13.931,73.9169,1.24948,2.401
-1,1179.36,18.0863,0.0588056,9.51243,500.912,17.2567,173.81,370.627,0,13.931,73.9169,1.24948,1.6807
-2,1092.64,15.813,0.0574691,9.82281,389.966,18.5743,191.444,373.543,0,14.0828,77.6978,1.63802,1.6807
5,1092.64,15.813,0.0574691,9.82281,389.966,18.5743,191.444,373.543,0,14.0828,77.6978,1.63802,1.6807
-1,1092.64,15.813,0.0574691,9.82281,389.966,18.5743,191.444,373.543,0,14.0828,77.6978,1.63802,1.17649
-2,1064.63,14.5686,0.0572933,9.9293,350.136,19.6981,200.832,373.476,0,14.1399,79.6492,2.14628,1.17649
6,1064.63,14.5686,0.0572933,9.9293,350.136,19.6981,200.832,373.476,0,14.1399,79.6492,2.14628,1.17649
-1,1064.63,14.5686,0.0572933,9.9293,350.136,19.6981,200.832,373.476,0,14.1399,79.6492,2.14628,0.823543
-2,1049.63,13.7723,0.057435,9.92208,330.265,20.8212,205.273,372.106,0,14.1425,80.4989,2.77259,0.823543
7,1049.63,13.7723,0.057435,9.92208,330.265,20.8212,205.273,372.106,0,14.1425,80.4989,2.77259,0.823543
-1,1049.63,13.7723,0.057435,9.92208,330.265,20.8212,205.273,372.106,0,14.1425,80.4989,2.77259,0.57648
-2,1038.38,13.6256,0.0566347,9.86199,317.832,22.053,207.192,369.355,0,14.1192,80.7852,3.49721,0.57648
8,1038.38,13.6256,0.0566347,9.86199,317.832,22.053,207.192,369.355,0,14.1192,80.7852,3.49721,0.57648
-1,1038.38,13.6256,0.0566347,9.86199,317.832,22.053,207.192,369.355,0,14.1192,80.7852,3.49721,0.403536
-2,1031.1,13.6826,0.0565437,9.78084,311.52,23.4071,207.856,365.606,0,14.0854,80.8084,4.2939,0.403536
9,1031.1,13.6826,0.0565437,9.78084,311.52,23.4071,207.856,365.606,0,14.0854,80.8084,4.2939,0.403536
-1,1031.1,13.6826,0.0565437,9.78084,311.52,23.4071,207.856,365.606,0,14.0854,80.8084,4.2939,0.282475
-2,1024.61,13.3952,0.0580308,9.68671,306.61,24.8548,207.726,362.442,0,14.0453,80.6624,5.12664,0.282475
10,1024.61,13.3952,0.0580308,9.68671,306.61,24.8548,207.726,362.442,0,14.0453,80.6624,5.12664,0.282475
-1,1024.61,13.3952,0.0580308,9.68671,306.61,24.8548,207.726,362.442,0,14.0453,80.6624,5.12664,0.197733
-2,1017.51,13.3386,0.0575706,9.59177,300.781,26.3657,207.365,359.558,0,14.0051,80.4771,5.97081,0.197733
11,1017.51,13.3386,0.0575706,9.59177,300.781,26.3657,207.365,359.558,0,14.0051,80.4771,5.97081,0.197733
-1,1017.51,13.3386,0.0575706,9.59177,300.781,26.3657,207.365,359.558,0,14.0051,80.4771,5.97081,0.138413
-2,1010.95,13.1994,0.0570629,9.50192,295.826,27.9321,206.983,356.339,0,13.9671,80.3119,6.83659,0.138413
12,1010.95,13.1994,0.0570629,9.50192,295.826,27.9321,206.983,356.339,0,13.9671,80.3119,6.83659,0.138413
-1,1010.95,13.1994,0.0570629,9.50192,295.826,27.9321,206.983,356.339,0,13.9671,80.3119,6.83659,0.096889
-2,1004.43,13.0956,0.056991,9.42037,290.917,29.5449,206.634,352.968,0,13.9324,80.1616,7.70132,0.096889
13,1004.43,13.0956,0.056991,9.42037,290.917,29.5449,206.634,352.968,0,13.9324,80.1616,7.70132,0.096889
-1,1004.43,13.0956,0.056991,9.42037,290.917,29.5449,206.634,352.968,0,13.9324,80.1616,7.70132,0.0678223
-2,999.144,12.7474,0.0568816,9.34353,287.641,31.2427,206.225,349.384,0,13.8995,80.0229,8.58139,0.0678223
14,999.144,12.7474,0.0568816,9.34353,287.641,31.2427,206.225,349.384,0,13.8995,80.0229,8.58139,0.0678223
-1,999.144,12.7474,0.0568816,9.34353,287.641,31.2427,206.225,349.384,0,13.8995,80.0229,8.58139,0.0474756
-2,999.099,12.5915,0.0570797,9.27375,289.092,32.9601,205.931,345.937,0,13.8697,79.923,9.46287,0.0474756
-2,999.975,12.9104,0.0573821,9.30834,288.952,32.0869,206.069,347.722,0,13.8845,79.9703,9.01511,0.0474756
-2,999.295,12.8313,0.0575591,9.32586,288.022,31.6612,206.145,348.568,0,13.8919,79.996,8.7965,0.0474756
-2,999.928,12.834,0.0575783,9.33468,288.493,31.4511,206.184,348.98,0,13.8957,80.0093,8.68851,0.0474756
-2,998.979,12.7472,0.0568796,9.34132,287.515,31.2946,206.215,349.283,0,13.8985,80.0195,8.60809,0.0474756
15,998.979,12.7472,0.0568796,9.34132,287.515,31.2946,206.215,349.283,0,13.8985,80.0195,8.60809,0.0474756
0,967.537,12.7897,0.0577408,9.35124,289.583,25.8316,184.592,349.283,0,13.9015,74.4414,7.70565,0.0332329
-1,967.537,12.7897,0.0577408,9.35124,289.583,25.8316,184.592,349.283,0,13.9015,74.4414,7.70565,7
-2,967.771,12.9487,0.0567665,9.31302,288.592,26.3971,186.12,347.887,0,13.8894,74.7259,7.84077,7
-2,969.107,12.852,0.057828,9.3317,290.554,26.1124,185.349,348.602,0,13.8953,74.5819,7.77116,7
-2,968.023,12.7705,0.0578479,9.34136,289.819,25.9715,184.968,348.947,0,13.8984,74.5112,7.73789,7
-2,968.388,12.7243,0.0581462,9.34627,290.364,25.9015,184.78,349.116,0,13.8999,74.4762,7.72164,7
-2,967.439,12.8014,0.057666,9.34999,289.44,25.8491,184.639,349.242,0,13.9011,74.4501,7.70963,7
1,967.439,12.8014,0.057666,9.34999,289.44,25.8491,184.639,349.242,0,13.9011,74.4501,7.70963,7
0,945.719,12.938,0.0602936,9.31922,293.533,21.8449,167.703,349.242,0,13.8917,70.7631,6.42518,4.9
-1,945.719,12.938,0.0602936,9.31922,293.533,21.8449,167.703,349.242,0,13.8917,70.7631,6.42518,7
-2,943.258,12.9036,0.0570607,9.26419,289.108,22.3611,170.07,347.9,0,13.8757,71.1917,6.52701,7
1,943.258,12.9036,0.0570607,9.26419,289.108,22.3611,170.07,347.9,0,13.8757,71.1917,6.52701,7
-1,943.258,12.9036,0.0570607,9.26419,289.108,22.3611,170.07,347.9,0,13.8757,71.1917,6.52701,4.9
-2,941.857,12.613,0.0550092,9.22556,286.886,22.911,171.5,346.678,0,13.8634,71.4583,6.66582,4.9
2,941.857,12.613,0.0550092,9.22556,286.886,22.911,171.5,346.678,0,13.8634,71.4583,6.66582,4.9
-1,941.857,12.613,0.0550092,9.22556,286.886,22.911,171.5,346.678,0,13.8634,71.4583,6.66582,3.43
-2,939.539,12.5252,0.0542263,9.18754,284.116,23.5486,172.204,345.596,0,13.8494,71.595,6.86304,3.43
3,939.539,12.5252,0.0542263,9.18754,284.116,23.5486,172.204,345.596,0,13.8494,71.595,6.86304,3.43
-1,939.539,12.5252,0.0542263,9.18754,284.116,23.5486,172.204,345.596,0,13.8494,71.595,6.86304,2.401
-2,936.659,12.4986,0.0542788,9.14918,281.337,24.2895,172.638,344.039,0,13.8343,71.6908,7.12898,2.401
4,936.659,12.4986,0.0542788,9.14918,281.337,24.2895,172.638,344.039,0,13.8343,71.6908,7.12898,2.401
-1,936.659,12.4986,0.0542788,9.14918,281.337,24.2895,172.638,344.039,0,13.8343,71.6908,7.12898,1.6807
-2,935.421,12.4304,0.0540658,9.10751,280.643,25.1743,172.824,342.159,0,13.8173,71.7454,7.46684,1.6807
5,935.421,12.4304,0.0540658,9.10751,280.643,25.1743,172.824,342.159,0,13.8173,71.7454,7.46684,1.6807
-1,935.421,12.4304,0.0540658,9.10751,280.643,25.1743,172.824,342.159,0,13.8173,71.7454,7.46684,1.17649
-2,933.41,12.8472,0.0539226,9.06003,278.211,26.1654,172.797,340.845,0,13.7974,71.7617,7.87095,1.17649
6,933.41,12.8472,0.0539226,9.06003,278.211,26.1654,172.797,340.845,0,13.7974,71.7617,7.87095,1.17649
-1,933.41,12.8472,0.0539226,9.06003,278.211,26.1654,172.797,340.845,0,13.7974,71.7617,7.87095,0.823543
-2,931.181,12.6057,0.0537236,9.01114,276.057,27.2492,172.864,339.433,0,13.777,71.8017,8.32783,0.823543
7,931.181,12.6057,0.0537236,9.01114,276.057,27.2492,172.864,339.433,0,13.777,71.8017,8.32783,0.823543
-1,931.181,12.6057,0.0537236,9.01114,276.057,27.2492,172.864,339.433,0,13.777,71.8017,8.32783,0.57648
-2,929.001,12.6861,0.0542115,8.96429,273.647,28.3815,173.003,337.829,0,13.7575,71.8594,8.81937,0.57648
8,929.001,12.6861,0.0542115,8.96429,273.647,28.3815,173.003,337.829,0,13.7575,71.8594,8.81937,0.57648
-1,929.001,12.6861,0.0542115,8.96429,273.647,28.3815,173.003,337.829,0,13.7575,71.8594,8.81937,0.403536
-2,927.499,12.3534,0.0558281,8.91956,272.424,29.5488,173.168,336.035,0,13.739,71.9228,9.33247,0.403536
9,927.499,12.3534,0.0558281,8.91956,272.424,29.5488,173.168,336.035,0,13.739,71.9228,9.33247,0.403536
-1,927.499,12.3534,0.0558281,8.91956,272.424,29.5488,173.168,336.035,0,13.739,71.9228,9.33247,0.282475
-2,925.482,12.0998,0.0559129,8.87689,270.505,30.7299,173.342,334.319,0,13.7215,71.9864,9.84571,0.282475
10,925.482,12.0998,0.0559129,8.87689,270.505,30.7299,173.342,334.319,0,13.7215,71.9864,9.84571,0.282475
-1,925.482,12.0998,0.0559129,8.87689,270.505,30.7299,173.342,334.319,0,13.7215,71.9864,9.84571,0.197733
-2,923.068,12.2144,0.0550699,8.8377,267.836,31.9181,173.546,332.533,0,13.7053,72.0576,10.365,0.197733
11,923.068,12.2144,0.0550699,8.8377,267.836,31.9181,173.546,332.533,0,13.7053,72.0576,10.365,0.197733
-1,923.068,12.2144,0.0550699,8.8377,267.836,31.9181,173.546,332.533,0,13.7053,72.0576,10.365,0.138413
-2,922.84,12.1735,0.054977,8.80123,267.72,33.1345,173.721,330.536,0,13.6902,72.1221,10.8866,0.138413
12,922.84,12.1735,0.054977,8.80123,267.72,33.1345,173.721,330.536,0,13.6902,72.1221,10.8866,0.138413
0,906.783,12.1912,0.0552469,8.65734,268.205,31.2688,161.657,330.536,0,13.644,69.9331,10.6355,0.096889
-1,906.783,12.1912,0.0552469,8.65734,268.205,31.2688,161.657,330.536,0,13.644,69.9331,10.6355,7
-2,905.692,12.0507,0.054781,8.64487,266.494,31.7046,162.302,329.993,0,13.6398,70.0607,10.7482,7
1,905.692,12.0507,0.054781,8.64487,266.494,31.7046,162.302,329.993,0,13.6398,70.0607,10.7482,7
-1,905.692,12.0507,0.054781,8.64487,266.494,31.7046,162.302,329.993,0,13.6398,70.0607,10.7482,4.9
-2,905.02,12.3047,0.0542848,8.6301,265.329,32.237,162.677,329.117,0,13.6342,70.1411,10.8954,4.9
2,905.02,12.3047,0.0542848,8.6301,265.329,32.237,162.677,329.117,0,13.6342,70.1411,10.8954,4.9
0,895.653,12.325,0.0544059,8.34926,265.612,30.925,155.985,329.117,0,13.5379,69.1549,10.5926,3.43
-1,895.653,12.325,0.0544059,8.34926,265.612,30.925,155.985,329.117,0,13.5379,69.1549,10.5926,7
-2,894.687,12.4002,0.0542703,8.33807,264.206,31.3637,156.429,328.422,0,13.5336,69.2409,10.6992,7
1,894.687,12.4002,0.0542703,8.33807,264.206,31.3637,156.429,328.422,0,13.5336,69.2409,10.6992,7
0,890.483,12.3512,0.0540411,7.92606,264.443,30.5048,154.012,328.422,0,13.383,68.9409,10.4459,4.9
-1,890.483,12.3512,0.0540411,7.92606,264.443,30.5048,154.012,328.422,0,13.383,68.9409,10.4459,7
-2,889.234,12.1376,0.0537377,7.91575,263.18,30.9578,154.334,327.696,0,13.3789,69.0039,10.5759,7
1,889.234,12.1376,0.0537377,7.91575,263.18,30.9578,154.334,327.696,0,13.3789,69.0039,10.5759,7
-1,889.234,12.1376,0.0537377,7.91575,263.18,30.9578,154.334,327.696,0,13.3789,69.0039,10.5759,4.9
-2,888.221,12.0461,0.0535214,7.9015,262.328,31.51,154.472,326.756,0,13.373,69.0383,10.7424,4.9
2,888.221,12.0461,0.0535214,7.9015,262.328,31.51,154.472,326.756,0,13.373,69.0383,10.7424,4.9
-1,888.221,12.0461,0.0535214,7.9015,262.328,31.51,154.472,326.756,0,13.373,69.0383,10.7424,3.43
-2,889.591,11.6835,0.0541591,7.88369,264.241,32.1529,154.545,325.651,0,13.3656,69.0645,10.9489,3.43
-2,888.534,11.8231,0.053583,7.89255,262.952,31.83,154.507,326.21,0,13.3693,69.051,10.8444,3.43
-2,888.733,11.8318,0.0539246,7.89701,263.098,31.6696,154.49,326.485,0,13.3712,69.0446,10.7931,3.43
-2,888.099,12.0452,0.0534931,7.89925,262.229,31.5897,154.481,326.621,0,13.3721,69.0414,10.7677,3.43
3,888.099,12.0452,0.0534931,7.89925,262.229,31.5897,154.481,326.621,0,13.3721,69.0414,10.7677,3.43
0,886.504,12.0366,0.0533226,7.39677,262.181,31.1015,154.23,326.621,0,13.1802,69.0129,10.6912,2.401
-1,886.504,12.0366,0.0533226,7.39677,262.181,31.1015,154.23,326.621,0,13.1802,69.0129,10.6912,7
-2,888.164,11.7903,0.0540126,7.38707,264.069,31.56,154.349,325.897,0,13.1761,69.0437,10.8379,7
-2,886.858,11.7684,0.0534092,7.39188,262.793,31.3301,154.288,326.263,0,13.1781,69.0281,10.7641,7
-2,886.986,11.7483,0.0537266,7.39432,262.945,31.2157,154.259,326.443,0,13.1791,69.0204,10.7275,7
-2,887.172,11.837,0.0537597,7.39554,263.046,31.1586,154.244,326.532,0,13.1797,69.0166,10.7093,7
-2,887.556,11.9253,0.0533084,7.39646,263.344,31.1158,154.233,326.599,0,13.1801,69.0138,10.6958,7
-2,886.499,12.0374,0.0533212,7.39669,262.175,31.1051,154.231,326.615,0,13.1802,69.0131,10.6924,7
1,886.499,12.0374,0.0533212,7.39669,262.175,31.1051,154.231,326.615,0,13.1802,69.0131,10.6924,7
0,884.945,11.9813,0.0528662,6.86295,262.039,30.7442,154.043,326.615,0,12.9732,68.9919,10.6413,4.9
-1,884.945,11.9813,0.0528662,6.86295,262.039,30.7442,154.043,326.615,0,12.9732,68.9919,10.6413,7
-2,886.602,11.728,0.0536153,6.85349,263.86,31.2085,154.157,325.952,0,12.9692,69.0222,10.7978,7
-2,885.297,11.7092,0.0529813,6.85819,262.616,30.9757,154.099,326.288,0,12.9712,69.0068,10.7193,7
-2,885.425,11.6909,0.0532844,6.86056,262.785,30.8598,154.071,326.453,0,12.9722,68.9993,10.6802,7
-2,885.612,11.7806,0.0533103,6.86176,262.894,30.8019,154.057,326.534,0,12.9727,68.9956,10.6608,7
-2,885.677,11.7727,0.0533241,6.86265,262.976,30.7586,154.047,326.595,0,12.9731,68.9928,10.6462,7
-2,884.939,11.9821,0.0528652,6.86288,262.032,30.7478,154.044,326.61,0,12.9732,68.9921,10.6425,7
1,884.939,11.9821,0.0528652,6.86288,262.032,30.7478,154.044,326.61,0,12.9732,68.9921,10.6425,7
0,881.993,11.9797,0.0534801,6.35621,261.58,30.4766,152.698,326.61,0,12.7793,68.8322,10.6277,4.9
-1,881.993,11.9797,0.0534801,6.35621,261.58,30.4766,152.698,326.61,0,12.7793,68.8322,10.6277,7
-2,883.586,11.6252,0.0541979,6.34563,263.386,30.9441,152.798,326.009,0,12.775,68.8621,10.7876,7
-2,882.366,11.7067,0.0535822,6.3509,262.153,30.7097,152.747,326.314,0,12.7771,68.8469,10.7074,7
-2,882.484,11.6888,0.0538923,6.35355,262.325,30.593,152.722,326.463,0,12.7782,68.8395,10.6675,7
-2,882.666,11.7788,0.0539213,6.35488,262.435,30.5347,152.71,326.537,0,12.7788,68.8359,10.6476,7
-2,882.727,11.771,0.0539372,6.35587,262.518,30.4911,152.701,326.592,0,12.7792,68.8331,10.6327,7
-2,881.988,11.9804,0.053479,6.35612,261.573,30.4802,152.698,326.606,0,12.7793,68.8324,10.629,7
1,881.988,11.9804,0.053479,6.35612,261.573,30.4802,152.698,326.606,0,12.7793,68.8324,10.629,7
0,877.465,11.943,0.0561107,5.91849,261.019,30.252,149.944,326.606,0,12.6172,68.4858,10.6241,4.9
-1,877.465,11.943,0.0561107,5.91849,261.019,30.252,149.944,326.606,0,12.6172,68.4858,10.6241,7
-2,879.063,11.5951,0.0563106,5.90534,262.774,30.7208,150.051,326.044,0,12.6121,68.5202,10.7848,7
-2,877.693,11.5747,0.0562448,5.91185,261.519,30.4858,149.996,326.329,0,12.6146,68.5027,10.7043,7
-2,877.957,11.6537,0.0563905,5.91515,261.752,30.3688,149.969,326.468,0,12.6159,68.4942,10.6642,7
-2,878.139,11.7429,0.0564853,5.91682,261.868,30.3103,149.956,326.537,0,12.6166,68.49,10.6441,7
-2,878.199,11.7345,0.056551,5.91807,261.955,30.2666,149.947,326.589,0,12.6171,68.4868,10.6291,7
-2,878.534,11.8293,0.056097,5.91839,262.2,30.2556,149.944,326.601,0,12.6172,68.486,10.6254,7
-2,877.464,11.9432,0.0561094,5.91847,261.017,30.2529,149.944,326.605,0,12.6172,68.4859,10.6244,7
1,877.464,11.9432,0.0561094,5.91847,261.017,30.2529,149.944,326.605,0,12.6172,68.4859,10.6244,7
0,872.732,11.8888,0.0625984,5.57082,261.331,30.0477,146.127,326.605,0,12.4939,67.9845,10.6205,4.9
-1,872.732,11.8888,0.0625984,5.57082,261.331,30.0477,146.127,326.605,0,12.4939,67.9845,10.6205,7
-2,873.542,11.3426,0.060789,5.55444,262.426,30.5162,146.302,326.037,0,12.4879,68.0344,10.7815,7
-2,872.615,11.5202,0.061678,5.5622,261.456,30.2814,146.209,326.325,0,12.4908,68.0087,10.7008,7
1,872.615,11.5202,0.061678,5.5622,261.456,30.2814,146.209,326.325,0,12.4908,68.0087,10.7008,7
0,870.073,11.6198,0.0721602,5.30688,264.238,30.098,141.885,326.325,0,12.4042,67.4288,10.6955,4.9
-1,870.073,11.6198,0.0721602,5.30688,264.238,30.098,141.885,326.325,0,12.4042,67.4288,10.6955,7
-2,868.564,11.6074,0.0660866,5.29048,262.011,30.58,142.11,326.154,0,12.398,67.4823,10.865,7
1,868.564,11.6074,0.0660866,5.29048,262.011,30.58,142.11,326.154,0,12.398,67.4823,10.865,7
0,874.853,11.8999,0.0871453,5.1345,273.987,29.9363,137.595,326.325,0,12.3481,66.8544,10.6862,7
-1,874.853,11.8999,0.0871453,5.1345,273.987,29.9363,137.595,326.325,0,12.3481,66.8544,10.6862,7
-2,865.963,11.5788,0.0724746,5.12253,264.415,30.4169,138.081,326.125,0,12.3436,66.9512,10.856,7
1,865.963,11.5788,0.0724746,5.12253,264.415,30.4169,138.081,326.125,0,12.3436,66.9512,10.856,7
0,893.522,12.3971,0.104685,5.0286,296.769,29.8008,133.759,326.325,0,12.3148,66.35,10.6742,7
-1,893.522,12.3971,0.104685,5.0286,296.769,29.8008,133.759,326.325,0,12.3148,66.35,10.6742,7
-2,867.363,11.6854,0.0776956,5.0287,269.944,30.2807,134.572,326.118,0,12.3142,66.4973,10.8446,7
1,867.363,11.6854,0.0776956,5.0287,269.944,30.2807,134.572,326.118,0,12.3142,66.4973,10.8446,7
0,933.598,13.5071,0.124729,4.97077,339.431,29.6924,130.636,326.325,0,12.297,65.9512,10.6623,7
-1,933.598,13.5071,0.124729,4.97077,339.431,29.6924,130.636,326.325,0,12.297,65.9512,10.6623,7
-2,874.419,11.9689,0.0809418,4.99042,279.983,30.1723,131.782,326.159,0,12.3026,66.1465,10.8338,7
1,874.419,11.9689,0.0809418,4.99042,279.983,30.1723,131.782,326.159,0,12.3026,66.1465,10.8338,7
0,1003.21,15.3407,0.145348,4.94396,409.922,29.6079,128.323,326.325,0,12.2889,65.6654,10.6527,7
-1,1003.21,15.3407,0.145348,4.94396,409.922,29.6079,128.323,326.325,0,12.2889,65.6654,10.6527,7
-2,888.791,12.3834,0.0822614,4.98712,296.255,30.0884,129.741,326.23,0,12.3017,65.8979,10.8252,7
1,888.791,12.3834,0.0822614,4.98712,296.255,30.0884,129.741,326.23,0,12.3017,65.8979,10.8252,7
0,1109.69,17.9525,0.165358,4.93448,515.584,29.5424,126.774,326.325,0,12.286,65.4798,10.6461,7
-1,1109.69,17.9525,0.165358,4.93448,515.584,29.5424,126.774,326.325,0,12.286,65.4798,10.6461,7
-2,912.414,13.0331,0.0826893,4.99891,320.87,30.0221,128.353,326.196,0,12.3054,65.7339,10.8194,7
1,912.414,13.0331,0.0826893,4.99891,320.87,30.0221,128.353,326.196,0,12.3054,65.7339,10.8194,7
-1,912.414,13.0331,0.0826893,4.99891,320.87,30.0221,128.353,326.196,0,12.3054,65.7339,10.8194,4.9
-2,865.339,11.8286,0.0614543,5.11937,272.338,30.5974,129.623,326.508,0,12.3409,65.8951,11.0259,4.9
2,865.339,11.8286,0.0614543,5.11937,272.338,30.5974,129.623,326.508,0,12.3409,65.8951,11.0259,4.9
0,948.506,13.9398,0.0837975,5.00693,357.132,29.9732,127.425,326.196,0,12.3079,65.6256,10.8166,4.9
-1,948.506,13.9398,0.0837975,5.00693,357.132,29.9732,127.425,326.196,0,12.3079,65.6256,10.8166,7
-2,873.201,11.8454,0.0615785,5.13785,281.147,30.4404,128.666,326.784,0,12.3468,65.787,10.9842,7
1,873.201,11.8454,0.0615785,5.13785,281.147,30.4404,128.666,326.784,0,12.3468,65.787,10.9842,7
0,991.69,14.9615,0.0837484,5.01691,399.858,29.9323,126.946,326.196,0,12.3108,65.5707,10.8147,7
-1,991.69,14.9615,0.0837484,5.01691,399.858,29.9323,126.946,326.196,0,12.3108,65.5707,10.8147,7
-2,884.003,12.0074,0.0638859,5.14309,292.551,30.3973,128.091,326.698,0,12.3483,65.7213,10.9827,7
1,884.003,12.0074,0.0638859,5.14309,292.551,30.3973,128.091,326.698,0,12.3483,65.7213,10.9827,7
0,1037.02,16.0777,0.0841127,5.02614,444.316,29.8974,126.745,326.196,0,12.3136,65.5479,10.8142,7
-1,1037.02,16.0777,0.0841127,5.02614,444.316,29.8974,126.745,326.196,0,12.3136,65.5479,10.8142,7
-2,896.803,12.4323,0.0680224,5.1306,305.502,30.3588,127.792,326.503,0,12.3444,65.6889,10.9823,7
1,896.803,12.4323,0.0680224,5.1306,305.502,30.3588,127.792,326.503,0,12.3444,65.6889,10.9823,7
0,1078.3,17.1248,0.0881164,5.03392,484.632,29.8654,126.688,326.196,0,12.316,65.5415,10.8142,7
-1,1078.3,17.1248,0.0881164,5.03392,484.632,29.8654,126.688,326.196,0,12.316,65.5415,10.8142,7
-2,910.049,12.9491,0.0762377,5.1051,318.602,30.3228,127.719,326.272,0,12.3367,65.6837,10.9822,7
1,910.049,12.9491,0.0762377,5.1051,318.602,30.3228,127.719,326.272,0,12.3367,65.6837,10.9822,7
0,1109.32,17.8939,0.0963532,5.0406,514.897,29.8338,126.684,326.196,0,12.318,65.5411,10.8141,7
-1,1109.32,17.8939,0.0963532,5.0406,514.897,29.8338,126.684,326.196,0,12.318,65.5411,10.8141,7
-2,921.922,13.2654,0.0851479,5.07153,330.227,30.2887,127.836,326.139,0,12.3265,65.7008,10.9821,7
1,921.922,13.2654,0.0851479,5.07153,330.227,30.2887,127.836,326.139,0,12.3265,65.7008,10.9821,7
0,1128.26,18.3562,0.109516,5.04695,533.382,29.8007,126.677,326.213,0,12.3199,65.5403,10.8136,7
-1,1128.26,18.3562,0.109516,5.04695,533.382,29.8007,126.677,326.213,0,12.3199,65.5403,10.8136,7
-2,931.507,13.5249,0.0932027,5.03995,339.271,30.2547,128.113,326.176,0,12.317,65.7358,10.9817,7
1,931.507,13.5249,0.0932027,5.03995,339.271,30.2547,128.113,326.176,0,12.317,65.7358,10.9817,7
0,1136.5,18.5486,0.12955,5.05369,541.249,29.7647,126.634,326.445,0,12.3219,65.5354,10.8128,7
-1,1136.5,18.5486,0.12955,5.05369,541.249,29.7647,126.634,326.445,0,12.3219,65.5354,10.8128,7
-2,938.424,13.7087,0.101175,5.02033,345.385,30.2177,128.491,326.425,0,12.3112,65.7827,10.9811,7
1,938.424,13.7087,0.101175,5.02033,345.385,30.2177,128.491,326.425,0,12.3112,65.7827,10.9811,7
0,1139.61,18.5802,0.159792,5.06131,542.254,29.7247,126.534,328.639,0,12.3242,65.5241,10.8118,7
-1,1139.61,18.5802,0.159792,5.06131,542.254,29.7247,126.534,328.639,0,12.3242,65.5241,10.8118,7
-2,945.13,13.6544,0.110997,5.02129,350.36,30.1715,128.918,327.763,0,12.312,65.8398,10.9796,7
1,945.13,13.6544,0.110997,5.02129,350.36,30.1715,128.918,327.763,0,12.312,65.8398,10.9796,7
0,1154.91,18.5613,0.198547,5.07,543.689,29.6801,126.362,342.706,0,12.3268,65.5047,10.8108,7
-1,1154.91,18.5613,0.198547,5.07,543.689,29.6801,126.362,342.706,0,12.3268,65.5047,10.8108,7
-2,958.23,14.3284,0.122909,5.05006,354.949,30.1179,129.447,334.993,0,12.3225,65.9246,10.9754,7
1,958.23,14.3284,0.122909,5.05006,354.949,30.1179,129.447,334.993,0,12.3225,65.9246,10.9754,7
-1,958.23,14.3284,0.122909,5.05006,354.949,30.1179,129.447,334.993,0,12.3225,65.9246,10.9754,4.9
-2,899.736,13.708,0.0935488,5.17266,294.98,30.6752,133.186,332.005,0,12.3596,66.379,11.1778,4.9
2,899.736,13.708,0.0935488,5.17266,294.98,30.6752,133.186,332.005,0,12.3596,66.379,11.1778,4.9
-1,899.736,13.708,0.0935488,5.17266,294.98,30.6752,133.186,332.005,0,12.3596,66.379,11.1778,3.43
-2,880.714,12.9869,0.0754311,5.28637,274.127,31.3366,136.092,330.271,0,12.3933,66.7273,11.4181,3.43
3,880.714,12.9869,0.0754311,5.28637,274.127,31.3366,136.092,330.271,0,12.3933,66.7273,11.4181,3.43
0,948.394,13.8089,0.104759,5.18712,301.622,30.6246,132.936,374.219,0,12.3639,66.3506,11.1771,3.43
-1,948.394,13.8089,0.104759,5.18712,301.622,30.6246,132.936,374.219,0,12.3639,66.3506,11.1771,7
-2,913.437,12.3114,0.0801451,5.37201,282.829,31.1125,136.762,354.369,0,12.422,66.8476,11.3327,7
1,913.437,12.3114,0.0801451,5.37201,282.829,31.1125,136.762,354.369,0,12.422,66.8476,11.3327,7
-1,913.437,12.3114,0.0801451,5.37201,282.829,31.1125,136.762,354.369,0,12.422,66.8476,11.3327,4.9
-2,896.37,12.4271,0.0692834,5.49467,273.085,31.6586,138.989,343.555,0,12.4601,67.1081,11.5232,4.9
2,896.37,12.4271,0.0692834,5.49467,273.085,31.6586,138.989,343.555,0,12.4601,67.1081,11.5232,4.9
0,1028.74,12.5071,0.0840777,5.40579,291.275,31.0547,136.421,461.421,0,12.4323,66.8087,11.3321,4.9
-1,1028.74,12.5071,0.0840777,5.40579,291.275,31.0547,136.421,461.421,0,12.4323,66.8087,11.3321,7
-2,964.032,12.4892,0.0710535,5.62386,277.802,31.5656,139.958,405.275,0,12.5024,67.2721,11.4733,7
1,964.032,12.4892,0.0710535,5.62386,277.802,31.5656,139.958,405.275,0,12.5024,67.2721,11.4733,7
0,1312.6,12.9213,0.0848801,5.43849,305.592,30.9926,135.974,731.064,0,12.4422,66.7576,11.3313,7
-1,1312.6,12.9213,0.0848801,5.43849,305.592,30.9926,135.974,731.064,0,12.4422,66.7576,11.3313,7
-2,1128.02,12.4056,0.0687488,5.77882,282.573,31.5471,140.841,563.361,0,12.5525,67.4131,11.4737,7
1,1128.02,12.4056,0.0687488,5.77882,282.573,31.5471,140.841,563.361,0,12.5525,67.4131,11.4737,7
-1,1128.02,12.4056,0.0687488,5.77882,282.573,31.5471,140.841,563.361,0,12.5525,67.4131,11.4737,4.9
-2,1031.66,12.7566,0.0615505,5.98368,276.574,32.278,143.547,468.402,0,12.6196,67.7473,11.6875,4.9
2,1031.66,12.7566,0.0615505,5.98368,276.574,32.278,143.547,468.402,0,12.6196,67.7473,11.6875,4.9
-1,1031.66,12.7566,0.0615505,5.98368,276.574,32.278,143.547,468.402,0,12.6196,67.7473,11.6875,3.43
-2,976.05,12.4449,0.0595184,6.06752,274.371,33.0921,144.531,413.071,0,12.6474,67.8425,11.9228,3.43
3,976.05,12.4449,0.0595184,6.06752,274.371,33.0921,144.531,413.071,0,12.6474,67.8425,11.9228,3.43
0,1287.52,12.7697,0.0632711,6.06968,277.601,32.1944,143.054,723.744,0,12.6465,67.6907,11.6874,3.43
-1,1287.52,12.7697,0.0632711,6.06968,277.601,32.1944,143.054,723.744,0,12.6465,67.6907,11.6874,7
-2,1135.22,12.3868,0.0627981,6.32584,277.865,32.952,146.272,566.672,0,12.733,68.128,11.8212,7
1,1135.22,12.3868,0.0627981,6.32584,277.865,32.952,146.272,566.672,0,12.733,68.128,11.8212,7
-1,1135.22,12.3868,0.0627981,6.32584,277.865,32.952,146.272,566.672,0,12.733,68.128,11.8212,4.9
-2,1044.93,12.3467,0.0611412,6.42359,278.057,33.842,147.343,473.837,0,12.7672,68.2453,12.0113,4.9
2,1044.93,12.3467,0.0611412,6.42359,278.057,33.842,147.343,473.837,0,12.7672,68.2453,12.0113,4.9
-1,1044.93,12.3467,0.0611412,6.42359,278.057,33.842,147.343,473.837,0,12.7672,68.2453,12.0113,3.43
-2,987.136,12.7888,0.0583076,6.40604,274.604,34.8687,146.869,418.409,0,12.7625,68.1377,12.232,3.43
3,987.136,12.7888,0.0583076,6.40604,274.604,34.8687,146.869,418.409,0,12.7625,68.1377,12.232,3.43
0,1271.83,12.3895,0.0693664,6.5437,278.588,33.7392,146.812,700.689,0,12.8056,68.1844,12.0113,3.43
-1,1271.83,12.3895,0.0693664,6.5437,278.588,33.7392,146.812,700.689,0,12.8056,68.1844,12.0113,7
-2,1140.86,12.5381,0.0682274,6.75116,285.011,34.7023,149.12,559.182,0,12.8783,68.4898,12.1217,7
1,1140.86,12.5381,0.0682274,6.75116,285.011,34.7023,149.12,559.182,0,12.8783,68.4898,12.1217,7
-1,1140.86,12.5381,0.0682274,6.75116,285.011,34.7023,149.12,559.182,0,12.8783,68.4898,12.1217,4.9
-2,1053.85,12.4497,0.0660556,6.79709,282.092,35.8136,149.446,473.507,0,12.8962,68.4937,12.2905,4.9
2,1053.85,12.4497,0.0660556,6.79709,282.092,35.8136,149.446,473.507,0,12.8962,68.4937,12.2905,4.9
-1,1053.85,12.4497,0.0660556,6.79709,282.092,35.8136,149.446,473.507,0,12.8962,68.4937,12.2905,3.43
-2,997.81,12.6555,0.0615547,6.71177,279.43,37.1221,148.32,419.829,0,12.8686,68.3079,12.5036,3.43
3,997.81,12.6555,0.0615547,6.71177,279.43,37.1221,148.32,419.829,0,12.8686,68.3079,12.5036,3.43
0,1252.27,12.5648,0.0803505,6.94163,287.32,35.6919,148.932,667.074,0,12.9432,68.4347,12.2905,3.43
-1,1252.27,12.5648,0.0803505,6.94163,287.32,35.6919,148.932,667.074,0,12.9432,68.4347,12.2905,7
-2,1140.66,13.2191,0.0788522,7.1152,294.692,36.9073,150.858,543.701,0,13.0062,68.6963,12.3902,7
1,1140.66,13.2191,0.0788522,7.1152,294.692,36.9073,150.858,543.701,0,13.0062,68.6963,12.3902,7
-1,1140.66,13.2191,0.0788522,7.1152,294.692,36.9073,150.858,543.701,0,13.0062,68.6963,12.3902,4.9
-2,1064.75,12.8287,0.0726965,7.1277,293.917,38.321,150.858,467.414,0,13.013,68.6557,12.5403,4.9
2,1064.75,12.8287,0.0726965,7.1277,293.917,38.321,150.858,467.414,0,13.013,68.6557,12.5403,4.9
-1,1064.75,12.8287,0.0726965,7.1277,293.917,38.321,150.858,467.414,0,13.013,68.6557,12.5403,3.43
-2,1007.27,12.5825,0.0652085,6.98898,285.441,39.8729,149.185,419.052,0,12.9666,68.3861,12.7327,3.43
3,1007.27,12.5825,0.0652085,6.98898,285.441,39.8729,149.185,419.052,0,12.9666,68.3861,12.7327,3.43
0,1238.57,13.0905,0.0931239,7.2897,306.481,38.1804,150.435,628.787,0,13.0666,68.6074,12.5402,3.43
-1,1238.57,13.0905,0.0931239,7.2897,306.481,38.1804,150.435,628.787,0,13.0666,68.6074,12.5402,7
-2,1142.19,13.4106,0.091224,7.43392,309.328,39.6089,151.988,525.774,0,13.1208,68.809,12.6263,7
1,1142.19,13.4106,0.091224,7.43392,309.328,39.6089,151.988,525.774,0,13.1208,68.809,12.6263,7
-1,1142.19,13.4106,0.091224,7.43392,309.328,39.6089,151.988,525.774,0,13.1208,68.809,12.6263,4.9
-2,1072.38,13.2186,0.0799048,7.40874,304.45,41.2863,151.687,459.659,0,13.115,68.7279,12.7449,4.9
2,1072.38,13.2186,0.0799048,7.40874,304.45,41.2863,151.687,459.659,0,13.115,68.7279,12.7449,4.9
0,1312,14.1164,0.124209,7.60396,337.015,39.4595,151.709,667.387,0,13.1778,68.7774,12.6263,4.9
-1,1312,14.1164,0.124209,7.60396,337.015,39.4595,151.709,667.387,0,13.1778,68.7774,12.6263,7
-2,1214.75,14.4444,0.118886,7.79777,343.575,41.0265,153.609,559.219,0,13.2513,69.017,12.696,7
1,1214.75,14.4444,0.118886,7.79777,343.575,41.0265,153.609,559.219,0,13.2513,69.017,12.696,7
-1,1214.75,14.4444,0.118886,7.79777,343.575,41.0265,153.609,559.219,0,13.2513,69.017,12.696,4.9
-2,1136.97,14.155,0.109951,7.85837,333.067,42.8829,154.067,489.716,0,13.2773,69.0411,12.7903,4.9
2,1136.97,14.155,0.109951,7.85837,333.067,42.8829,154.067,489.716,0,13.2773,69.0411,12.7903,4.9
0,1365.99,15.8479,0.169326,7.97905,399.377,40.8647,153.487,653.251,0,13.313,69.0033,12.6953,4.9
-1,1365.99,15.8479,0.169326,7.97905,399.377,40.8647,153.487,653.251,0,13.313,69.0033,12.6953,7
-2,1277.28,15.5371,0.162403,8.13344,396.481,42.5799,155.269,563.743,0,13.3731,69.2316,12.7667,7
1,1277.28,15.5371,0.162403,8.13344,396.481,42.5799,155.269,563.743,0,13.3731,69.2316,12.7667,7
-1,1277.28,15.5371,0.162403,8.13344,396.481,42.5799,155.269,563.743,0,13.3731,69.2316,12.7667,4.9
-2,1204.82,15.4963,0.145073,8.22759,383.014,44.6443,156.092,501.639,0,13.413,69.3081,12.8427,4.9
2,1204.82,15.4963,0.145073,8.22759,383.014,44.6443,156.092,501.639,0,13.413,69.3081,12.8427,4.9
0,1425.87,17.9638,0.23101,8.31818,492.308,42.4017,155.253,613.968,0,13.4365,69.2298,12.7645,4.9
-1,1425.87,17.9638,0.23101,8.31818,492.308,42.4017,155.253,613.968,0,13.4365,69.2298,12.7645,7
-2,1348.74,17.3913,0.201436,8.33599,474.047,44.3511,156.755,551.963,0,13.4467,69.4245,12.8275,7
1,1348.74,17.3913,0.201436,8.33599,474.047,44.3511,156.755,551.963,0,13.4467,69.4245,12.8275,7
0,1611.15,22.1096,0.323412,8.49935,655.637,42.2084,155.241,631.642,0,13.4986,69.2285,12.7602,7
-1,1611.15,22.1096,0.323412,8.49935,655.637,42.2084,155.241,631.642,0,13.4986,69.2285,12.7602,7
-2,1503.65,20.1975,0.238667,8.11291,586.656,44.2134,156.868,591.746,0,13.3608,69.432,12.8294,7
1,1503.65,20.1975,0.238667,8.11291,586.656,44.2134,156.868,591.746,0,13.3608,69.432,12.8294,7
0,1882.33,28.6888,0.438202,8.68159,916.545,41.9931,155.126,635.323,0,13.5611,69.2155,12.757,7
-1,1882.33,28.6888,0.438202,8.68159,916.545,41.9931,155.126,635.323,0,13.5611,69.2155,12.757,7
-2,1666.67,23.1326,0.239077,7.63967,704.88,44.0566,158.439,632.632,0,13.1954,69.616,12.844,7
1,1666.67,23.1326,0.239077,7.63967,704.88,44.0566,158.439,632.632,0,13.1954,69.616,12.844,7
-1,1666.67,23.1326,0.239077,7.63967,704.88,44.0566,158.439,632.632,0,13.1954,69.616,12.844,4.9
-2,1567.44,21.0244,0.184978,7.42931,621.834,46.1662,161.663,613.088,0,13.1289,69.9645,12.9561,4.9
2,1567.44,21.0244,0.184978,7.42931,621.834,46.1662,161.663,613.088,0,13.1289,69.9645,12.9561,4.9
-1,1567.44,21.0244,0.184978,7.42931,621.834,46.1662,161.663,613.088,0,13.1289,69.9645,12.9561,3.43
-2,1493.23,19.9885,0.168353,7.5113,575.962,48.6549,161.65,583.156,0,13.1589,69.907,13.0743,3.43
3,1493.23,19.9885,0.168353,7.5113,575.962,48.6549,161.65,583.156,0,13.1589,69.907,13.0743,3.43
0,1751.61,25.3717,0.230098,7.423,793.236,45.9526,161.391,621.988,0,13.1269,69.9337,12.9559,3.43
-1,1751.61,25.3717,0.230098,7.423,793.236,45.9526,161.391,621.988,0,13.1269,69.9337,12.9559,7
-2,1643.17,22.47,0.160159,7.19117,676.921,47.9643,166.777,624.954,0,13.0552,70.6276,13.0496,7
1,1643.17,22.47,0.160159,7.19117,676.921,47.9643,166.777,624.954,0,13.0552,70.6276,13.0496,7
-1,1643.17,22.47,0.160159,7.19117,676.921,47.9643,166.777,624.954,0,13.0552,70.6276,13.0496,4.9
-2,1580.26,21.1627,0.14114,7.2114,625.63,50.1447,168.163,610.829,0,13.0648,70.7815,13.1272,4.9
2,1580.26,21.1627,0.14114,7.2114,625.63,50.1447,168.163,610.829,0,13.0648,70.7815,13.1272,4.9
-1,1580.26,21.1627,0.14114,7.2114,625.63,50.1447,168.163,610.829,0,13.0648,70.7815,13.1272,3.43
-2,1515.59,20.3782,0.143756,7.33525,585.082,52.8059,165.578,587.544,0,13.1063,70.3688,13.2458,3.43
3,1515.59,20.3782,0.143756,7.33525,585.082,52.8059,165.578,587.544,0,13.1063,70.3688,13.2458,3.43
-1,1515.59,20.3782,0.143756,7.33525,585.082,52.8059,165.578,587.544,0,13.1063,70.3688,13.2458,2.401
-2,1441.9,19.6399,0.148239,7.57405,544.646,55.984,161.09,556.55,0,13.1862,69.7307,13.3551,2.401
4,1441.9,19.6399,0.148239,7.57405,544.646,55.984,161.09,556.55,0,13.1862,69.7307,13.3551,2.401
-1,1441.9,19.6399,0.148239,7.57405,544.646,55.984,161.09,556.55,0,13.1862,69.7307,13.3551,1.6807
-2,1355.74,18.3716,0.157367,7.90534,493.056,59.6481,156.958,523.729,0,13.2998,69.1668,13.444,1.6807
5,1355.74,18.3716,0.157367,7.90534,493.056,59.6481,156.958,523.729,0,13.2998,69.1668,13.444,1.6807
-1,1355.74,18.3716,0.157367,7.90534,493.056,59.6481,156.958,523.729,0,13.2998,69.1668,13.444,1.17649
-2,1271.38,16.9138,0.152968,8.23555,442.501,63.8036,154.31,489.732,0,13.4197,68.8212,13.4916,1.17649
6,1271.38,16.9138,0.152968,8.23555,442.501,63.8036,154.31,489.732,0,13.4197,68.8212,13.4916,1.17649
-1,1271.38,16.9138,0.152968,8.23555,442.501,63.8036,154.31,489.732,0,13.4197,68.8212,13.4916,0.823543
-2,1193.66,15.3882,0.135039,8.37808,393.715,68.3213,152.622,459.501,0,13.4767,68.5832,13.5378,0.823543
7,1193.66,15.3882,0.135039,8.37808,393.715,68.3213,152.622,459.501,0,13.4767,68.5832,13.5378,0.823543
-1,1193.66,15.3882,0.135039,8.37808,393.715,68.3213,152.622,459.501,0,13.4767,68.5832,13.5378,0.57648
-2,1119.74,14.5281,0.110389,8.24687,344.799,73.066,150.545,433.074,0,13.4317,68.2838,13.6535,0.57648
8,1119.74,14.5281,0.110389,8.24687,344.799,73.066,150.545,433.074,0,13.4317,68.2838,13.6535,0.57648
-1,1119.74,14.5281,0.110389,8.24687,344.799,73.066,150.545,433.074,0,13.4317,68.2838,13.6535,0.403536
-2,1059.76,13.2831,0.0869495,7.88481,309.449,77.7433,147.486,408.76,0,13.2991,67.8661,13.8985,0.403536
9,1059.76,13.2831,0.0869495,7.88481,309.449,77.7433,147.486,408.76,0,13.2991,67.8661,13.8985,0.403536
0,1235.37,15.7633,0.146528,8.46932,395.105,73.1517,150.133,497.205,0,13.5083,68.2366,13.653,0.403536
-1,1235.37,15.7633,0.146528,8.46932,395.105,73.1517,150.133,497.205,0,13.5083,68.2366,13.653,7
-2,1168.22,14.9659,0.125926,8.45613,364.633,76.6461,150.781,456.997,0,13.5075,68.3494,13.755,7
1,1168.22,14.9659,0.125926,8.45613,364.633,76.6461,150.781,456.997,0,13.5075,68.3494,13.755,7
0,1369.21,17.9031,0.203117,8.69998,478.4,73.2287,149.629,545.725,0,13.5873,68.1788,13.6528,7
-1,1369.21,17.9031,0.203117,8.69998,478.4,73.2287,149.629,545.725,0,13.5873,68.1788,13.6528,7
-2,1290.7,17.0054,0.178099,8.79354,439.239,76.8592,151.304,501.508,0,13.6272,68.4336,13.7547,7
1,1290.7,17.0054,0.178099,8.79354,439.239,76.8592,151.304,501.508,0,13.6272,68.4336,13.7547,7
0,1530.19,21.346,0.283126,8.93807,611.92,73.2994,149.118,569.842,0,13.6685,68.1202,13.6525,7
-1,1530.19,21.346,0.283126,8.93807,611.92,73.2994,149.118,569.842,0,13.6685,68.1202,13.6525,7
-2,1427.7,19.4471,0.231672,8.85535,538.795,77.1323,151.021,536.411,0,13.6408,68.406,13.757,7
1,1427.7,19.4471,0.231672,8.85535,538.795,77.1323,151.021,536.411,0,13.6408,68.406,13.757,7
-1,1427.7,19.4471,0.231672,8.85535,538.795,77.1323,151.021,536.411,0,13.6408,68.406,13.757,4.9
-2,1344.79,17.7896,0.196916,8.94684,486.35,81.4873,151.881,502.07,0,13.6815,68.5165,13.8706,4.9
2,1344.79,17.7896,0.196916,8.94684,486.35,81.4873,151.881,502.07,0,13.6815,68.5165,13.8706,4.9
-1,1344.79,17.7896,0.196916,8.94684,486.35,81.4873,151.881,502.07,0,13.6815,68.5165,13.8706,3.43
-2,1259.89,16.3454,0.16856,8.9635,427.302,86.3727,151.328,473.301,0,13.6946,68.4005,14.015,3.43
3,1259.89,16.3454,0.16856,8.9635,427.302,86.3727,151.328,473.301,0,13.6946,68.4005,14.015,3.43
-1,1259.89,16.3454,0.16856,8.9635,427.302,86.3727,151.328,473.301,0,13.6946,68.4005,14.015,2.401
-2,1184.07,15.4029,0.136275,8.83453,376.352,91.6193,149.933,445.811,0,13.6524,68.1834,14.1398,2.401
4,1184.07,15.4029,0.136275,8.83453,376.352,91.6193,149.933,445.811,0,13.6524,68.1834,14.1398,2.401
-1,1184.07,15.4029,0.136275,8.83453,376.352,91.6193,149.933,445.811,0,13.6524,68.1834,14.1398,1.6807
-2,1118.08,14.0912,0.104504,8.49617,334.433,96.9552,147.39,420.994,0,13.5288,67.8189,14.2691,1.6807
5,1118.08,14.0912,0.104504,8.49617,334.433,96.9552,147.39,420.994,0,13.5288,67.8189,14.2691,1.6807
-1,1118.08,14.0912,0.104504,8.49617,334.433,96.9552,147.39,420.994,0,13.5288,67.8189,14.2691,1.17649
-2,1066.91,13.2143,0.0792917,7.99479,304.896,102.08,143.59,399.932,0,13.3447,67.2924,14.4852,1.17649
6,1066.91,13.2143,0.0792917,7.99479,304.896,102.08,143.59,399.932,0,13.3447,67.2924,14.4852,1.17649
-1,1066.91,13.2143,0.0792917,7.99479,304.896,102.08,143.59,399.932,0,13.3447,67.2924,14.4852,0.823543
-2,1030.84,12.7616,0.0630699,7.48031,286.022,106.629,139.414,383.814,0,13.1597,66.7312,14.7606,0.823543
7,1030.84,12.7616,0.0630699,7.48031,286.022,106.629,139.414,383.814,0,13.1597,66.7312,14.7606,0.823543
0,1164.39,13.6277,0.0957708,8.22633,323.611,102.319,143.161,478.202,0,13.4229,67.2434,14.4852,0.823543
-1,1164.39,13.6277,0.0957708,8.22633,323.611,102.319,143.161,478.202,0,13.4229,67.2434,14.4852,7
-2,1110.93,13.1701,0.0815617,8.06051,310.364,106.346,142.52,435.248,0,13.3656,67.1681,14.6008,7
1,1110.93,13.1701,0.0815617,8.06051,310.364,106.346,142.52,435.248,0,13.3656,67.1681,14.6008,7
0,1292.64,14.4432,0.125123,8.46125,356.292,102.556,142.83,572.735,0,13.5021,67.2057,14.485,7
-1,1292.64,14.4432,0.125123,8.46125,356.292,102.556,142.83,572.735,0,13.5021,67.2057,14.485,7
-2,1219.49,14.0979,0.11588,8.57556,347.107,106.838,144.109,503.138,0,13.5489,67.3845,14.5789,7
1,1219.49,14.0979,0.11588,8.57556,347.107,106.838,144.109,503.138,0,13.5489,67.3845,14.5789,7
0,1430.65,15.8315,0.171855,8.69768,412.901,102.788,142.607,652.402,0,13.5816,67.1804,14.4847,7
-1,1430.65,15.8315,0.171855,8.69768,412.901,102.788,142.607,652.402,0,13.5816,67.1804,14.4847,7
-2,1344.96,15.6936,0.165018,8.94485,406.385,107.125,144.764,566.151,0,13.6785,67.4755,14.5742,7
1,1344.96,15.6936,0.165018,8.94485,406.385,107.125,144.764,566.151,0,13.6785,67.4755,14.5742,7
-1,1344.96,15.6936,0.165018,8.94485,406.385,107.125,144.764,566.151,0,13.6785,67.4755,14.5742,4.9
-2,1267.53,15.4134,0.148327,9.05412,382.312,112.189,145.702,506.724,0,13.7265,67.5822,14.6754,4.9
2,1267.53,15.4134,0.148327,9.05412,382.312,112.189,145.702,506.724,0,13.7265,67.5822,14.6754,4.9
0,1482.75,17.9316,0.228757,9.20311,491.388,107.367,144.633,616.201,0,13.7662,67.4607,14.5741,4.9
-1,1482.75,17.9316,0.228757,9.20311,491.388,107.367,144.633,616.201,0,13.7662,67.4607,14.5741,7
-2,1398.48,17.3473,0.202688,9.33907,464.108,112.148,146.457,552.689,0,13.8232,67.7052,14.658,7
1,1398.48,17.3473,0.202688,9.33907,464.108,112.148,146.457,552.689,0,13.8232,67.7052,14.658,7
0,1646.6,21.3566,0.311335,9.46052,628.002,107.603,144.569,639.421,0,13.8535,67.4535,14.5734,7
-1,1646.6,21.3566,0.311335,9.46052,628.002,107.603,144.569,639.421,0,13.8535,67.4535,14.5734,7
-2,1539.85,20.0313,0.253834,9.31452,564.894,112.594,146.549,590.029,0,13.8024,67.7174,14.6603,7
1,1539.85,20.0313,0.253834,9.31452,564.894,112.594,146.549,590.029,0,13.8024,67.7174,14.6603,7
0,1867.69,26.4861,0.414485,9.71668,835.986,107.827,144.546,646.744,0,13.9404,67.451,14.5728,7
-1,1867.69,26.4861,0.414485,9.71668,835.986,107.827,144.546,646.744,0,13.9404,67.451,14.5728,7
-2,1696.58,22.6728,0.274162,8.98368,681.15,113.063,147.393,626.885,0,13.6745,67.8153,14.668,7
1,1696.58,22.6728,0.274162,8.98368,681.15,113.063,147.393,626.885,0,13.6745,67.8153,14.668,7
-1,1696.58,22.6728,0.274162,8.98368,681.15,113.063,147.393,626.885,0,13.6745,67.8153,14.668,4.9
-2,1594.08,20.775,0.222985,8.9521,607.454,118.741,149.191,592.293,0,13.6692,68.0174,14.7621,4.9
2,1594.08,20.775,0.222985,8.9521,607.454,118.741,149.191,592.293,0,13.6692,68.0174,14.7621,4.9
-1,1594.08,20.775,0.222985,8.9521,607.454,118.741,149.191,592.293,0,13.6692,68.0174,14.7621,3.43
-2,1497.74,19.4104,0.210632,9.15749,542.995,125.207,148.617,555.609,0,13.7472,67.9017,14.8879,3.43
3,1497.74,19.4104,0.210632,9.15749,542.995,125.207,148.617,555.609,0,13.7472,67.9017,14.8879,3.43
-1,1497.74,19.4104,0.210632,9.15749,542.995,125.207,148.617,555.609,0,13.7472,67.9017,14.8879,2.401
-2,1405.04,17.9895,0.191059,9.42766,483.079,132.339,147.441,517.993,0,13.8531,67.727,14.9992,2.401
4,1405.04,17.9895,0.191059,9.42766,483.079,132.339,147.441,517.993,0,13.8531,67.727,14.9992,2.401
-1,1405.04,17.9895,0.191059,9.42766,483.079,132.339,147.441,517.993,0,13.8531,67.727,14.9992,1.6807
-2,1318.56,16.4504,0.171685,9.54986,425.235,139.781,146.321,484.493,0,13.9082,67.572,15.0808,1.6807
5,1318.56,16.4504,0.171685,9.54986,425.235,139.781,146.321,484.493,0,13.9082,67.572,15.0808,1.6807
-1,1318.56,16.4504,0.171685,9.54986,425.235,139.781,146.321,484.493,0,13.9082,67.572,15.0808,1.17649
-2,1241.75,15.0907,0.137898,9.43188,373.863,147.373,144.798,454.675,0,13.8709,67.3582,15.156,1.17649
6,1241.75,15.0907,0.137898,9.43188,373.863,147.373,144.798,454.675,0,13.8709,67.3582,15.156,1.17649
-1,1241.75,15.0907,0.137898,9.43188,373.863,147.373,144.798,454.675,0,13.8709,67.3582,15.156,0.823543
-2,1177.42,13.51,0.106173,9.02051,333.104,154.789,142.14,428.723,0,13.7171,66.9958,15.3103,0.823543
7,1177.42,13.51,0.106173,9.02051,333.104,154.789,142.14,428.723,0,13.7171,66.9958,15.3103,0.823543
-1,1177.42,13.51,0.106173,9.02051,333.104,154.789,142.14,428.723,0,13.7171,66.9958,15.3103,0.57648
-2,1126.09,13.1559,0.0790238,8.43914,301.496,161.639,138.346,407.33,0,13.5001,66.4882,15.6162,0.57648
8,1126.09,13.1559,0.0790238,8.43914,301.496,161.639,138.346,407.33,0,13.5001,66.4882,15.6162,0.57648
-1,1126.09,13.1559,0.0790238,8.43914,301.496,161.639,138.346,407.33,0,13.5001,66.4882,15.6162,0.403536
-2,1091.6,13.0067,0.0631722,7.87943,282.861,167.391,134.719,390.401,0,13.2966,66.0265,15.9579,0.403536
9,1091.6,13.0067,0.0631722,7.87943,282.861,167.391,134.719,390.401,0,13.2966,66.0265,15.9579,0.403536
0,1218.13,13.6324,0.0946423,8.68931,318.434,162.304,138.342,480.941,0,13.5846,66.4878,15.6156,0.403536
-1,1218.13,13.6324,0.0946423,8.68931,318.434,162.304,138.342,480.941,0,13.5846,66.4878,15.6156,7
-2,1166.94,13.2354,0.0810725,8.48547,306.067,167.416,137.755,438.205,0,13.5127,66.4295,15.7542,7
1,1166.94,13.2354,0.0810725,8.48547,306.067,167.416,137.755,438.205,0,13.5127,66.4295,15.7542,7
0,1340.32,14.3444,0.122408,8.93821,346.561,162.957,138.343,573.284,0,13.6687,66.4879,15.615,7
-1,1340.32,14.3444,0.122408,8.93821,346.561,162.957,138.343,573.284,0,13.6687,66.4879,15.615,7
-2,1267.69,13.8732,0.111801,9.04119,337.732,168.502,139.563,502.76,0,13.7118,66.664,15.7277,7
1,1267.69,13.8732,0.111801,9.04119,337.732,168.502,139.563,502.76,0,13.7118,66.664,15.7277,7
0,1474.7,15.6238,0.166489,9.18592,393.48,163.596,138.342,658.456,0,13.7524,66.4877,15.614,7
-1,1474.7,15.6238,0.166489,9.18592,393.48,163.596,138.342,658.456,0,13.7524,66.4877,15.614,7
-2,1386.81,15.3561,0.157131,9.49423,389.311,169.288,140.577,566.246,0,13.874,66.7952,15.7168,7
1,1386.81,15.3561,0.157131,9.49423,389.311,169.288,140.577,566.246,0,13.874,66.7952,15.7168,7
-1,1386.81,15.3561,0.157131,9.49423,389.311,169.288,140.577,566.246,0,13.874,66.7952,15.7168,4.9
-2,1310.08,15.0206,0.139932,9.55351,366.424,175.806,141.461,505.035,0,13.904,66.9106,15.8208,4.9
2,1310.08,15.0206,0.139932,9.55351,366.424,175.806,141.461,505.035,0,13.904,66.9106,15.8208,4.9
0,1518.4,17.1271,0.213996,9.77294,459.721,169.919,140.572,624.596,0,13.9696,66.7946,15.7163,4.9
-1,1518.4,17.1271,0.213996,9.77294,459.721,169.919,140.572,624.596,0,13.9696,66.7946,15.7163,7
-2,1432.64,17.0603,0.195095,9.95543,436.199,176.076,142.503,553.735,0,14.0466,67.0638,15.801,7
1,1432.64,17.0603,0.195095,9.95543,436.199,176.076,142.503,553.735,0,14.0466,67.0638,15.801,7
0,1666.41,19.928,0.288634,10.0504,571.426,170.537,140.562,657.049,0,14.0646,66.7936,15.715,7
-1,1666.41,19.928,0.288634,10.0504,571.426,170.537,140.562,657.049,0,14.0646,66.7936,15.715,7
-2,1566.2,19.5101,0.247688,10.0799,526.951,176.948,142.699,592.795,0,14.0809,67.0906,15.8012,7
1,1566.2,19.5101,0.247688,10.0799,526.951,176.948,142.699,592.795,0,14.0809,67.0906,15.8012,7
0,1852.45,24.2011,0.386982,10.3266,739.201,171.134,140.55,669.982,0,14.1592,66.7922,15.7137,7
-1,1852.45,24.2011,0.386982,10.3266,739.201,171.134,140.55,669.982,0,14.1592,66.7922,15.7137,7
-2,1713.54,22.03,0.286923,9.91479,636.594,177.908,143.105,626.755,0,14.0069,67.1396,15.803,7
1,1713.54,22.03,0.286923,9.91479,636.594,177.908,143.105,626.755,0,14.0069,67.1396,15.803,7
-1,1713.54,22.03,0.286923,9.91479,636.594,177.908,143.105,626.755,0,14.0069,67.1396,15.803,4.9
-2,1609.33,19.8581,0.244906,9.98318,571.019,185.529,144.468,580.975,0,14.0392,67.2915,15.9195,4.9
2,1609.33,19.8581,0.244906,9.98318,571.019,185.529,144.468,580.975,0,14.0392,67.2915,15.9195,4.9
-1,1609.33,19.8581,0.244906,9.98318,571.019,185.529,144.468,580.975,0,14.0392,67.2915,15.9195,3.43
-2,1512.69,18.6533,0.218152,10.1822,509.01,194.04,144.228,538.959,0,14.1225,67.2245,16.0567,3.43
3,1512.69,18.6533,0.218152,10.1822,509.01,194.04,144.228,538.959,0,14.1225,67.2245,16.0567,3.43
-1,1512.69,18.6533,0.218152,10.1822,509.01,194.04,144.228,538.959,0,14.1225,67.2245,16.0567,2.401
-2,1420.1,16.7013,0.194124,10.2976,446.073,203.02,143.75,502.563,0,14.1781,67.1453,16.1801,2.401
4,1420.1,16.7013,0.194124,10.2976,446.073,203.02,143.75,502.563,0,14.1781,67.1453,16.1801,2.401
-1,1420.1,16.7013,0.194124,10.2976,446.073,203.02,143.75,502.563,0,14.1781,67.1453,16.1801,1.6807
-2,1339.96,16.0724,0.155597,10.1677,391.598,212.208,142.472,469.893,0,14.1382,66.9703,16.2877,1.6807
5,1339.96,16.0724,0.155597,10.1677,391.598,212.208,142.472,469.893,0,14.1382,66.9703,16.2877,1.6807
-1,1339.96,16.0724,0.155597,10.1677,391.598,212.208,142.472,469.893,0,14.1382,66.9703,16.2877,1.17649
-2,1271.42,14.4192,0.122477,9.76241,346.521,221.202,140.327,441.982,0,13.9863,66.6819,16.4181,1.17649
6,1271.42,14.4192,0.122477,9.76241,346.521,221.202,140.327,441.982,0,13.9863,66.6819,16.4181,1.17649
-1,1271.42,14.4192,0.122477,9.76241,346.521,221.202,140.327,441.982,0,13.9863,66.6819,16.4181,0.823543
-2,1216.27,13.2246,0.0925486,9.14547,311.845,229.584,137.006,418.697,0,13.752,66.2429,16.6803,0.823543
7,1216.27,13.2246,0.0925486,9.14547,311.845,229.584,137.006,418.697,0,13.752,66.2429,16.6803,0.823543
-1,1216.27,13.2246,0.0925486,9.14547,311.845,229.584,137.006,418.697,0,13.752,66.2429,16.6803,0.57648
-2,1177.82,12.9012,0.0715018,8.50455,289.732,236.775,133.41,400.087,0,13.5147,65.7836,17.0426,0.57648
8,1177.82,12.9012,0.0715018,8.50455,289.732,236.775,133.41,400.087,0,13.5147,65.7836,17.0426,0.57648
0,1307.92,13.8126,0.11177,9.42258,333.176,230.519,136.996,487.11,0,13.8469,66.2418,16.68,0.57648
-1,1307.92,13.8126,0.11177,9.42258,333.176,230.519,136.996,487.11,0,13.8469,66.2418,16.68,7
-2,1253.53,13.3878,0.0907182,9.15868,315.602,236.932,136.218,445.4,0,13.7509,66.1544,16.8349,7
1,1253.53,13.3878,0.0907182,9.15868,315.602,236.932,136.218,445.4,0,13.7509,66.1544,16.8349,7
0,1423.83,14.6884,0.144144,9.69835,367.245,231.442,136.986,566.764,0,13.9413,66.2407,16.6794,7
-1,1423.83,14.6884,0.144144,9.69835,367.245,231.442,136.986,566.764,0,13.9413,66.2407,16.6794,7
-2,1351.57,14.4392,0.124379,9.74684,351.792,238.369,137.818,502.144,0,13.9649,66.3598,16.8124,7
1,1351.57,14.4392,0.124379,9.74684,351.792,238.369,137.818,502.144,0,13.9649,66.3598,16.8124,7
0,1551.95,16.0646,0.189868,9.97276,422.672,232.349,136.98,636.764,0,14.0352,66.24,16.6782,7
-1,1551.95,16.0646,0.189868,9.97276,422.672,232.349,136.98,636.764,0,14.0352,66.24,16.6782,7
-2,1465.38,15.8047,0.172433,10.2117,407.022,239.517,138.701,556.537,0,14.1332,66.4732,16.803,7
1,1465.38,15.8047,0.172433,10.2117,407.022,239.517,138.701,556.537,0,14.1332,66.4732,16.803,7
0,1687.81,18.3262,0.255455,10.2458,508.839,233.233,136.978,682.885,0,14.1285,66.2397,16.6766,7
-1,1687.81,18.3262,0.255455,10.2458,508.839,233.233,136.978,682.885,0,14.1285,66.2397,16.6766,7
-2,1591.25,17.9123,0.225161,10.4728,485.199,240.66,139.052,600.19,0,14.221,66.5192,16.801,7
1,1591.25,17.9123,0.225161,10.4728,485.199,240.66,139.052,600.19,0,14.221,66.5192,16.801,7
0,1846.16,21.6142,0.338529,10.5174,639.945,234.09,136.978,705.541,0,14.2213,66.2398,16.6749,7
-1,1846.16,21.6142,0.338529,10.5174,639.945,234.09,136.978,705.541,0,14.2213,66.2398,16.6749,7
-2,1729.27,20.6193,0.276275,10.4435,582.778,241.83,139.299,636.476,0,14.1963,66.5494,16.8012,7
1,1729.27,20.6193,0.276275,10.4435,582.778,241.83,139.299,636.476,0,14.1963,66.5494,16.8012,7
0,2051.77,26.4301,0.440442,10.7877,831.18,234.919,136.977,713.807,0,14.3136,66.2397,16.673,7
-1,2051.77,26.4301,0.440442,10.7877,831.18,234.919,136.977,713.807,0,14.3136,66.2397,16.673,7
-2,1881,23.4798,0.299921,10.1239,693.953,242.991,140.229,672.387,0,14.069,66.6576,16.8067,7
1,1881,23.4798,0.299921,10.1239,693.953,242.991,140.229,672.387,0,14.069,66.6576,16.8067,7
-1,1881,23.4798,0.299921,10.1239,693.953,242.991,140.229,672.387,0,14.069,66.6576,16.8067,4.9
-2,1766.32,21.3982,0.257305,10.1918,619.347,251.891,142.382,622.889,0,14.1009,66.9239,16.9373,4.9
2,1766.32,21.3982,0.257305,10.1918,619.347,251.891,142.382,622.889,0,14.1009,66.9239,16.9373,4.9
-1,1766.32,21.3982,0.257305,10.1918,619.347,251.891,142.382,622.889,0,14.1009,66.9239,16.9373,3.43
-2,1660.81,19.3229,0.233151,10.4516,553.404,261.925,142.391,574.885,0,14.2038,66.9179,17.0761,3.43
3,1660.81,19.3229,0.233151,10.4516,553.404,261.925,142.391,574.885,0,14.2038,66.9179,17.0761,3.43
-1,1660.81,19.3229,0.233151,10.4516,553.404,261.925,142.391,574.885,0,14.2038,66.9179,17.0761,2.401
-2,1562.93,17.8355,0.210551,10.7238,489.685,272.667,141.494,531.98,0,14.3174,66.7891,17.2259,2.401
4,1562.93,17.8355,0.210551,10.7238,489.685,272.667,141.494,531.98,0,14.3174,66.7891,17.2259,2.401
-1,1562.93,17.8355,0.210551,10.7238,489.685,272.667,141.494,531.98,0,14.3174,66.7891,17.2259,1.6807
-2,1470.95,16.074,0.184972,10.7821,425.906,283.753,140.327,495.556,0,14.3524,66.6218,17.3917,1.6807
5,1470.95,16.074,0.184972,10.7821,425.906,283.753,140.327,495.556,0,14.3524,66.6218,17.3917,1.6807
-1,1470.95,16.074,0.184972,10.7821,425.906,283.753,140.327,495.556,0,14.3524,66.6218,17.3917,1.17649
-2,1391.77,15.3145,0.144215,10.5195,370.867,294.645,138.711,463.356,0,14.2588,66.4083,17.5479,1.17649
6,1391.77,15.3145,0.144215,10.5195,370.867,294.645,138.711,463.356,0,14.2588,66.4083,17.5479,1.17649
-1,1391.77,15.3145,0.144215,10.5195,370.867,294.645,138.711,463.356,0,14.2588,66.4083,17.5479,0.823543
-2,1327.45,13.6733,0.112812,9.96795,328.828,304.684,136.274,435.985,0,14.0481,66.1054,17.7712,0.823543
7,1327.45,13.6733,0.112812,9.96795,328.828,304.684,136.274,435.985,0,14.0481,66.1054,17.7712,0.823543
-1,1327.45,13.6733,0.112812,9.96795,328.828,304.684,136.274,435.985,0,14.0481,66.1054,17.7712,0.57648
-2,1279.86,13.31,0.0843019,9.27005,299.5,313.537,133.133,413.427,0,13.7842,65.7201,18.09,0.57648
8,1279.86,13.31,0.0843019,9.27005,299.5,313.537,133.133,413.427,0,13.7842,65.7201,18.09,0.57648
-1,1279.86,13.31,0.0843019,9.27005,299.5,313.537,133.133,413.427,0,13.7842,65.7201,18.09,0.403536
-2,1248.28,12.8419,0.0680791,8.63628,282.378,320.645,130.22,396.131,0,13.5521,65.3778,18.432,0.403536
9,1248.28,12.8419,0.0680791,8.63628,282.378,320.645,130.22,396.131,0,13.5521,65.3778,18.432,0.403536
0,1363.34,13.6341,0.0973509,9.53397,314.35,314.723,133.122,480.194,0,13.874,65.719,18.0897,0.403536
-1,1363.34,13.6341,0.0973509,9.53397,314.35,314.723,133.122,480.194,0,13.874,65.719,18.0897,7
-2,1314.99,13.6045,0.0805544,9.23417,301.382,321.511,132.495,439.014,0,13.7661,65.6705,18.2322,7
1,1314.99,13.6045,0.0805544,9.23417,301.382,321.511,132.495,439.014,0,13.7661,65.6705,18.2322,7
0,1475.62,14.2352,0.12009,9.79673,337.606,315.895,133.093,567.11,0,13.9634,65.7157,18.0888,7
-1,1475.62,14.2352,0.12009,9.79673,337.606,315.895,133.093,567.11,0,13.9634,65.7157,18.0888,7
-2,1403.79,14.3378,0.10835,9.81535,325.836,323.449,133.953,498.258,0,13.9756,65.8548,18.2021,7
1,1403.79,14.3378,0.10835,9.81535,325.836,323.449,133.953,498.258,0,13.9756,65.8548,18.2021,7
0,1603.57,15.2627,0.156778,10.0583,374.254,317.044,133.032,655.918,0,14.0523,65.7088,18.0867,7
-1,1603.57,15.2627,0.156778,10.0583,374.254,317.044,133.032,655.918,0,14.0523,65.7088,18.0867,7
-2,1512.3,14.9786,0.146699,10.3557,367.267,324.911,134.91,561.395,0,14.1726,65.9749,18.1846,7
1,1512.3,14.9786,0.146699,10.3557,367.267,324.911,134.91,561.395,0,14.1726,65.9749,18.1846,7
-1,1512.3,14.9786,0.146699,10.3557,367.267,324.911,134.91,561.395,0,14.1726,65.9749,18.1846,4.9
-2,1441.01,14.3773,0.129876,10.3068,349.543,333.753,135.29,499.116,0,14.1617,66.0195,18.3138,4.9
2,1441.01,14.3773,0.129876,10.3068,349.543,333.753,135.29,499.116,0,14.1617,66.0195,18.3138,4.9
0,1635.73,16.2762,0.193522,10.6521,419.054,325.994,134.817,630.326,0,14.275,65.9644,18.1831,4.9
-1,1635.73,16.2762,0.193522,10.6521,419.054,325.994,134.817,630.326,0,14.275,65.9644,18.1831,7
-2,1552.03,15.5162,0.176603,10.8492,404.853,334.433,136.377,551.004,0,14.3608,66.1723,18.285,7
1,1552.03,15.5162,0.176603,10.8492,404.853,334.433,136.377,551.004,0,14.3608,66.1723,18.285,7
0,1767.64,18.2756,0.255861,10.9466,499.455,327.046,134.65,678.511,0,14.3768,65.9455,18.1799,7
-1,1767.64,18.2756,0.255861,10.9466,499.455,327.046,134.65,678.511,0,14.3768,65.9455,18.1799,7
-2,1671.87,17.426,0.232624,11.1782,477.102,335.8,136.572,594.602,0,14.4757,66.1991,18.2804,7
1,1671.87,17.426,0.232624,11.1782,477.102,335.8,136.572,594.602,0,14.4757,66.1991,18.2804,7
0,1918.14,21.2824,0.335511,11.2386,619.873,328.052,134.396,704.39,0,14.4777,65.9167,18.1762,7
-1,1918.14,21.2824,0.335511,11.2386,619.873,328.052,134.396,704.39,0,14.4777,65.9167,18.1762,7
-2,1805.05,19.8144,0.282984,11.2336,570.572,337.18,136.485,630.531,0,14.4814,66.1908,18.2778,7
1,1805.05,19.8144,0.282984,11.2336,570.572,337.18,136.485,630.531,0,14.4814,66.1908,18.2778,7
-1,1805.05,19.8144,0.282984,11.2336,570.572,337.18,136.485,630.531,0,14.4814,66.1908,18.2778,4.9
-2,1699.99,18.7174,0.247803,11.383,512.57,347.689,137.499,572.615,0,14.5506,66.2972,18.4216,4.9
2,1699.99,18.7174,0.247803,11.383,512.57,347.689,137.499,572.615,0,14.5506,66.2972,18.4216,4.9
-1,1699.99,18.7174,0.247803,11.383,512.57,347.689,137.499,572.615,0,14.5506,66.2972,18.4216,3.43
-2,1605.72,17.0693,0.21443,11.4567,455.377,358.982,137.752,525.394,0,14.5939,66.3135,18.5703,3.43
3,1605.72,17.0693,0.21443,11.4567,455.377,358.982,137.752,525.394,0,14.5939,66.3135,18.5703,3.43
-1,1605.72,17.0693,0.21443,11.4567,455.377,358.982,137.752,525.394,0,14.5939,66.3135,18.5703,2.401
-2,1521.98,15.9737,0.174282,11.2786,400.058,370.634,137.148,487.232,0,14.5365,66.2252,18.7152,2.401
4,1521.98,15.9737,0.174282,11.2786,400.058,370.634,137.148,487.232,0,14.5365,66.2252,18.7152,2.401
-1,1521.98,15.9737,0.174282,11.2786,400.058,370.634,137.148,487.232,0,14.5365,66.2252,18.7152,1.6807
-2,1449.66,14.4176,0.138121,10.8112,351.783,381.983,135.47,455.827,0,14.3593,66.0023,18.8727,1.6807
5,1449.66,14.4176,0.138121,10.8112,351.783,381.983,135.47,455.827,0,14.3593,66.0023,18.8727,1.6807
-1,1449.66,14.4176,0.138121,10.8112,351.783,381.983,135.47,455.827,0,14.3593,66.0023,18.8727,1.17649
-2,1396.1,13.8985,0.101921,10.1239,318.347,392.371,132.862,429.518,0,14.0948,65.6795,19.1043,1.17649
6,1396.1,13.8985,0.101921,10.1239,318.347,392.371,132.862,429.518,0,14.0948,65.6795,19.1043,1.17649
-1,1396.1,13.8985,0.101921,10.1239,318.347,392.371,132.862,429.518,0,14.0948,65.6795,19.1043,0.823543
-2,1355.94,12.8774,0.0785126,9.39491,294.063,401.311,129.65,410.017,0,13.8203,65.27,19.4569,0.823543
7,1355.94,12.8774,0.0785126,9.39491,294.063,401.311,129.65,410.017,0,13.8203,65.27,19.4569,0.823543
0,1484.22,14.4669,0.121258,10.4234,341.191,393.406,132.567,493.093,0,14.1988,65.6459,19.104,0.823543
-1,1484.22,14.4669,0.121258,10.4234,341.191,393.406,132.567,493.093,0,14.1988,65.6459,19.104,7
-2,1427.14,13.4647,0.101526,10.0743,318.758,401.699,131.658,452.515,0,14.0689,65.5361,19.2638,7
1,1427.14,13.4647,0.101526,10.0743,318.758,401.699,131.658,452.515,0,14.0689,65.5361,19.2638,7
-1,1427.14,13.4647,0.101526,10.0743,318.758,401.699,131.658,452.515,0,14.0689,65.5361,19.2638,4.9
-2,1385.58,13.4321,0.0808841,9.54848,300.58,409.806,129.654,423.853,0,13.8758,65.2812,19.4692,4.9
2,1385.58,13.4321,0.0808841,9.54848,300.58,409.806,129.654,423.853,0,13.8758,65.2812,19.4692,4.9
-1,1385.58,13.4321,0.0808841,9.54848,300.58,409.806,129.654,423.853,0,13.8758,65.2812,19.4692,3.43
-2,1355.88,12.3609,0.0704101,9.02295,287.277,416.936,127.372,404.47,0,13.6873,64.9933,19.6948,3.43
3,1355.88,12.3609,0.0704101,9.02295,287.277,416.936,127.372,404.47,0,13.6873,64.9933,19.6948,3.43
0,1473.32,13.6538,0.0915821,9.78731,311.775,410.65,129.315,499.384,0,13.9567,65.2426,19.4688,3.43
-1,1473.32,13.6538,0.0915821,9.78731,311.775,410.65,129.315,499.384,0,13.9567,65.2426,19.4688,7
-2,1422.48,13.4501,0.0807599,9.53669,300.95,418.378,128.659,452.781,0,13.8687,65.1701,19.6028,7
1,1422.48,13.4501,0.0807599,9.53669,300.95,418.378,128.659,452.781,0,13.8687,65.1701,19.6028,7
0,1592.56,14.0907,0.110703,10.0199,329.669,411.476,128.93,599.559,0,14.0356,65.1986,19.4671,7
-1,1592.56,14.0907,0.110703,10.0199,329.669,411.476,128.93,599.559,0,14.0356,65.1986,19.4671,7
-2,1514.21,14.1107,0.102658,10.0747,321.935,420.003,129.521,519.539,0,14.0616,65.2809,19.5782,7
1,1514.21,14.1107,0.102658,10.0747,321.935,420.003,129.521,519.539,0,14.0616,65.2809,19.5782,7
0,1728.95,14.8726,0.142274,10.2446,358.323,412.262,128.56,705.81,0,14.112,65.1564,19.4656,7
-1,1728.95,14.8726,0.142274,10.2446,358.323,412.262,128.56,705.81,0,14.112,65.1564,19.4656,7
-2,1625.6,14.6453,0.136144,10.5756,357.316,421.086,130.043,592.643,0,14.2438,65.3485,19.5643,7
1,1625.6,14.6453,0.136144,10.5756,357.316,421.086,130.043,592.643,0,14.2438,65.3485,19.5643,7
-1,1625.6,14.6453,0.136144,10.5756,357.316,421.086,130.043,592.643,0,14.2438,65.3485,19.5643,4.9
-2,1548.24,14.3301,0.125072,10.5756,342.337,430.865,130.503,520.153,0,14.2527,65.4037,19.6939,4.9
2,1548.24,14.3301,0.125072,10.5756,342.337,430.865,130.503,520.153,0,14.2527,65.4037,19.6939,4.9
0,1752.34,15.791,0.178129,10.8307,401.049,421.78,129.754,673.743,0,14.3325,65.3156,19.5639,4.9
-1,1752.34,15.791,0.178129,10.8307,401.049,421.78,129.754,673.743,0,14.3325,65.3156,19.5639,7
-2,1659.62,15.312,0.169052,11.0857,392.102,431.077,131.282,578.967,0,14.4409,65.5164,19.6694,7
1,1659.62,15.312,0.169052,11.0857,392.102,431.077,131.282,578.967,0,14.4409,65.5164,19.6694,7
0,1883.03,17.5124,0.234489,11.0762,469.308,422.454,129.579,733.587,0,14.4181,65.2958,19.5624,7
-1,1883.03,17.5124,0.234489,11.0762,469.308,422.454,129.579,733.587,0,14.4181,65.2958,19.5624,7
-2,1778.89,17.2227,0.222706,11.3908,457.649,432.011,131.479,629.158,0,14.5496,65.5435,19.6674,7
1,1778.89,17.2227,0.222706,11.3908,457.649,432.011,131.479,629.158,0,14.5496,65.5435,19.6674,7
0,2023.93,20.0865,0.306951,11.3131,572.121,423.09,129.52,768.144,0,14.501,65.2893,19.5596,7
-1,2023.93,20.0865,0.306951,11.3131,572.121,423.09,129.52,768.144,0,14.501,65.2893,19.5596,7
-2,1909.47,19.4672,0.272773,11.4373,544.141,432.926,131.609,669.833,0,14.5558,65.5605,19.6673,7
1,1909.47,19.4672,0.272773,11.4373,544.141,432.926,131.609,669.833,0,14.5558,65.5605,19.6673,7
0,2192.4,23.9412,0.40089,11.5442,720.189,423.673,129.521,783.704,0,14.5819,65.2893,19.5562,7
-1,2192.4,23.9412,0.40089,11.5442,720.189,423.673,129.521,783.704,0,14.5819,65.2893,19.5562,7
-2,2051.87,22.1827,0.312028,11.225,647.345,433.865,132.126,705.058,0,14.4658,65.6211,19.6689,7
1,2051.87,22.1827,0.312028,11.225,647.345,433.865,132.126,705.058,0,14.4658,65.6211,19.6689,7
0,2413.27,29.1055,0.509349,11.7736,929.567,424.196,129.467,789.155,0,14.6623,65.2832,19.5538,7
-1,2413.27,29.1055,0.509349,11.7736,929.567,424.196,129.467,789.155,0,14.6623,65.2832,19.5538,7
-2,2202.61,24.94,0.32485,10.7439,755.291,434.64,133.647,743.261,0,14.2862,65.7979,19.6817,7
1,2202.61,24.94,0.32485,10.7439,755.291,434.64,133.647,743.261,0,14.2862,65.7979,19.6817,7
-1,2202.61,24.94,0.32485,10.7439,755.291,434.64,133.647,743.261,0,14.2862,65.7979,19.6817,4.9
-2,2078.17,22.4532,0.266134,10.708,676.045,446.128,136.704,685.612,0,14.2834,66.1629,19.8104,4.9
2,2078.17,22.4532,0.266134,10.708,676.045,446.128,136.704,685.612,0,14.2834,66.1629,19.8104,4.9
-1,2078.17,22.4532,0.266134,10.708,676.045,446.128,136.704,685.612,0,14.2834,66.1629,19.8104,3.43
-2,1964.21,21.1071,0.246828,10.9978,606.494,459.34,136.431,629.136,0,14.394,66.0965,19.9724,3.43
3,1964.21,21.1071,0.246828,10.9978,606.494,459.34,136.431,629.136,0,14.394,66.0965,19.9724,3.43
-1,1964.21,21.1071,0.246828,10.9978,606.494,459.34,136.431,629.136,0,14.394,66.0965,19.9724,2.401
-2,1853.87,19.4098,0.235899,11.4032,536.684,473.605,134.903,577.047,0,14.5526,65.8882,20.1435,2.401
4,1853.87,19.4098,0.235899,11.4032,536.684,473.605,134.903,577.047,0,14.5526,65.8882,20.1435,2.401
-1,1853.87,19.4098,0.235899,11.4032,536.684,473.605,134.903,577.047,0,14.5526,65.8882,20.1435,1.6807
-2,1749.75,17.1865,0.212658,11.6699,466.309,488.06,133.665,531.956,0,14.6697,65.7322,20.2864,1.6807
5,1749.75,17.1865,0.212658,11.6699,466.309,488.06,133.665,531.956,0,14.6697,65.7322,20.2864,1.6807
-1,1749.75,17.1865,0.212658,11.6699,466.309,488.06,133.665,531.956,0,14.6697,65.7322,20.2864,1.17649
-2,1659.16,15.9865,0.181373,11.5859,402.316,502.133,132.499,493.779,0,14.6514,65.5882,20.4352,1.17649
6,1659.16,15.9865,0.181373,11.5859,402.316,502.133,132.499,493.779,0,14.6514,65.5882,20.4352,1.17649
-1,1659.16,15.9865,0.181373,11.5859,402.316,502.133,132.499,493.779,0,14.6514,65.5882,20.4352,0.823543
-2,1583.06,14.6935,0.142886,11.1277,349.374,515.333,130.749,461.185,0,14.4774,65.3723,20.6052,0.823543
7,1583.06,14.6935,0.142886,11.1277,349.374,515.333,130.749,461.185,0,14.4774,65.3723,20.6052,0.823543
-1,1583.06,14.6935,0.142886,11.1277,349.374,515.333,130.749,461.185,0,14.4774,65.3723,20.6052,0.57648
-2,1524.95,13.6697,0.105475,10.4106,311.448,526.963,128.305,433.885,0,14.1994,65.0856,20.8764,0.57648
8,1524.95,13.6697,0.105475,10.4106,311.448,526.963,128.305,433.885,0,14.1994,65.0856,20.8764,0.57648
-1,1524.95,13.6697,0.105475,10.4106,311.448,526.963,128.305,433.885,0,14.1994,65.0856,20.8764,0.403536
-2,1486.26,13.2098,0.0809241,9.63439,289.009,536.476,125.585,412.358,0,13.9061,64.7764,21.2214,0.403536
9,1486.26,13.2098,0.0809241,9.63439,289.009,536.476,125.585,412.358,0,13.9061,64.7764,21.2214,0.403536
0,1607.87,14.1727,0.124382,10.6757,333.062,527.848,128.085,493.673,0,14.2934,65.0606,20.8763,0.403536
-1,1607.87,14.1727,0.124382,10.6757,333.062,527.848,128.085,493.673,0,14.2934,65.0606,20.8763,7
-2,1553.18,13.8256,0.101291,10.2755,312.676,536.933,127.368,451.826,0,14.1441,64.9999,21.035,7
1,1553.18,13.8256,0.101291,10.2755,312.676,536.933,127.368,451.826,0,14.1441,64.9999,21.035,7
-1,1553.18,13.8256,0.101291,10.2755,312.676,536.933,127.368,451.826,0,14.1441,64.9999,21.035,4.9
-2,1515.89,13.196,0.081337,9.7088,297.926,545.711,125.556,423.761,0,13.9351,64.7753,21.2424,4.9
2,1515.89,13.196,0.081337,9.7088,297.926,545.711,125.556,423.761,0,13.9351,64.7753,21.2424,4.9
-1,1515.89,13.196,0.081337,9.7088,297.926,545.711,125.556,423.761,0,13.9351,64.7753,21.2424,3.43
-2,1488.4,12.8962,0.0681152,9.13949,283.9,553.594,123.308,405.78,0,13.7296,64.4846,21.5028,3.43
3,1488.4,12.8962,0.0681152,9.13949,283.9,553.594,123.308,405.78,0,13.7296,64.4846,21.5028,3.43
0,1596.99,13.4508,0.0913508,9.92247,307.357,546.365,125.105,494.728,0,14.0084,64.7238,21.2396,3.43
-1,1596.99,13.4508,0.0913508,9.92247,307.357,546.365,125.105,494.728,0,14.0084,64.7238,21.2396,7
-2,1548.65,12.9141,0.079592,9.6204,296.231,554.94,124.225,450.729,0,13.901,64.6118,21.398,7
1,1548.65,12.9141,0.079592,9.6204,296.231,554.94,124.225,450.729,0,13.901,64.6118,21.398,7
0,1708.62,13.788,0.107234,10.145,322.94,547.079,124.304,590.314,0,14.0845,64.6307,21.2287,7
-1,1708.62,13.788,0.107234,10.145,322.94,547.079,124.304,590.314,0,14.0845,64.6307,21.2287,7
-2,1633.05,13.634,0.0981954,10.1409,314.131,556.649,124.49,513.806,0,14.0883,64.6475,21.3625,7
1,1633.05,13.634,0.0981954,10.1409,314.131,556.649,124.49,513.806,0,14.0883,64.6475,21.3625,7
0,1839.62,14.3977,0.133693,10.3772,347.871,547.909,123.145,695.938,0,14.1633,64.4941,21.1876,7
-1,1839.62,14.3977,0.133693,10.3772,347.871,547.909,123.145,695.938,0,14.1633,64.4941,21.1876,7
-2,1736.95,14.3587,0.132075,10.6685,343.936,557.88,124.157,585.628,0,14.2804,64.6084,21.3032,7
1,1736.95,14.3587,0.132075,10.6685,343.936,557.88,124.157,585.628,0,14.2804,64.6084,21.3032,7
-1,1736.95,14.3587,0.132075,10.6685,343.936,557.88,124.157,585.628,0,14.2804,64.6084,21.3032,4.9
-2,1659.62,14.0313,0.115265,10.6102,326.95,568.77,124.34,514.465,0,14.2666,64.6202,21.4507,4.9
2,1659.62,14.0313,0.115265,10.6102,326.95,568.77,124.34,514.465,0,14.2666,64.6202,21.4507,4.9
0,1859.95,15.2508,0.166811,10.9473,380.755,558.861,122.765,671.183,0,14.3764,64.4428,21.2016,4.9
-1,1859.95,15.2508,0.166811,10.9473,380.755,558.861,122.765,671.183,0,14.3764,64.4428,21.2016,7
-2,1763.98,15.0425,0.15532,11.1746,369.543,569.275,123.928,574.498,0,14.4744,64.5805,21.3122,7
1,1763.98,15.0425,0.15532,11.1746,369.543,569.275,123.928,574.498,0,14.4744,64.5805,21.3122,7
-1,1763.98,15.0425,0.15532,11.1746,369.543,569.275,123.928,574.498,0,14.4744,64.5805,21.3122,4.9
-2,1687.87,14.484,0.137559,11.0558,346.155,580.634,124.057,510.868,0,14.4388,64.5824,21.4529,4.9
2,1687.87,14.484,0.137559,11.0558,346.155,580.634,124.057,510.868,0,14.4388,64.5824,21.4529,4.9
0,1882.63,16.2642,0.198234,11.4905,419.675,570.541,122.463,641.898,0,14.5847,64.4056,21.1135,4.9
-1,1882.63,16.2642,0.198234,11.4905,419.675,570.541,122.463,641.898,0,14.5847,64.4056,21.1135,7
-2,1793.07,15.5202,0.182881,11.6274,399.489,581.415,123.55,560.881,0,14.6511,64.5323,21.2163,7
1,1793.07,15.5202,0.182881,11.6274,399.489,581.415,123.55,560.881,0,14.6511,64.5323,21.2163,7
0,2008.76,18.2113,0.259723,11.8045,494.086,572.225,121.124,691.361,0,14.6943,64.2466,20.7532,7
-1,2008.76,18.2113,0.259723,11.8045,494.086,572.225,121.124,691.361,0,14.6943,64.2466,20.7532,7
-2,1907.16,17.1406,0.236597,12.0338,468.459,583.521,122.626,603.083,0,14.798,64.4223,20.8352,7
1,1907.16,17.1406,0.236597,12.0338,468.459,583.521,122.626,603.083,0,14.798,64.4223,20.8352,7
0,2150.7,21.0233,0.337227,12.1114,603.122,574.392,120.205,720.338,0,14.8016,64.1394,20.2296,7
-1,2150.7,21.0233,0.337227,12.1114,603.122,574.392,120.205,720.338,0,14.8016,64.1394,20.2296,7
-2,2033.07,19.6621,0.291802,12.1911,555.759,586.217,121.917,637.561,0,14.8429,64.3416,20.2888,7
1,2033.07,19.6621,0.291802,12.1911,555.759,586.217,121.917,637.561,0,14.8429,64.3416,20.2888,7
-1,2033.07,19.6621,0.291802,12.1911,555.759,586.217,121.917,637.561,0,14.8429,64.3416,20.2888,4.9
-2,1926.44,18.2208,0.251683,12.3101,498.896,599.583,122.784,574.716,0,14.9067,64.4051,20.3635,4.9
2,1926.44,18.2208,0.251683,12.3101,498.896,599.583,122.784,574.716,0,14.9067,64.4051,20.3635,4.9
-1,1926.44,18.2208,0.251683,12.3101,498.896,599.583,122.784,574.716,0,14.9067,64.4051,20.3635,3.43
-2,1830.16,17.1553,0.214229,12.2632,438.107,613.589,122.926,526.169,0,14.9067,64.3813,20.4489,3.43
3,1830.16,17.1553,0.214229,12.2632,438.107,613.589,122.926,526.169,0,14.9067,64.3813,20.4489,3.43
-1,1830.16,17.1553,0.214229,12.2632,438.107,613.589,122.926,526.169,0,14.9067,64.3813,20.4489,2.401
-2,1748.54,15.3646,0.170566,11.9262,384.7,627.569,122.157,487.078,0,14.7846,64.2542,20.5399,2.401
4,1748.54,15.3646,0.170566,11.9262,384.7,627.569,122.157,487.078,0,14.7846,64.2542,20.5399,2.401
-1,1748.54,15.3646,0.170566,11.9262,384.7,627.569,122.157,487.078,0,14.7846,64.2542,20.5399,1.6807
-2,1679.12,14.0847,0.130158,11.2811,337.846,640.835,120.227,455.534,0,14.5325,63.981,20.6718,1.6807
5,1679.12,14.0847,0.130158,11.2811,337.846,640.835,120.227,455.534,0,14.5325,63.981,20.6718,1.6807
-1,1679.12,14.0847,0.130158,11.2811,337.846,640.835,120.227,455.534,0,14.5325,63.981,20.6718,1.17649
-2,1630.09,13.1879,0.0962343,10.4652,307.784,652.444,117.521,429.834,0,14.2159,63.6299,20.9078,1.17649
6,1630.09,13.1879,0.0962343,10.4652,307.784,652.444,117.521,429.834,0,14.2159,63.6299,20.9078,1.17649
-1,1630.09,13.1879,0.0962343,10.4652,307.784,652.444,117.521,429.834,0,14.2159,63.6299,20.9078,0.823543
-2,1596.77,12.5728,0.0738949,9.68991,288.312,662.073,114.637,410.974,0,13.9243,63.258,21.2493,0.823543
7,1596.77,12.5728,0.0738949,9.68991,288.312,662.073,114.637,410.974,0,13.9243,63.258,21.2493,0.823543
0,1712.2,13.6872,0.109673,10.7522,325.342,655.157,117.267,491.338,0,14.3161,63.6011,20.6284,0.823543
-1,1712.2,13.6872,0.109673,10.7522,325.342,655.157,117.267,491.338,0,14.3161,63.6011,20.6284,7
-2,1663.33,13.1958,0.0880572,10.3219,309.555,664.811,116.29,450.7,0,14.1561,63.4835,20.7326,7
1,1663.33,13.1958,0.0880572,10.3219,309.555,664.811,116.29,450.7,0,14.1561,63.4835,20.7326,7
-1,1663.33,13.1958,0.0880572,10.3219,309.555,664.811,116.29,450.7,0,14.1561,63.4835,20.7326,4.9
-2,1627.17,12.9802,0.0701469,9.76048,293.912,673.926,114.398,424.075,0,13.9501,63.2217,20.8774,4.9
2,1627.17,12.9802,0.0701469,9.76048,293.912,673.926,114.398,424.075,0,13.9501,63.2217,20.8774,4.9
-1,1627.17,12.9802,0.0701469,9.76048,293.912,673.926,114.398,424.075,0,13.9501,63.2217,20.8774,3.43
-2,1604.14,13.2116,0.0603416,9.22113,283.384,681.869,112.366,406.259,0,13.7563,62.9457,21.066,3.43
3,1604.14,13.2116,0.0603416,9.22113,283.384,681.869,112.366,406.259,0,13.7563,62.9457,21.066,3.43
0,1708.29,13.0949,0.0740246,9.97805,300.291,676.772,114.398,496.079,0,14.0239,63.2217,20.3595,3.43
-1,1708.29,13.0949,0.0740246,9.97805,300.291,676.772,114.398,496.079,0,14.0239,63.2217,20.3595,7
-2,1663.06,12.3102,0.0652849,9.6798,292.94,685.724,113.626,451.264,0,13.9186,63.1223,20.4131,7
1,1663.06,12.3102,0.0652849,9.6798,292.94,685.724,113.626,451.264,0,13.9186,63.1223,20.4131,7
0,1819.66,13.3229,0.0831831,10.1942,308.703,679.898,113.941,596.741,0,14.0972,63.1694,19.5107,7
-1,1819.66,13.3229,0.0831831,10.1942,308.703,679.898,113.941,596.741,0,14.0972,63.1694,19.5107,7
-2,1744.76,12.7312,0.0770396,10.1829,303.862,690.065,114.172,516.859,0,14.0984,63.1977,19.5117,7
1,1744.76,12.7312,0.0770396,10.1829,303.862,690.065,114.172,516.859,0,14.0984,63.1977,19.5117,7
-1,1744.76,12.7312,0.0770396,10.1829,303.862,690.065,114.172,516.859,0,14.0984,63.1977,19.5117,4.9
-2,1692.53,13.6345,0.0663135,9.89096,292.813,700.385,113.425,465.681,0,13.9955,63.0777,19.5643,4.9
2,1692.53,13.6345,0.0663135,9.89096,292.813,700.385,113.425,465.681,0,13.9955,63.0777,19.5643,4.9
0,1854.94,12.9707,0.0910944,10.4181,311.014,693.311,111.862,619.491,0,14.1783,62.9122,18.687,4.9
-1,1854.94,12.9707,0.0910944,10.4181,311.014,693.311,111.862,619.491,0,14.1783,62.9122,18.687,7
-2,1775.41,14.0898,0.0831311,10.4574,305.88,703.933,112.3,532.848,0,14.2003,62.9515,18.6674,7
1,1775.41,14.0898,0.0831311,10.4574,305.88,703.933,112.3,532.848,0,14.2003,62.9515,18.6674,7
-1,1775.41,14.0898,0.0831311,10.4574,305.88,703.933,112.3,532.848,0,14.2003,62.9515,18.6674,4.9
-2,1715.18,12.5801,0.0696659,10.1903,292.323,714.971,111.776,477.619,0,14.1052,62.8518,18.6945,4.9
2,1715.18,12.5801,0.0696659,10.1903,292.323,714.971,111.776,477.619,0,14.1052,62.8518,18.6945,4.9
0,1875.58,14.2559,0.1027,10.721,312.211,707.109,106.428,630.57,0,14.2902,62.1138,17.7821,4.9
-1,1875.58,14.2559,0.1027,10.721,312.211,707.109,106.428,630.57,0,14.2902,62.1138,17.7821,7
-2,1790.68,13.2759,0.0961989,10.7905,303.991,718.306,107.023,542.988,0,14.3239,62.1423,17.7388,7
1,1790.68,13.2759,0.0961989,10.7905,303.991,718.306,107.023,542.988,0,14.3239,62.1423,17.7388,7
-1,1790.68,13.2759,0.0961989,10.7905,303.991,718.306,107.023,542.988,0,14.3239,62.1423,17.7388,4.9
-2,1727.31,12.8516,0.0798515,10.5269,287.833,730.029,106.68,485.266,0,14.2307,62.0746,17.7355,4.9
2,1727.31,12.8516,0.0798515,10.5269,287.833,730.029,106.68,485.266,0,14.2307,62.0746,17.7355,4.9
0,1873.66,13.4382,0.12291,11.0729,310.592,721.217,96.6765,628.902,0,14.4211,60.3839,16.8353,4.9
-1,1873.66,13.4382,0.12291,11.0729,310.592,721.217,96.6765,628.902,0,14.4211,60.3839,16.8353,7
-2,1788.91,12.8209,0.110303,11.1364,299.269,733.029,97.3164,543.59,0,14.4548,60.3981,16.7808,7
1,1788.91,12.8209,0.110303,11.1364,299.269,733.029,97.3164,543.59,0,14.4548,60.3981,16.7808,7
0,1945.28,13.8734,0.165689,11.3192,327.803,723.655,82.4988,697.872,0,14.5072,57.5976,15.9876,7
-1,1945.28,13.8734,0.165689,11.3192,327.803,723.655,82.4988,697.872,0,14.5072,57.5976,15.9876,7
-2,1842.04,13.1084,0.158031,11.6058,318.752,736.045,83.6741,590.438,0,14.629,57.6682,15.9586,7
1,1842.04,13.1084,0.158031,11.6058,318.752,736.045,83.6741,590.438,0,14.629,57.6682,15.9586,7
-1,1842.04,13.1084,0.158031,11.6058,318.752,736.045,83.6741,590.438,0,14.629,57.6682,15.9586,4.9
-2,1759.63,12.9958,0.136503,11.5848,294.583,749.465,84.4044,518.119,0,14.6346,57.7578,15.9542,4.9
2,1759.63,12.9958,0.136503,11.5848,294.583,749.465,84.4044,518.119,0,14.6346,57.7578,15.9542,4.9
0,1891.15,14.0247,0.210868,11.7968,353.529,737.865,68.8105,619.858,0,14.6998,54.6711,15.6871,4.9
-1,1891.15,14.0247,0.210868,11.7968,353.529,737.865,68.8105,619.858,0,14.6998,54.6711,15.6871,7
-2,1796.61,14.0168,0.189104,11.9589,327.944,751.146,69.8458,536.26,0,14.7771,54.7553,15.7148,7
1,1796.61,14.0168,0.189104,11.9589,327.944,751.146,69.8458,536.26,0,14.7771,54.7553,15.7148,7
0,1940.34,15.6523,0.279986,11.8391,422.313,739.212,56.3781,611.883,0,14.7165,52.3832,15.687,7
-1,1940.34,15.6523,0.279986,11.8391,422.313,739.212,56.3781,611.883,0,14.7165,52.3832,15.687,7
-2,1832.43,15.2775,0.245975,11.969,382.919,753.178,57.6164,528.23,0,14.779,52.5147,15.7025,7
1,1832.43,15.2775,0.245975,11.969,382.919,753.178,57.6164,528.23,0,14.779,52.5147,15.7025,7
0,2012.23,18.3676,0.366668,11.6963,533.142,740.548,49.4329,577.352,0,14.6553,51.3494,15.3169,7
-1,2012.23,18.3676,0.366668,11.6963,533.142,740.548,49.4329,577.352,0,14.6553,51.3494,15.3169,7
-2,1881.69,17.0323,0.295968,11.5289,458.787,755.246,50.9152,506.545,0,14.5958,51.5187,15.2238,7
1,1881.69,17.0323,0.295968,11.5289,458.787,755.246,50.9152,506.545,0,14.5958,51.5187,15.2238,7
-1,1881.69,17.0323,0.295968,11.5289,458.787,755.246,50.9152,506.545,0,14.5958,51.5187,15.2238,4.9
-2,1769.26,14.9846,0.250469,11.6176,393.314,770.896,52.2012,444.519,0,14.6464,51.6758,15.1582,4.9
2,1769.26,14.9846,0.250469,11.6176,393.314,770.896,52.2012,444.519,0,14.6464,51.6758,15.1582,4.9
-1,1769.26,14.9846,0.250469,11.6176,393.314,770.896,52.2012,444.519,0,14.6464,51.6758,15.1582,3.43
-2,1668.79,13.6761,0.214227,11.6614,328.895,786.854,52.9254,392.991,0,14.6846,51.7714,15.1149,3.43
3,1668.79,13.6761,0.214227,11.6614,328.895,786.854,52.9254,392.991,0,14.6846,51.7714,15.1149,3.43
-1,1668.79,13.6761,0.214227,11.6614,328.895,786.854,52.9254,392.991,0,14.6846,51.7714,15.1149,2.401
-2,1580.53,12.8224,0.173629,11.4481,268.758,802.621,52.954,350.265,0,14.6171,51.7843,15.0871,2.401
4,1580.53,12.8224,0.173629,11.4481,268.758,802.621,52.954,350.265,0,14.6171,51.7843,15.0871,2.401
-1,1580.53,12.8224,0.173629,11.4481,268.758,802.621,52.954,350.265,0,14.6171,51.7843,15.0871,1.6807
-2,1504.96,11.0067,0.132128,10.9373,217.638,817.431,52.0265,314.605,0,14.4225,51.6798,15.0833,1.6807
5,1504.96,11.0067,0.132128,10.9373,217.638,817.431,52.0265,314.605,0,14.4225,51.6798,15.0833,1.6807
-1,1504.96,11.0067,0.132128,10.9373,217.638,817.431,52.0265,314.605,0,14.4225,51.6798,15.0833,1.17649
-2,1447.77,10.3399,0.0919137,10.1773,180.843,830.69,49.9923,284.923,0,14.1259,51.4389,15.1477,1.17649
6,1447.77,10.3399,0.0919137,10.1773,180.843,830.69,49.9923,284.923,0,14.1259,51.4389,15.1477,1.17649
-1,1447.77,10.3399,0.0919137,10.1773,180.843,830.69,49.9923,284.923,0,14.1259,51.4389,15.1477,0.823543
-2,1408.47,10.2097,0.0643717,9.36556,157.563,841.658,47.5099,261.841,0,13.8171,51.1463,15.2949,0.823543
7,1408.47,10.2097,0.0643717,9.36556,157.563,841.658,47.5099,261.841,0,13.8171,51.1463,15.2949,0.823543
0,1458.08,10.4157,0.112965,9.87619,185.548,833.094,48.1584,291.145,0,13.9863,51.2167,14.5297,0.823543
-1,1458.08,10.4157,0.112965,9.87619,185.548,833.094,48.1584,291.145,0,13.9863,51.2167,14.5297,7
-2,1401.61,9.34442,0.085064,9.41572,158.637,845.025,47.0655,252.756,0,13.8109,51.0776,14.39,7
1,1401.61,9.34442,0.085064,9.41572,158.637,845.025,47.0655,252.756,0,13.8109,51.0776,14.39,7
-1,1401.61,9.34442,0.085064,9.41572,158.637,845.025,47.0655,252.756,0,13.8109,51.0776,14.39,4.9
-2,1360.28,9.0079,0.0635334,8.8021,138.447,855.72,45.4032,224.087,0,13.5826,50.8774,14.291,4.9
2,1360.28,9.0079,0.0635334,8.8021,138.447,855.72,45.4032,224.087,0,13.5826,50.8774,14.291,4.9
-1,1360.28,9.0079,0.0635334,8.8021,138.447,855.72,45.4032,224.087,0,13.5826,50.8774,14.291,3.43
-2,1333.24,8.62634,0.0491062,8.20007,126.653,864.576,43.6238,203.236,0,13.3649,50.6689,14.245,3.43
3,1333.24,8.62634,0.0491062,8.20007,126.653,864.576,43.6238,203.236,0,13.3649,50.6689,14.245,3.43
0,1375.92,8.79099,0.0751097,8.34155,128.906,858.628,45.3943,248.714,0,13.3656,50.8764,12.8299,3.43
-1,1375.92,8.79099,0.0751097,8.34155,128.906,858.628,45.3943,248.714,0,13.3656,50.8764,12.8299,7
-2,1329.43,9.12948,0.0606129,7.99731,116.346,869.309,44.5742,205.481,0,13.2414,50.7739,12.5199,7
1,1329.43,9.12948,0.0606129,7.99731,116.346,869.309,44.5742,205.481,0,13.2414,50.7739,12.5199,7
0,1426.21,8.64939,0.092968,7.88699,125.194,861.992,44.1155,304.435,0,13.1522,50.7249,9.96638,7
-1,1426.21,8.64939,0.092968,7.88699,125.194,861.992,44.1155,304.435,0,13.1522,50.7249,9.96638,7
-2,1353.91,9.04569,0.0819186,7.84079,113.733,874.107,44.2572,231.456,0,13.1401,50.7354,9.51517,7
1,1353.91,9.04569,0.0819186,7.84079,113.733,874.107,44.2572,231.456,0,13.1401,50.7354,9.51517,7
0,1503.48,8.81539,0.121297,7.51161,132.68,865.383,41.1766,377.654,0,12.9823,50.3523,6.80778,7
-1,1503.48,8.81539,0.121297,7.51161,132.68,865.383,41.1766,377.654,0,12.9823,50.3523,6.80778,7
-2,1406.07,8.86068,0.117511,7.75732,124.848,878.239,42.094,274.262,0,13.0829,50.4547,6.3533,7
1,1406.07,8.86068,0.117511,7.75732,124.848,878.239,42.094,274.262,0,13.0829,50.4547,6.3533,7
-1,1406.07,8.86068,0.117511,7.75732,124.848,878.239,42.094,274.262,0,13.0829,50.4547,6.3533,4.9
-2,1331.16,8.02053,0.0991904,7.65115,106.845,891.301,42.2206,205.557,0,13.0511,50.4638,5.94899,4.9
2,1331.16,8.02053,0.0991904,7.65115,106.845,891.301,42.2206,205.557,0,13.0511,50.4638,5.94899,4.9
0,1488.45,9.44179,0.151927,7.53079,146.838,880.767,38.3471,338.227,0,12.9839,49.9638,4.19593,4.9
-1,1488.45,9.44179,0.151927,7.53079,146.838,880.767,38.3471,338.227,0,12.9839,49.9638,4.19593,7
-2,1396.53,9.10505,0.137638,7.6934,130.87,894.326,39.2964,248.124,0,13.0574,50.071,3.85207,7
1,1396.53,9.10505,0.137638,7.6934,130.87,894.326,39.2964,248.124,0,13.0574,50.071,3.85207,7
0,1586.46,10.5264,0.198103,7.41696,193.891,882.02,34.4891,393.132,0,12.9366,49.4561,2.38925,7
-1,1586.46,10.5264,0.198103,7.41696,193.891,882.02,34.4891,393.132,0,12.9366,49.4561,2.38925,7
-2,1480.93,10.2632,0.184783,7.70516,175.855,896.194,35.8753,290.013,0,13.0604,49.6174,2.15897,7
1,1480.93,10.2632,0.184783,7.70516,175.855,896.194,35.8753,290.013,0,13.0604,49.6174,2.15897,7
0,1698.27,12.6084,0.261754,7.40316,272.15,881.633,30.9726,429.93,0,12.9311,48.9997,1.38435,7
-1,1698.27,12.6084,0.261754,7.40316,272.15,881.633,30.9726,429.93,0,12.9311,48.9997,1.38435,7
-2,1582.68,11.8707,0.233056,7.63513,244.5,896.484,32.6014,325.883,0,13.0311,49.1916,1.24841,7
1,1582.68,11.8707,0.233056,7.63513,244.5,896.484,32.6014,325.883,0,13.0311,49.1916,1.24841,7
0,1834.81,15.6881,0.341793,7.47128,391.728,879.73,28.0005,449.341,0,12.9572,48.6224,0.926419,7
-1,1834.81,15.6881,0.341793,7.47128,391.728,879.73,28.0005,449.341,0,12.9572,48.6224,0.926419,7
-2,1701.35,14.0953,0.27646,7.38916,333.597,895.257,29.9434,358.162,0,12.9311,48.8518,0.850161,7
1,1701.35,14.0953,0.27646,7.38916,333.597,895.257,29.9434,358.162,0,12.9311,48.8518,0.850161,7
-1,1701.35,14.0953,0.27646,7.38916,333.597,895.257,29.9434,358.162,0,12.9311,48.8518,0.850161,4.9
-2,1585.57,12.8476,0.240922,7.57826,275.634,911.528,31.3734,283.538,0,13.0184,49.0223,0.793459,4.9
2,1585.57,12.8476,0.240922,7.57826,275.634,911.528,31.3734,283.538,0,13.0184,49.0223,0.793459,4.9
-1,1585.57,12.8476,0.240922,7.57826,275.634,911.528,31.3734,283.538,0,13.0184,49.0223,0.793459,3.43
-2,1480.54,11.487,0.207675,7.73714,214.397,928.003,32.0039,223.745,0,13.1009,49.0996,0.754108,3.43
3,1480.54,11.487,0.207675,7.73714,214.397,928.003,32.0039,223.745,0,13.1009,49.0996,0.754108,3.43
-1,1480.54,11.487,0.207675,7.73714,214.397,928.003,32.0039,223.745,0,13.1009,49.0996,0.754108,2.401
-2,1386.98,9.26907,0.170021,7.68437,154.833,943.902,31.9694,176.238,0,13.0999,49.0973,0.719238,2.401
4,1386.98,9.26907,0.170021,7.68437,154.833,943.902,31.9694,176.238,0,13.0999,49.0973,0.719238,2.401
-1,1386.98,9.26907,0.170021,7.68437,154.833,943.902,31.9694,176.238,0,13.0999,49.0973,0.719238,1.6807
-2,1307.59,8.00071,0.126346,7.27407,101.873,958.883,30.973,137.844,0,12.9471,48.9771,0.693863,1.6807
5,1307.59,8.00071,0.126346,7.27407,101.873,958.883,30.973,137.844,0,12.9471,48.9771,0.693863,1.6807
-1,1307.59,8.00071,0.126346,7.27407,101.873,958.883,30.973,137.844,0,12.9471,48.9771,0.693863,1.17649
-2,1244.88,7.16497,0.086302,6.59127,60.9246,972.134,29.0137,106.822,0,12.6792,48.7394,0.728833,1.17649
6,1244.88,7.16497,0.086302,6.59127,60.9246,972.134,29.0137,106.822,0,12.6792,48.7394,0.728833,1.17649
-1,1244.88,7.16497,0.086302,6.59127,60.9246,972.134,29.0137,106.822,0,12.6792,48.7394,0.728833,0.823543
-2,1200.75,6.76683,0.0548676,5.79784,34.2389,982.95,26.4417,82.8385,0,12.373,48.4295,0.861103,0.823543
7,1200.75,6.76683,0.0548676,5.79784,34.2389,982.95,26.4417,82.8385,0,12.373,48.4295,0.861103,0.823543
0,1320.84,7.72351,0.106456,6.77775,86.9265,968.673,26.8415,161.86,0,12.7501,48.4725,0.70685,0.823543
-1,1320.84,7.72351,0.106456,6.77775,86.9265,968.673,26.8415,161.86,0,12.7501,48.4725,0.70685,7
-2,1260.21,6.56637,0.0750187,6.30217,55.4843,981.835,26.0868,122.198,0,12.5673,48.3814,0.71344,7
1,1260.21,6.56637,0.0750187,6.30217,55.4843,981.835,26.0868,122.198,0,12.5673,48.3814,0.71344,7
-1,1260.21,6.56637,0.0750187,6.30217,55.4843,981.835,26.0868,122.198,0,12.5673,48.3814,0.71344,4.9
-2,1214.49,6.07444,0.048693,5.6331,31.3715,993.55,24.4063,92.1638,0,12.3145,48.1793,0.748102,4.9
2,1214.49,6.07444,0.048693,5.6331,31.3715,993.55,24.4063,92.1638,0,12.3145,48.1793,0.748102,4.9
-1,1214.49,6.07444,0.048693,5.6331,31.3715,993.55,24.4063,92.1638,0,12.3145,48.1793,0.748102,3.43
-2,1184.35,5.82231,0.0314842,4.97486,17.0225,1002.95,22.4007,70.3122,0,12.0731,47.9396,0.822321,3.43
3,1184.35,5.82231,0.0314842,4.97486,17.0225,1002.95,22.4007,70.3122,0,12.0731,47.9396,0.822321,3.43
-1,1184.35,5.82231,0.0314842,4.97486,17.0225,1002.95,22.4007,70.3122,0,12.0731,47.9396,0.822321,2.401
-2,1167,6.18918,0.0213797,4.44466,10.1319,1009.94,20.5697,55.1664,0,11.8847,47.7224,0.927763,2.401
4,1167,6.18918,0.0213797,4.44466,10.1319,1009.94,20.5697,55.1664,0,11.8847,47.7224,0.927763,2.401
0,1246.81,5.92516,0.0342239,5.09914,21.9593,998.669,20.7429,133.715,0,12.1171,47.7402,0.811803,2.401
-1,1246.81,5.92516,0.0342239,5.09914,21.9593,998.669,20.7429,133.715,0,12.1171,47.7402,0.811803,7
-2,1209.54,5.702,0.0249355,4.74328,13.6128,1008.74,19.9585,96.3035,0,11.9905,47.6469,0.823816,7
1,1209.54,5.702,0.0249355,4.74328,13.6128,1008.74,19.9585,96.3035,0,11.9905,47.6469,0.823816,7
0,1344.27,6.1989,0.0431326,5.25642,31.2752,994.184,19.5105,227.23,0,12.1718,47.5945,0.801121,7
-1,1344.27,6.1989,0.0431326,5.25642,31.2752,994.184,19.5105,227.23,0,12.1718,47.5945,0.801121,7
-2,1278.93,6.34373,0.033933,5.15478,24.0418,1006.22,19.6304,156.972,0,12.1382,47.6084,0.783967,7
1,1278.93,6.34373,0.033933,5.15478,24.0418,1006.22,19.6304,156.972,0,12.1382,47.6084,0.783967,7
0,1470.28,6.58644,0.0592199,5.43702,47.2387,989.489,18.6399,342.308,0,12.2338,47.4931,0.798793,7
-1,1470.28,6.58644,0.0592199,5.43702,47.2387,989.489,18.6399,342.308,0,12.2338,47.4931,0.798793,7
-2,1371.98,6.5714,0.0556647,5.62929,43.8946,1002.54,19.5639,233.053,0,12.3108,47.6023,0.763001,7
1,1371.98,6.5714,0.0556647,5.62929,43.8946,1002.54,19.5639,233.053,0,12.3108,47.6023,0.763001,7
-1,1371.98,6.5714,0.0556647,5.62929,43.8946,1002.54,19.5639,233.053,0,12.3108,47.6023,0.763001,4.9
-2,1302.09,6.38218,0.0446367,5.48005,32.2463,1015.41,19.6294,162.266,0,12.2614,47.6096,0.760279,4.9
2,1302.09,6.38218,0.0446367,5.48005,32.2463,1015.41,19.6294,162.266,0,12.2614,47.6096,0.760279,4.9
0,1492.05,7.25338,0.0811779,5.8583,67.1418,997.55,18.9833,334.49,0,12.3901,47.5355,0.762946,4.9
-1,1492.05,7.25338,0.0811779,5.8583,67.1418,997.55,18.9833,334.49,0,12.3901,47.5355,0.762946,7
-2,1396.9,7.04753,0.0741743,6.0202,60.1368,1011.16,20.0073,231.594,0,12.4599,47.6568,0.740594,7
1,1396.9,7.04753,0.0741743,6.0202,60.1368,1011.16,20.0073,231.594,0,12.4599,47.6568,0.740594,7
-1,1396.9,7.04753,0.0741743,6.0202,60.1368,1011.16,20.0073,231.594,0,12.4599,47.6568,0.740594,4.9
-2,1325.56,6.2882,0.0564345,5.82049,44.0739,1024.69,20.0928,163.735,0,12.3921,47.6668,0.745661,4.9
2,1325.56,6.2882,0.0564345,5.82049,44.0739,1024.69,20.0928,163.735,0,12.3921,47.6668,0.745661,4.9
0,1511.3,7.94811,0.107206,6.29198,92.8094,1006.02,19.6438,317.571,0,12.5549,47.6153,0.740276,4.9
-1,1511.3,7.94811,0.107206,6.29198,92.8094,1006.02,19.6438,317.571,0,12.5549,47.6153,0.740276,7
-2,1420.09,6.88151,0.0928459,6.39153,79.9617,1020.23,20.6843,224.778,0,12.6045,47.7392,0.727203,7
1,1420.09,6.88151,0.0928459,6.39153,79.9617,1020.23,20.6843,224.778,0,12.6045,47.7392,0.727203,7
-1,1420.09,6.88151,0.0928459,6.39153,79.9617,1020.23,20.6843,224.778,0,12.6045,47.7392,0.727203,4.9
-2,1348.38,6.5562,0.0708496,6.15003,57.3462,1034.29,20.7798,162.181,0,12.5207,47.7509,0.733754,4.9
2,1348.38,6.5562,0.0708496,6.15003,57.3462,1034.29,20.7798,162.181,0,12.5207,47.7509,0.733754,4.9
0,1530.49,8.03238,0.13323,6.698,122.979,1014.96,20.4703,296.063,0,12.7127,47.715,0.726981,4.9
-1,1530.49,8.03238,0.13323,6.698,122.979,1014.96,20.4703,296.063,0,12.7127,47.715,0.726981,7
-2,1442.83,7.6452,0.114742,6.73765,100.584,1029.71,21.5015,215.244,0,12.7413,47.8386,0.717992,7
1,1442.83,7.6452,0.114742,6.73765,100.584,1029.71,21.5015,215.244,0,12.7413,47.8386,0.717992,7
0,1648.3,9.60431,0.188021,7.00778,187.564,1009.72,20.353,352.611,0,12.8217,47.7017,0.726931,7
-1,1648.3,9.60431,0.188021,7.00778,187.564,1009.72,20.353,352.611,0,12.8217,47.7017,0.726931,7
-2,1547.21,9.04415,0.166932,7.18772,161.01,1025.16,21.8342,261.304,0,12.9076,47.8792,0.712633,7
1,1547.21,9.04415,0.166932,7.18772,161.01,1025.16,21.8342,261.304,0,12.9076,47.8792,0.712633,7
0,1776.58,11.9248,0.258623,7.31911,281.961,1004.46,20.2931,389.008,0,12.931,47.695,0.726521,7
-1,1776.58,11.9248,0.258623,7.31911,281.961,1004.46,20.2931,389.008,0,12.931,47.695,0.726521,7
-2,1662.11,10.9918,0.222698,7.42586,240.011,1020.65,21.9585,299.261,0,12.9854,47.8941,0.7102,7
1,1662.11,10.9918,0.222698,7.42586,240.011,1020.65,21.9585,299.261,0,12.9854,47.8941,0.7102,7
0,1928.02,15.2514,0.346515,7.63083,415.946,999.165,20.2646,407.96,0,13.0404,47.6918,0.725419,7
-1,1928.02,15.2514,0.346515,7.63083,415.946,999.165,20.2646,407.96,0,13.0404,47.6918,0.725419,7
-2,1790.08,13.4224,0.268983,7.40095,336.752,1016.16,22.1581,332.335,0,12.9569,47.9167,0.708894,7
1,1790.08,13.4224,0.268983,7.40095,336.752,1016.16,22.1581,332.335,0,12.9569,47.9167,0.708894,7
-1,1790.08,13.4224,0.268983,7.40095,336.752,1016.16,22.1581,332.335,0,12.9569,47.9167,0.708894,4.9
-2,1672.18,11.9345,0.229164,7.49932,267.867,1033.58,23.5074,265.777,0,13.012,48.0796,0.69686,4.9
2,1672.18,11.9345,0.229164,7.49932,267.867,1033.58,23.5074,265.777,0,13.012,48.0796,0.69686,4.9
-1,1672.18,11.9345,0.229164,7.49932,267.867,1033.58,23.5074,265.777,0,13.012,48.0796,0.69686,3.43
-2,1567.8,10.3008,0.18901,7.59824,202.733,1050.9,24.0853,210.084,0,13.0736,48.1525,0.685054,3.43
3,1567.8,10.3008,0.18901,7.59824,202.733,1050.9,24.0853,210.084,0,13.0736,48.1525,0.685054,3.43
-1,1567.8,10.3008,0.18901,7.59824,202.733,1050.9,24.0853,210.084,0,13.0736,48.1525,0.685054,2.401
-2,1475.18,8.69828,0.150053,7.44193,140.167,1067.36,23.9283,165.592,0,13.0308,48.1365,0.668029,2.401
4,1475.18,8.69828,0.150053,7.44193,140.167,1067.36,23.9283,165.592,0,13.0308,48.1365,0.668029,2.401
-1,1475.18,8.69828,0.150053,7.44193,140.167,1067.36,23.9283,165.592,0,13.0308,48.1365,0.668029,1.6807
-2,1397.95,7.35358,0.106623,6.96328,87.7644,1082.5,22.7951,128.957,0,12.8488,48.0004,0.65928,1.6807
5,1397.95,7.35358,0.106623,6.96328,87.7644,1082.5,22.7951,128.957,0,12.8488,48.0004,0.65928,1.6807
-1,1397.95,7.35358,0.106623,6.96328,87.7644,1082.5,22.7951,128.957,0,12.8488,48.0004,0.65928,1.17649
-2,1338.21,6.51594,0.0646186,6.2178,48.765,1095.67,20.6465,99.319,0,12.5553,47.7407,0.715437,1.17649
6,1338.21,6.51594,0.0646186,6.2178,48.765,1095.67,20.6465,99.319,0,12.5553,47.7407,0.715437,1.17649
-1,1338.21,6.51594,0.0646186,6.2178,48.765,1095.67,20.6465,99.319,0,12.5553,47.7407,0.715437,0.823543
-2,1296.74,5.80088,0.0337472,5.41486,24.0607,1106.16,18.0619,76.6705,0,12.2463,47.4303,0.862917,0.823543
7,1296.74,5.80088,0.0337472,5.41486,24.0607,1106.16,18.0619,76.6705,0,12.2463,47.4303,0.862917,0.823543
-1,1296.74,5.80088,0.0337472,5.41486,24.0607,1106.16,18.0619,76.6705,0,12.2463,47.4303,0.862917,0.57648
-2,1271.2,5.48657,0.0153801,4.72702,10.9414,1113.98,15.6762,60.1825,0,11.9921,47.1466,1.04577,0.57648
8,1271.2,5.48657,0.0153801,4.72702,10.9414,1113.98,15.6762,60.1825,0,11.9921,47.1466,1.04577,0.57648
-1,1271.2,5.48657,0.0153801,4.72702,10.9414,1113.98,15.6762,60.1825,0,11.9921,47.1466,1.04577,0.403536
-2,1256.62,5.36284,0.00795756,4.23206,4.9184,1119.47,13.8594,48.8071,0,11.8157,46.9323,1.21799,0.403536
9,1256.62,5.36284,0.00795756,4.23206,4.9184,1119.47,13.8594,48.8071,0,11.8157,46.9323,1.21799,0.403536
-1,1256.62,5.36284,0.00795756,4.23206,4.9184,1119.47,13.8594,48.8071,0,11.8157,46.9323,1.21799,0.282475
-2,1248.38,5.12191,0.00455456,3.90916,2.68435,1123.34,12.5991,40.8811,0,11.7035,46.7846,1.36078,0.282475
10,1248.38,5.12191,0.00455456,3.90916,2.68435,1123.34,12.5991,40.8811,0,11.7035,46.7846,1.36078,0.282475
-1,1248.38,5.12191,0.00455456,3.90916,2.68435,1123.34,12.5991,40.8811,0,11.7035,46.7846,1.36078,0.197733
-2,1243.53,5.0023,0.00402679,3.70016,1.79821,1126.06,11.7246,35.4435,0,11.6319,46.6824,1.48048,0.197733
11,1243.53,5.0023,0.00402679,3.70016,1.79821,1126.06,11.7246,35.4435,0,11.6319,46.6824,1.48048,0.197733
-1,1243.53,5.0023,0.00402679,3.70016,1.79821,1126.06,11.7246,35.4435,0,11.6319,46.6824,1.48048,0.138413
-2,1240.74,5.04404,0.00379498,3.58139,1.59544,1127.99,11.1473,31.5942,0,11.5916,46.6151,1.57826,0.138413
12,1240.74,5.04404,0.00379498,3.58139,1.59544,1127.99,11.1473,31.5942,0,11.5916,46.6151,1.57826,0.138413
-1,1240.74,5.04404,0.00379498,3.58139,1.59544,1127.99,11.1473,31.5942,0,11.5916,46.6151,1.57826,0.096889
-2,1239.5,5.59924,0.00410013,3.51007,1.58811,1129.34,10.7294,28.9329,0,11.5673,46.5664,1.66367,0.096889
13,1239.5,5.59924,0.00410013,3.51007,1.58811,1129.34,10.7294,28.9329,0,11.5673,46.5664,1.66367,0.096889
-1,1239.5,5.59924,0.00410013,3.51007,1.58811,1129.34,10.7294,28.9329,0,11.5673,46.5664,1.66367,0.0678223
-2,1238.71,6.00605,0.0043651,3.47253,1.61437,1130.2,10.424,27.1587,0,11.5544,46.5308,1.74252,0.0678223
14,1238.71,6.00605,0.0043651,3.47253,1.61437,1130.2,10.424,27.1587,0,11.5544,46.5308,1.74252,0.0678223
0,1271.94,5.96165,0.00435961,3.58847,1.44376,1125.04,10.4077,65.639,0,11.5913,46.529,1.73681,0.0474756
-1,1271.94,5.96165,0.00435961,3.58847,1.44376,1125.04,10.4077,65.639,0,11.5913,46.529,1.73681,7
-2,1261.49,5.26003,0.00341967,3.6328,1.26669,1130.16,10.6027,50.7053,0,11.6059,46.5514,1.70633,7
1,1261.49,5.26003,0.00341967,3.6328,1.26669,1130.16,10.6027,50.7053,0,11.6059,46.5514,1.70633,7
0,1345.07,5.94081,0.00436079,3.70471,1.26851,1119.72,10.3992,144.141,0,11.6283,46.5281,1.73261,7
-1,1345.07,5.94081,0.00436079,3.70471,1.26851,1119.72,10.3992,144.141,0,11.6283,46.5281,1.73261,7
-2,1308.66,5.52934,0.00353674,3.83831,1.16878,1127.98,10.9061,99.327,0,11.6728,46.5864,1.65064,7
1,1308.66,5.52934,0.00353674,3.83831,1.16878,1127.98,10.9061,99.327,0,11.6728,46.5864,1.65064,7
-1,1308.66,5.52934,0.00353674,3.83831,1.16878,1127.98,10.9061,99.327,0,11.6728,46.5864,1.65064,4.9
-2,1288.11,5.50119,0.00352123,3.8466,1.15123,1135.09,11.0179,71.609,0,11.6759,46.5992,1.61488,4.9
2,1288.11,5.50119,0.00352123,3.8466,1.15123,1135.09,11.0179,71.609,0,11.6759,46.5992,1.61488,4.9
0,1408.65,5.51903,0.00396351,3.96483,1.07112,1122.37,10.9018,204.879,0,11.7132,46.5859,1.64793,4.9
-1,1408.65,5.51903,0.00396351,3.96483,1.07112,1122.37,10.9018,204.879,0,11.7132,46.5859,1.64793,7
-2,1351.41,5.16798,0.00398943,4.09317,1.53298,1132.12,11.4145,137.102,0,11.757,46.645,1.57934,7
1,1351.41,5.16798,0.00398943,4.09317,1.53298,1132.12,11.4145,137.102,0,11.757,46.645,1.57934,7
-1,1351.41,5.16798,0.00398943,4.09317,1.53298,1132.12,11.4145,137.102,0,11.757,46.645,1.57934,4.9
-2,1318.64,5.53919,0.00407654,4.07083,1.48944,1140.74,11.494,95.3383,0,11.7504,46.6541,1.55127,4.9
2,1318.64,5.53919,0.00407654,4.07083,1.48944,1140.74,11.494,95.3383,0,11.7504,46.6541,1.55127,4.9
0,1474.74,5.18287,0.00564881,4.23248,1.83155,1126.21,11.4116,265.849,0,11.8018,46.6447,1.57699,4.9
-1,1474.74,5.18287,0.00564881,4.23248,1.83155,1126.21,11.4116,265.849,0,11.8018,46.6447,1.57699,7
-2,1396.77,4.84273,0.00610489,4.36854,2.90116,1137.11,11.9663,175.493,0,11.8494,46.7086,1.52187,7
1,1396.77,4.84273,0.00610489,4.36854,2.90116,1137.11,11.9663,175.493,0,11.8494,46.7086,1.52187,7
-1,1396.77,4.84273,0.00610489,4.36854,2.90116,1137.11,11.9663,175.493,0,11.8494,46.7086,1.52187,4.9
-2,1350.95,5.27126,0.00569445,4.32426,2.67184,1146.99,12.0497,119.577,0,11.8359,46.7182,1.50498,4.9
2,1350.95,5.27126,0.00569445,4.32426,2.67184,1146.99,12.0497,119.577,0,11.8359,46.7182,1.50498,4.9
0,1536.82,4.90999,0.0102555,4.52414,4.25419,1130.88,11.9637,320.143,0,11.8998,46.7083,1.5198,4.9
-1,1536.82,4.90999,0.0102555,4.52414,4.25419,1130.88,11.9637,320.143,0,11.8998,46.7083,1.5198,7
-2,1442.06,5.47863,0.0116985,4.67975,6.10449,1142.68,12.6093,210.28,0,11.9558,46.7829,1.47637,7
1,1442.06,5.47863,0.0116985,4.67975,6.10449,1142.68,12.6093,210.28,0,11.9558,46.7829,1.47637,7
-1,1442.06,5.47863,0.0116985,4.67975,6.10449,1142.68,12.6093,210.28,0,11.9558,46.7829,1.47637,4.9
-2,1384.27,5.38223,0.00959361,4.62832,5.49348,1153.56,12.7577,142.234,0,11.9401,46.8002,1.4706,4.9
2,1384.27,5.38223,0.00959361,4.62832,5.49348,1153.56,12.7577,142.234,0,11.9401,46.8002,1.4706,4.9
-1,1384.27,5.38223,0.00959361,4.62832,5.49348,1153.56,12.7577,142.234,0,11.9401,46.8002,1.4706,3.43
-2,1348.67,5.17723,0.00673596,4.45189,3.78976,1163,12.4682,99.6312,0,11.8806,46.7668,1.49901,3.43
3,1348.67,5.17723,0.00673596,4.45189,3.78976,1163,12.4682,99.6312,0,11.8806,46.7668,1.49901,3.43
0,1501.28,5.53793,0.0155166,4.80882,8.50051,1146.85,12.7545,262.548,0,11.9993,46.7999,1.46946,3.43
-1,1501.28,5.53793,0.0155166,4.80882,8.50051,1146.85,12.7545,262.548,0,11.9993,46.7999,1.46946,7
-2,1427.16,5.32095,0.013117,4.83993,8.84967,1158.6,13.1986,176.024,0,12.0127,46.8515,1.44948,7
1,1427.16,5.32095,0.013117,4.83993,8.84967,1158.6,13.1986,176.024,0,12.0127,46.8515,1.44948,7
-1,1427.16,5.32095,0.013117,4.83993,8.84967,1158.6,13.1986,176.024,0,12.0127,46.8515,1.44948,4.9
-2,1380.54,5.36161,0.00957126,4.66913,6.39472,1169.36,13.0528,121.436,0,11.9552,46.8348,1.46567,4.9
2,1380.54,5.36161,0.00957126,4.66913,6.39472,1169.36,13.0528,121.436,0,11.9552,46.8348,1.46567,4.9
0,1556.76,5.461,0.0214378,5.03176,14.1317,1151.61,13.1945,306.937,0,12.0759,46.8511,1.44763,4.9
-1,1556.76,5.461,0.0214378,5.03176,14.1317,1151.61,13.1945,306.937,0,12.0759,46.8511,1.44763,7
-2,1468.75,5.42762,0.020732,5.10149,14.3933,1164.18,13.7816,205.398,0,12.1042,46.9195,1.42537,7
1,1468.75,5.42762,0.020732,5.10149,14.3933,1164.18,13.7816,205.398,0,12.1042,46.9195,1.42537,7
-1,1468.75,5.42762,0.020732,5.10149,14.3933,1164.18,13.7816,205.398,0,12.1042,46.9195,1.42537,4.9
-2,1412.22,5.57132,0.0157234,4.94786,10.7503,1175.93,13.7731,140.824,0,12.0529,46.9188,1.43776,4.9
2,1412.22,5.57132,0.0157234,4.94786,10.7503,1175.93,13.7731,140.824,0,12.0529,46.9188,1.43776,4.9
0,1603.17,5.69471,0.0341632,5.31042,23.2045,1156.88,13.7765,337.751,0,12.1736,46.9189,1.42359,4.9
-1,1603.17,5.69471,0.0341632,5.31042,23.2045,1156.88,13.7765,337.751,0,12.1736,46.9189,1.42359,7
-2,1506.99,5.82236,0.0332158,5.43019,23.5626,1170.05,14.5786,226.882,0,12.2217,47.0127,1.40118,7
1,1506.99,5.82236,0.0332158,5.43019,23.5626,1170.05,14.5786,226.882,0,12.2217,47.0127,1.40118,7
-1,1506.99,5.82236,0.0332158,5.43019,23.5626,1170.05,14.5786,226.882,0,12.2217,47.0127,1.40118,4.9
-2,1443.61,5.89078,0.0244082,5.28296,18.3053,1182.65,14.6898,156.161,0,12.1728,47.0263,1.40988,4.9
2,1443.61,5.89078,0.0244082,5.28296,18.3053,1182.65,14.6898,156.161,0,12.1728,47.0263,1.40988,4.9
0,1639.09,6.19417,0.0515842,5.66233,38.4111,1162.44,14.5723,351.047,0,12.2996,47.012,1.39951,4.9
-1,1639.09,6.19417,0.0515842,5.66233,38.4111,1162.44,14.5723,351.047,0,12.2996,47.012,1.39951,7
-2,1541.17,6.04168,0.0478103,5.79909,37.8999,1176.16,15.5352,238.829,0,12.3563,47.1252,1.37761,7
1,1541.17,6.04168,0.0478103,5.79909,37.8999,1176.16,15.5352,238.829,0,12.3563,47.1252,1.37761,7
-1,1541.17,6.04168,0.0478103,5.79909,37.8999,1176.16,15.5352,238.829,0,12.3563,47.1252,1.37761,4.9
-2,1472.88,6.02601,0.0386313,5.65115,28.6689,1189.57,15.767,166.314,0,12.3076,47.1533,1.38058,4.9
2,1472.88,6.02601,0.0386313,5.65115,28.6689,1189.57,15.767,166.314,0,12.3076,47.1533,1.38058,4.9
0,1666.21,6.67645,0.0750931,6.0571,60.8326,1168.27,15.5278,347.83,0,12.444,47.1243,1.37602,4.9
-1,1666.21,6.67645,0.0750931,6.0571,60.8326,1168.27,15.5278,347.83,0,12.444,47.1243,1.37602,7
-2,1571.08,6.95332,0.0712028,6.20523,56.4949,1182.54,16.6564,241.04,0,12.508,47.2579,1.35419,7
1,1571.08,6.95332,0.0712028,6.20523,56.4949,1182.54,16.6564,241.04,0,12.508,47.2579,1.35419,7
-1,1571.08,6.95332,0.0712028,6.20523,56.4949,1182.54,16.6564,241.04,0,12.508,47.2579,1.35419,4.9
-2,1501.73,6.36983,0.0543456,6.06477,43.8422,1196.56,17.0487,170.67,0,12.4627,47.3057,1.3502,4.9
2,1501.73,6.36983,0.0543456,6.06477,43.8422,1196.56,17.0487,170.67,0,12.4627,47.3057,1.3502,4.9
0,1688.56,7.82836,0.106042,6.49194,90.645,1174.36,16.6479,331.262,0,12.6068,47.2569,1.3527,4.9
-1,1688.56,7.82836,0.106042,6.49194,90.645,1174.36,16.6479,331.262,0,12.6068,47.2569,1.3527,7
-2,1598.78,7.06642,0.0943354,6.62068,81.2215,1189.19,17.9033,235.28,0,12.6664,47.4069,1.33088,7
1,1598.78,7.06642,0.0943354,6.62068,81.2215,1189.19,17.9033,235.28,0,12.6664,47.4069,1.33088,7
0,1809.42,9.25049,0.157746,6.77766,143.272,1166.1,16.6377,405.921,0,12.7052,47.2558,1.34966,7
-1,1809.42,9.25049,0.157746,6.77766,143.272,1166.1,16.6377,405.921,0,12.7052,47.2558,1.34966,7
-2,1705.29,8.59562,0.144336,7.05866,135.997,1181.51,18.3326,292.047,0,12.8253,47.4577,1.32195,7
1,1705.29,8.59562,0.144336,7.05866,135.997,1181.51,18.3326,292.047,0,12.8253,47.4577,1.32195,7
0,1933.41,11.3166,0.224363,7.06238,223.83,1157.7,16.6262,455.248,0,12.8032,47.2545,1.34657,7
-1,1933.41,11.3166,0.224363,7.06238,223.83,1157.7,16.6262,455.248,0,12.8032,47.2545,1.34657,7
-2,1819.71,10.6506,0.201008,7.29059,209.644,1173.7,18.49,338.043,0,12.9006,47.4761,1.31824,7
1,1819.71,10.6506,0.201008,7.29059,209.644,1173.7,18.49,338.043,0,12.9006,47.4761,1.31824,7
0,2072.92,14.3039,0.307223,7.34608,342.515,1149.17,16.6136,481.175,0,12.9008,47.2531,1.34339,7
-1,2072.92,14.3039,0.307223,7.34608,342.515,1149.17,16.6136,481.175,0,12.9008,47.2531,1.34339,7
-2,1946.05,12.8356,0.249313,7.26586,303.25,1165.7,18.707,376.343,0,12.8749,47.5003,1.31694,7
1,1946.05,12.8356,0.249313,7.26586,303.25,1165.7,18.707,376.343,0,12.8749,47.5003,1.31694,7
0,2248.3,18.5221,0.407401,7.62874,511.069,1140.5,16.6004,491.986,0,12.9979,47.2516,1.34014,7
-1,2248.3,18.5221,0.407401,7.62874,511.069,1140.5,16.6004,491.986,0,12.9979,47.2516,1.34014,7
-2,2085.68,15.5122,0.272114,6.9778,411.241,1157.46,19.5516,412.997,0,12.7551,47.5968,1.32109,7
1,2085.68,15.5122,0.272114,6.9778,411.241,1157.46,19.5516,412.997,0,12.7551,47.5968,1.32109,7
-1,2085.68,15.5122,0.272114,6.9778,411.241,1157.46,19.5516,412.997,0,12.7551,47.5968,1.32109,4.9
-2,1965.31,14.2424,0.225063,6.99679,345.16,1174.78,21.9395,340.012,0,12.7715,47.8817,1.29946,4.9
2,1965.31,14.2424,0.225063,6.99679,345.16,1174.78,21.9395,340.012,0,12.7715,47.8817,1.29946,4.9
-1,1965.31,14.2424,0.225063,6.99679,345.16,1174.78,21.9395,340.012,0,12.7715,47.8817,1.29946,3.43
-2,1855.64,12.8395,0.204805,7.28337,282.774,1192.61,22.5832,275.234,0,12.8892,47.9641,1.26439,3.43
3,1855.64,12.8395,0.204805,7.28337,282.774,1192.61,22.5832,275.234,0,12.8892,47.9641,1.26439,3.43
-1,1855.64,12.8395,0.204805,7.28337,282.774,1192.61,22.5832,275.234,0,12.8892,47.9641,1.26439,2.401
-2,1753.2,10.9873,0.184414,7.59109,219.35,1210.25,22.4676,220.177,0,13.0226,47.9574,1.21378,2.401
4,1753.2,10.9873,0.184414,7.59109,219.35,1210.25,22.4676,220.177,0,13.0226,47.9574,1.21378,2.401
-1,1753.2,10.9873,0.184414,7.59109,219.35,1210.25,22.4676,220.177,0,13.0226,47.9574,1.21378,1.6807
-2,1660.78,9.53788,0.152981,7.6716,157.023,1227.06,22.0998,175.093,0,13.0719,47.9185,1.14662,1.6807
5,1660.78,9.53788,0.152981,7.6716,157.023,1227.06,22.0998,175.093,0,13.0719,47.9185,1.14662,1.6807
-1,1660.78,9.53788,0.152981,7.6716,157.023,1227.06,22.0998,175.093,0,13.0719,47.9185,1.14662,1.17649
-2,1581.94,8.14989,0.113815,7.43259,102.56,1242.47,21.2619,138.067,0,12.989,47.8194,1.07973,1.17649
6,1581.94,8.14989,0.113815,7.43259,102.56,1242.47,21.2619,138.067,0,12.989,47.8194,1.07973,1.17649
-1,1581.94,8.14989,0.113815,7.43259,102.56,1242.47,21.2619,138.067,0,12.989,47.8194,1.07973,0.823543
-2,1518.45,6.90837,0.0733669,6.86434,59.7633,1256.03,19.5247,107.827,0,12.7668,47.6096,1.08209,0.823543
7,1518.45,6.90837,0.0733669,6.86434,59.7633,1256.03,19.5247,107.827,0,12.7668,47.6096,1.08209,0.823543
-1,1518.45,6.90837,0.0733669,6.86434,59.7633,1256.03,19.5247,107.827,0,12.7668,47.6096,1.08209,0.57648
-2,1471.96,6.2558,0.0406245,6.12763,30.313,1267.18,17.0784,83.9722,0,12.4809,47.3153,1.19695,0.57648
8,1471.96,6.2558,0.0406245,6.12763,30.313,1267.18,17.0784,83.9722,0,12.4809,47.3153,1.19695,0.57648
-1,1471.96,6.2558,0.0406245,6.12763,30.313,1267.18,17.0784,83.9722,0,12.4809,47.3153,1.19695,0.403536
-2,1441.56,5.46855,0.0209696,5.44458,13.6194,1275.55,14.6975,66.1298,0,12.2252,47.0319,1.37331,0.403536
9,1441.56,5.46855,0.0209696,5.44458,13.6194,1275.55,14.6975,66.1298,0,12.2252,47.0319,1.37331,0.403536
-1,1441.56,5.46855,0.0209696,5.44458,13.6194,1275.55,14.6975,66.1298,0,12.2252,47.0319,1.37331,0.282475
-2,1424.45,5.87574,0.0102132,4.91219,5.68711,1281.56,12.7776,53.249,0,12.0332,46.8056,1.53733,0.282475
10,1424.45,5.87574,0.0102132,4.91219,5.68711,1281.56,12.7776,53.249,0,12.0332,46.8056,1.53733,0.282475
-1,1424.45,5.87574,0.0102132,4.91219,5.68711,1281.56,12.7776,53.249,0,12.0332,46.8056,1.53733,0.197733
-2,1413.92,5.34056,0.00526166,4.55357,2.36283,1285.67,11.4144,44.3386,0,11.9074,46.6462,1.67372,0.197733
11,1413.92,5.34056,0.00526166,4.55357,2.36283,1285.67,11.4144,44.3386,0,11.9074,46.6462,1.67372,0.197733
-1,1413.92,5.34056,0.00526166,4.55357,2.36283,1285.67,11.4144,44.3386,0,11.9074,46.6462,1.67372,0.138413
-2,1407.95,5.31515,0.00364974,4.31238,1.04311,1288.55,10.4624,38.1155,0,11.8245,46.5354,1.78373,0.138413
12,1407.95,5.31515,0.00364974,4.31238,1.04311,1288.55,10.4624,38.1155,0,11.8245,46.5354,1.78373,0.138413
-1,1407.95,5.31515,0.00364974,4.31238,1.04311,1288.55,10.4624,38.1155,0,11.8245,46.5354,1.78373,0.096889
-2,1404.33,5.32592,0.00333219,4.16525,0.599001,1290.47,9.81995,33.8391,0,11.7744,46.4608,1.87153,0.096889
13,1404.33,5.32592,0.00333219,4.16525,0.599001,1290.47,9.81995,33.8391,0,11.7744,46.4608,1.87153,0.096889
-1,1404.33,5.32592,0.00333219,4.16525,0.599001,1290.47,9.81995,33.8391,0,11.7744,46.4608,1.87153,0.0678223
-2,1401.94,5.33717,0.00356718,4.07556,0.489978,1291.73,9.36578,30.8333,0,11.744,46.4082,1.94784,0.0678223
14,1401.94,5.33717,0.00356718,4.07556,0.489978,1291.73,9.36578,30.8333,0,11.744,46.4082,1.94784,0.0678223
-1,1401.94,5.33717,0.00356718,4.07556,0.489978,1291.73,9.36578,30.8333,0,11.744,46.4082,1.94784,0.0474756
-2,1400.53,5.57931,0.00394306,4.02658,0.513339,1292.44,9.04604,28.8119,0,11.7273,46.3712,2.01566,0.0474756
15,1400.53,5.57931,0.00394306,4.02658,0.513339,1292.44,9.04604,28.8119,0,11.7273,46.3712,2.01566,0.0474756
-1,1400.53,5.57931,0.00394306,4.02658,0.513339,1292.44,9.04604,28.8119,0,11.7273,46.3712,2.01566,0.0332329
-2,1399.05,5.38449,0.00378125,4.00402,0.496693,1292.7,8.81031,27.5059,0,11.7194,46.3439,2.07784,0.0332329
16,1399.05,5.38449,0.00378125,4.00402,0.496693,1292.7,8.81031,27.5059,0,11.7194,46.3439,2.07784,0.0332329
-1,1399.05,5.38449,0.00378125,4.00402,0.496693,1292.7,8.81031,27.5059,0,11.7194,46.3439,2.07784,0.0232631
-2,1398.39,5.72673,0.00400352,3.99089,0.508291,1292.82,8.61198,26.5579,0,11.7147,46.3209,2.13238,0.0232631
17,1398.39,5.72673,0.00400352,3.99089,0.508291,1292.82,8.61198,26.5579,0,11.7147,46.3209,2.13238,0.0232631
0,1429.02,5.63474,0.00401865,4.10766,0.511467,1285.31,8.58711,64.6669,0,11.7517,46.3181,2.1266,0.0162841
-1,1429.02,5.63474,0.00401865,4.10766,0.511467,1285.31,8.58711,64.6669,0,11.7517,46.3181,2.1266,7
-2,1419.9,5.48453,0.0038432,4.18026,0.409787,1290.45,8.78287,50.3908,0,11.7754,46.3405,2.08854,7
1,1419.9,5.48453,0.0038432,4.18026,0.409787,1290.45,8.78287,50.3908,0,11.7754,46.3405,2.08854,7
0,1499.99,5.64387,0.00403394,4.22414,0.520456,1277.62,8.56599,143.191,0,11.7885,46.3158,2.12207,7
-1,1499.99,5.64387,0.00403394,4.22414,0.520456,1277.62,8.56599,143.191,0,11.7885,46.3158,2.12207,7
-2,1464.75,5.43667,0.00361555,4.39204,0.429193,1286.23,9.02749,98.9915,0,11.8441,46.3686,2.02951,7
1,1464.75,5.43667,0.00361555,4.39204,0.429193,1286.23,9.02749,98.9915,0,11.8441,46.3686,2.02951,7
-1,1464.75,5.43667,0.00361555,4.39204,0.429193,1286.23,9.02749,98.9915,0,11.8441,46.3686,2.02951,4.9
-2,1444.94,5.41891,0.00354942,4.42635,0.461653,1293.54,9.16452,71.6994,0,11.8558,46.3843,1.98301,4.9
2,1444.94,5.41891,0.00354942,4.42635,0.461653,1293.54,9.16452,71.6994,0,11.8558,46.3843,1.98301,4.9
0,1563.37,5.43595,0.00404882,4.51944,0.465946,1278.22,9.01086,205.441,0,11.8847,46.3667,2.02676,4.9
-1,1563.37,5.43595,0.00404882,4.51944,0.465946,1278.22,9.01086,205.441,0,11.8847,46.3667,2.02676,7
-2,1507.11,5.48473,0.00431314,4.68186,0.949431,1288.46,9.50023,137.714,0,11.9396,46.4229,1.94818,7
1,1507.11,5.48473,0.00431314,4.68186,0.949431,1288.46,9.50023,137.714,0,11.9396,46.4229,1.94818,7
-1,1507.11,5.48473,0.00431314,4.68186,0.949431,1288.46,9.50023,137.714,0,11.9396,46.4229,1.94818,4.9
-2,1474.51,5.3663,0.00380544,4.69155,1.03521,1297.37,9.64207,96.1091,0,11.9434,46.4392,1.90961,4.9
2,1474.51,5.3663,0.00380544,4.69155,1.03521,1297.37,9.64207,96.1091,0,11.9434,46.4392,1.90961,4.9
0,1629.68,5.48881,0.00601271,4.82282,1.33789,1280.14,9.48755,268.048,0,11.9847,46.4215,1.94582,4.9
-1,1629.68,5.48881,0.00601271,4.82282,1.33789,1280.14,9.48755,268.048,0,11.9847,46.4215,1.94582,7
-2,1552.17,5.3626,0.00648389,4.99933,2.54896,1291.56,10.0583,177.222,0,12.0455,46.4871,1.8816,7
1,1552.17,5.3626,0.00648389,4.99933,2.54896,1291.56,10.0583,177.222,0,12.0455,46.4871,1.8816,7
-1,1552.17,5.3626,0.00648389,4.99933,2.54896,1291.56,10.0583,177.222,0,12.0455,46.4871,1.8816,4.9
-2,1506.27,5.31279,0.00580137,4.98062,2.45674,1301.88,10.2017,121.038,0,12.0403,46.5037,1.85462,4.9
2,1506.27,5.31279,0.00580137,4.98062,2.45674,1301.88,10.2017,121.038,0,12.0403,46.5037,1.85462,4.9
0,1691.69,5.39719,0.010751,5.15701,3.99909,1282.91,10.049,323.701,0,12.0964,46.4861,1.87944,4.9
-1,1691.69,5.39719,0.010751,5.15701,3.99909,1282.91,10.049,323.701,0,12.0964,46.4861,1.87944,7
-2,1596.42,5.46601,0.0119434,5.34703,6.09272,1295.33,10.7117,212.904,0,12.1637,46.5624,1.8277,7
1,1596.42,5.46601,0.0119434,5.34703,6.09272,1295.33,10.7117,212.904,0,12.1637,46.5624,1.8277,7
-1,1596.42,5.46601,0.0119434,5.34703,6.09272,1295.33,10.7117,212.904,0,12.1637,46.5624,1.8277,4.9
-2,1538.65,5.43219,0.0102191,5.30711,5.4937,1306.84,10.8945,144.126,0,12.1518,46.5837,1.81127,4.9
2,1538.65,5.43219,0.0102191,5.30711,5.4937,1306.84,10.8945,144.126,0,12.1518,46.5837,1.81127,4.9
0,1743.52,5.57767,0.0205884,5.52571,9.85725,1286.35,10.705,364.874,0,12.222,46.5617,1.82576,4.9
-1,1743.52,5.57767,0.0205884,5.52571,9.85725,1286.35,10.705,364.874,0,12.222,46.5617,1.82576,7
-2,1636.67,5.59208,0.0211985,5.73538,12.9178,1299.54,11.5054,240.622,0,12.2984,46.6542,1.78337,7
1,1636.67,5.59208,0.0211985,5.73538,12.9178,1299.54,11.5054,240.622,0,12.2984,46.6542,1.78337,7
-1,1636.67,5.59208,0.0211985,5.73538,12.9178,1299.54,11.5054,240.622,0,12.2984,46.6542,1.78337,4.9
-2,1570.41,5.75892,0.0173008,5.68158,11.265,1312.04,11.7644,163.14,0,12.2824,46.6845,1.77326,4.9
2,1570.41,5.75892,0.0173008,5.68158,11.265,1312.04,11.7644,163.14,0,12.2824,46.6845,1.77326,4.9
0,1782.08,5.7339,0.0343597,5.93927,21.2659,1290.22,11.5009,386.583,0,12.3658,46.6537,1.78185,4.9
-1,1782.08,5.7339,0.0343597,5.93927,21.2659,1290.22,11.5009,386.583,0,12.3658,46.6537,1.78185,7
-2,1671.32,5.558,0.0347771,6.15849,24.3902,1304.06,12.4552,257.701,0,12.4488,46.7645,1.74528,7
1,1671.32,5.558,0.0347771,6.15849,24.3902,1304.06,12.4552,257.701,0,12.4488,46.7645,1.74528,7
-1,1671.32,5.558,0.0347771,6.15849,24.3902,1304.06,12.4552,257.701,0,12.4488,46.7645,1.74528,4.9
-2,1599.44,5.88021,0.0295574,6.09175,20.0399,1317.51,12.8227,176.096,0,12.429,46.8078,1.73587,4.9
2,1599.44,5.88021,0.0295574,6.09175,20.0399,1317.51,12.8227,176.096,0,12.429,46.8078,1.73587,4.9
0,1808.09,6.00808,0.056262,6.39093,39.5478,1294.43,12.4524,388.165,0,12.5267,46.7642,1.74386,4.9
-1,1808.09,6.00808,0.056262,6.39093,39.5478,1294.43,12.4524,388.165,0,12.5267,46.7642,1.74386,7
-2,1701.4,6.91643,0.0548948,6.61861,41.3558,1308.88,13.5902,262.755,0,12.6164,46.8971,1.71052,7
1,1701.4,6.91643,0.0548948,6.61861,41.3558,1308.88,13.5902,262.755,0,12.6164,46.8971,1.71052,7
-1,1701.4,6.91643,0.0548948,6.61861,41.3558,1308.88,13.5902,262.755,0,12.6164,46.8971,1.71052,4.9
-2,1627.14,6.04081,0.0440544,6.55664,33.514,1323.04,14.1011,182.583,0,12.5988,46.9577,1.69741,4.9
2,1627.14,6.04081,0.0440544,6.55664,33.514,1323.04,14.1011,182.583,0,12.5988,46.9577,1.69741,4.9
0,1826.84,7.56363,0.0839146,6.88243,66.7366,1298.95,13.5888,371.714,0,12.7062,46.8969,1.7091,4.9
-1,1826.84,7.56363,0.0839146,6.88243,66.7366,1298.95,13.5888,371.714,0,12.7062,46.8969,1.7091,7
-2,1726.62,7.18612,0.0800403,7.10491,64.0176,1313.94,14.8871,257.874,0,12.7972,47.0498,1.67778,7
1,1726.62,7.18612,0.0800403,7.10491,64.0176,1313.94,14.8871,257.874,0,12.7972,47.0498,1.67778,7
-1,1726.62,7.18612,0.0800403,7.10491,64.0176,1313.94,14.8871,257.874,0,12.7972,47.0498,1.67778,4.9
-2,1652.93,6.86025,0.0666558,7.02276,50.1139,1328.81,15.4893,183.006,0,12.7734,47.122,1.65836,4.9
2,1652.93,6.86025,0.0666558,7.02276,50.1139,1328.81,15.4893,183.006,0,12.7734,47.122,1.65836,4.9
0,1842.45,8.1057,0.117386,7.39909,102.281,1303.74,14.8866,344.292,0,12.8988,47.0497,1.67634,4.9
-1,1842.45,8.1057,0.117386,7.39909,102.281,1303.74,14.8866,344.292,0,12.8988,47.0497,1.67634,7
-2,1750.61,7.62781,0.106572,7.57206,91.8134,1319.39,16.2496,246.016,0,12.9746,47.2116,1.64563,7
1,1750.61,7.62781,0.106572,7.57206,91.8134,1319.39,16.2496,246.016,0,12.9746,47.2116,1.64563,7
0,1960.8,9.57534,0.172137,7.69186,160.756,1293.44,14.8864,412.558,0,12.9999,47.0497,1.67384,7
-1,1960.8,9.57534,0.172137,7.69186,160.756,1293.44,14.8864,412.558,0,12.9999,47.0497,1.67384,7
-2,1856.04,8.97227,0.157395,7.98514,150.853,1309.71,16.6152,299.731,0,13.1234,47.2547,1.63911,7
1,1856.04,8.97227,0.157395,7.98514,150.853,1309.71,16.6152,299.731,0,13.1234,47.2547,1.63911,7
0,2084.59,11.8374,0.242225,7.98321,249.133,1283.01,14.8866,455.684,0,13.1004,47.0497,1.67144,7
-1,2084.59,11.8374,0.242225,7.98321,249.133,1283.01,14.8866,455.684,0,13.1004,47.0497,1.67144,7
-2,1970.32,11.1215,0.213239,8.18198,228.998,1299.91,16.7562,343.053,0,13.1839,47.2708,1.63685,7
1,1970.32,11.1215,0.213239,8.18198,228.998,1299.91,16.7562,343.053,0,13.1839,47.2708,1.63685,7
0,2228.17,15.0679,0.328977,8.27316,377.852,1272.45,14.887,477.398,0,13.2004,47.0498,1.66901,7
-1,2228.17,15.0679,0.328977,8.27316,377.852,1272.45,14.887,477.398,0,13.2004,47.0498,1.66901,7
-2,2096.45,13.6762,0.26078,8.11693,325.354,1289.92,17.036,380.008,0,13.1421,47.302,1.63707,7
1,2096.45,13.6762,0.26078,8.11693,325.354,1289.92,17.036,380.008,0,13.1421,47.302,1.63707,7
-1,2096.45,13.6762,0.26078,8.11693,325.354,1289.92,17.036,380.008,0,13.1421,47.302,1.63707,4.9
-2,1986.22,12.3188,0.222109,8.27487,275.481,1308.05,18.8253,300.714,0,13.2133,47.5159,1.59879,4.9
2,1986.22,12.3188,0.222109,8.27487,275.481,1308.05,18.8253,300.714,0,13.2133,47.5159,1.59879,4.9
-1,1986.22,12.3188,0.222109,8.27487,275.481,1308.05,18.8253,300.714,0,13.2133,47.5159,1.59879,3.43
-2,1885.97,11.1566,0.194433,8.4855,219.622,1326.13,19.8332,238.047,0,13.3108,47.6408,1.55123,3.43
3,1885.97,11.1566,0.194433,8.4855,219.622,1326.13,19.8332,238.047,0,13.3108,47.6408,1.55123,3.43
-1,1885.97,11.1566,0.194433,8.4855,219.622,1326.13,19.8332,238.047,0,13.3108,47.6408,1.55123,2.401
-2,1795.08,9.5263,0.161614,8.53955,162.319,1343.43,20.2239,188.349,0,13.3489,47.6926,1.48656,2.401
4,1795.08,9.5263,0.161614,8.53955,162.319,1343.43,20.2239,188.349,0,13.3489,47.6926,1.48656,2.401
-1,1795.08,9.5263,0.161614,8.53955,162.319,1343.43,20.2239,188.349,0,13.3489,47.6926,1.48656,1.6807
-2,1715.62,8.1615,0.125944,8.31502,109.055,1359.54,19.8497,148.238,0,13.2717,47.6504,1.40923,1.6807
5,1715.62,8.1615,0.125944,8.31502,109.055,1359.54,19.8497,148.238,0,13.2717,47.6504,1.40923,1.6807
-1,1715.62,8.1615,0.125944,8.31502,109.055,1359.54,19.8497,148.238,0,13.2717,47.6504,1.40923,1.17649
-2,1651.2,7.12838,0.0830696,7.79034,66.3922,1373.9,18.4938,115.486,0,13.0667,47.4878,1.37027,1.17649
6,1651.2,7.12838,0.0830696,7.79034,66.3922,1373.9,18.4938,115.486,0,13.0667,47.4878,1.37027,1.17649
0,1810.45,9.56548,0.171607,8.6806,166.607,1349,19.8506,194.114,0,13.4025,47.6505,1.40881,1.17649
-1,1810.45,9.56548,0.171607,8.6806,166.607,1349,19.8506,194.114,0,13.4025,47.6505,1.40881,7
-2,1735.51,8.59395,0.12923,8.44076,115.989,1366.03,20.0818,153.879,0,13.311,47.6809,1.37519,7
1,1735.51,8.59395,0.12923,8.44076,115.989,1366.03,20.0818,153.879,0,13.311,47.6809,1.37519,7
-1,1735.51,8.59395,0.12923,8.44076,115.989,1366.03,20.0818,153.879,0,13.311,47.6809,1.37519,4.9
-2,1671.31,7.44239,0.0882987,7.92771,72.0392,1381.83,19.3065,120.637,0,13.1106,47.5884,1.34519,4.9
2,1671.31,7.44239,0.0882987,7.92771,72.0392,1381.83,19.3065,120.637,0,13.1106,47.5884,1.34519,4.9
-1,1671.31,7.44239,0.0882987,7.92771,72.0392,1381.83,19.3065,120.637,0,13.1106,47.5884,1.34519,3.43
-2,1621.5,6.7067,0.0523105,7.22768,39.4046,1395.41,17.5886,93.5445,0,12.8396,47.3817,1.34441,3.43
3,1621.5,6.7067,0.0523105,7.22768,39.4046,1395.41,17.5886,93.5445,0,12.8396,47.3817,1.34441,3.43
-1,1621.5,6.7067,0.0523105,7.22768,39.4046,1395.41,17.5886,93.5445,0,12.8396,47.3817,1.34441,2.401
-2,1586.28,5.88373,0.0278836,6.50252,18.7093,1405.96,15.3906,72.7223,0,12.567,47.1187,1.39243,2.401
4,1586.28,5.88373,0.0278836,6.50252,18.7093,1405.96,15.3906,72.7223,0,12.567,47.1187,1.39243,2.401
0,1694.4,7.27296,0.0713003,7.53789,61.6068,1384.43,17.5891,154.214,0,12.9476,47.3818,1.34419,2.401
-1,1694.4,7.27296,0.0713003,7.53789,61.6068,1384.43,17.5891,154.214,0,12.9476,47.3818,1.34419,7
-2,1643.51,6.50694,0.0477389,7.12174,37.5676,1398.45,16.9476,115.436,0,12.7911,47.3054,1.3397,7
1,1643.51,6.50694,0.0477389,7.12174,37.5676,1398.45,16.9476,115.436,0,12.7911,47.3054,1.3397,7
-1,1643.51,6.50694,0.0477389,7.12174,37.5676,1398.45,16.9476,115.436,0,12.7911,47.3054,1.3397,4.9
-2,1605.71,5.83977,0.0282011,6.55674,19.4394,1410.3,15.5621,86.9035,0,12.5823,47.14,1.36267,4.9
2,1605.71,5.83977,0.0282011,6.55674,19.4394,1410.3,15.5621,86.9035,0,12.5823,47.14,1.36267,4.9
-1,1605.71,5.83977,0.0282011,6.55674,19.4394,1410.3,15.5621,86.9035,0,12.5823,47.14,1.36267,3.43
-2,1581.22,5.71257,0.015376,6.01019,8.88356,1419.3,13.9109,66.6339,0,12.3854,46.9438,1.41824,3.43
3,1581.22,5.71257,0.015376,6.01019,8.88356,1419.3,13.9109,66.6339,0,12.3854,46.9438,1.41824,3.43
0,1676.82,6.13233,0.0389269,6.81007,30.5301,1398.97,15.5623,157.603,0,12.6681,47.14,1.3622,3.43
-1,1676.82,6.13233,0.0389269,6.81007,30.5301,1398.97,15.5623,157.603,0,12.6681,47.14,1.3622,7
-2,1632.47,5.84647,0.0259586,6.50444,18.8168,1411.58,15.0827,113.61,0,12.5583,47.0832,1.36235,7
1,1632.47,5.84647,0.0259586,6.50444,18.8168,1411.58,15.0827,113.61,0,12.5583,47.0832,1.36235,7
0,1776.77,6.5607,0.0556966,7.06221,47.6359,1387.59,15.5623,251.048,0,12.7535,47.14,1.3605,7
-1,1776.77,6.5607,0.0556966,7.06221,47.6359,1387.59,15.5623,251.048,0,12.7535,47.14,1.3605,7
-2,1706.03,6.30882,0.0462733,7.04955,37.2221,1402.11,16.0377,175.967,0,12.753,47.1968,1.33527,7
1,1706.03,6.30882,0.0462733,7.04955,37.2221,1402.11,16.0377,175.967,0,12.753,47.1968,1.33527,7
0,1894.75,7.2214,0.0832094,7.31317,73.7288,1376.09,15.5622,353.415,0,12.8384,47.14,1.35871,7
-1,1894.75,7.2214,0.0832094,7.31317,73.7288,1376.09,15.5622,353.415,0,12.8384,47.14,1.35871,7
-2,1797.63,6.70416,0.0803806,7.5905,67.4148,1391.52,16.7963,245.966,0,12.9493,47.2872,1.31853,7
1,1797.63,6.70416,0.0803806,7.5905,67.4148,1391.52,16.7963,245.966,0,12.9493,47.2872,1.31853,7
-1,1797.63,6.70416,0.0803806,7.5905,67.4148,1391.52,16.7963,245.966,0,12.9493,47.2872,1.31853,4.9
-2,1725.68,6.69099,0.0643894,7.51293,51.0439,1406.66,17.2444,174.892,0,12.9277,47.3406,1.29494,4.9
2,1725.68,6.69099,0.0643894,7.51293,51.0439,1406.66,17.2444,174.892,0,12.9277,47.3406,1.29494,4.9
0,1907.72,7.67403,0.116035,7.87831,104.673,1379.71,16.7962,329.221,0,13.0484,47.2872,1.31774,4.9
-1,1907.72,7.67403,0.116035,7.87831,104.673,1379.71,16.7962,329.221,0,13.0484,47.2872,1.31774,7
-2,1817.87,7.84251,0.104419,8.07156,90.8734,1395.86,18.0992,235.158,0,13.1328,47.443,1.28583,7
1,1817.87,7.84251,0.104419,8.07156,90.8734,1395.86,18.0992,235.158,0,13.1328,47.443,1.28583,7
0,2022.38,9.05602,0.164104,8.1648,161.209,1367.82,16.7959,397.419,0,13.147,47.2871,1.31599,7
-1,2022.38,9.05602,0.164104,8.1648,161.209,1367.82,16.7959,397.419,0,13.147,47.2871,1.31599,7
-2,1918.54,9.41378,0.153746,8.49497,146.718,1384.62,18.4987,288.591,0,13.2856,47.4907,1.28018,7
1,1918.54,9.41378,0.153746,8.49497,146.718,1384.62,18.4987,288.591,0,13.2856,47.4907,1.28018,7
-1,1918.54,9.41378,0.153746,8.49497,146.718,1384.62,18.4987,288.591,0,13.2856,47.4907,1.28018,4.9
-2,1831.56,8.26606,0.133036,8.5836,117.632,1401.33,19.6896,213.708,0,13.3359,47.6342,1.24911,4.9
2,1831.56,8.26606,0.133036,8.5836,117.632,1401.33,19.6896,213.708,0,13.3359,47.6342,1.24911,4.9
0,2031.54,11.3354,0.212811,8.81466,222.77,1372.46,18.4983,335.288,0,13.3974,47.4906,1.27961,4.9
-1,2031.54,11.3354,0.212811,8.81466,222.77,1372.46,18.4983,335.288,0,13.3974,47.4906,1.27961,7
-2,1933.5,10.0772,0.186414,8.97015,185.737,1390.16,20.1257,255.836,0,13.4722,47.6869,1.25101,7
1,1933.5,10.0772,0.186414,8.97015,185.737,1390.16,20.1257,255.836,0,13.4722,47.6869,1.25101,7
0,2160.13,14.0456,0.288072,9.13288,332.277,1360.23,18.4974,363.387,0,13.5086,47.4905,1.27811,7
-1,2160.13,14.0456,0.288072,9.13288,332.277,1360.23,18.4974,363.387,0,13.5086,47.4905,1.27811,7
-2,2045.02,12.2574,0.239988,9.14682,271.463,1378.89,20.304,290.241,0,13.5231,47.7075,1.24869,7
1,2045.02,12.2574,0.239988,9.14682,271.463,1378.89,20.304,290.241,0,13.5231,47.7075,1.24869,7
-1,2045.02,12.2574,0.239988,9.14682,271.463,1378.89,20.304,290.241,0,13.5231,47.7075,1.24869,4.9
-2,1942.69,10.6707,0.202345,9.21152,211.271,1397.51,21.5388,229.642,0,13.567,47.8581,1.21905,4.9
2,1942.69,10.6707,0.202345,9.21152,211.271,1397.51,21.5388,229.642,0,13.567,47.8581,1.21905,4.9
-1,1942.69,10.6707,0.202345,9.21152,211.271,1397.51,21.5388,229.642,0,13.567,47.8581,1.21905,3.43
-2,1851.42,8.9882,0.164024,9.1222,152.468,1415.34,22.0063,180.677,0,13.5518,47.9168,1.1854,3.43
3,1851.42,8.9882,0.164024,9.1222,152.468,1415.34,22.0063,180.677,0,13.5518,47.9168,1.1854,3.43
-1,1851.42,8.9882,0.164024,9.1222,152.468,1415.34,22.0063,180.677,0,13.5518,47.9168,1.1854,2.401
-2,1774.48,8.11148,0.118331,8.7433,100.677,1431.64,21.4755,141.306,0,13.4128,47.8537,1.14937,2.401
4,1774.48,8.11148,0.118331,8.7433,100.677,1431.64,21.4755,141.306,0,13.4128,47.8537,1.14937,2.401
-1,1774.48,8.11148,0.118331,8.7433,100.677,1431.64,21.4755,141.306,0,13.4128,47.8537,1.14937,1.6807
-2,1711.05,6.83198,0.0760786,8.10583,58.6806,1445.71,19.8301,109.847,0,13.1623,47.654,1.14593,1.6807
5,1711.05,6.83198,0.0760786,8.10583,58.6806,1445.71,19.8301,109.847,0,13.1623,47.654,1.14593,1.6807
0,1863.43,9.52693,0.162646,9.12229,153.173,1419.19,21.4717,188.237,0,13.5492,47.8532,1.14924,1.6807
-1,1863.43,9.52693,0.162646,9.12229,153.173,1419.19,21.4717,188.237,0,13.5492,47.8532,1.14924,7
-2,1789.21,7.96331,0.12142,8.76932,104.138,1436.18,21.4677,148.161,0,13.4169,47.8543,1.13219,7
1,1789.21,7.96331,0.12142,8.76932,104.138,1436.18,21.4677,148.161,0,13.4169,47.8543,1.13219,7
-1,1789.21,7.96331,0.12142,8.76932,104.138,1436.18,21.4677,148.161,0,13.4169,47.8543,1.13219,4.9
-2,1727.02,7.04783,0.0800495,8.13318,62.5194,1451.75,20.3291,115.147,0,13.1702,47.7166,1.12271,4.9
2,1727.02,7.04783,0.0800495,8.13318,62.5194,1451.75,20.3291,115.147,0,13.1702,47.7166,1.12271,4.9
-1,1727.02,7.04783,0.0800495,8.13318,62.5194,1451.75,20.3291,115.147,0,13.1702,47.7166,1.12271,3.43
-2,1679.57,6.07818,0.045843,7.37295,32.8181,1464.68,18.3412,88.7305,0,12.878,47.4761,1.14464,3.43
3,1679.57,6.07818,0.045843,7.37295,32.8181,1464.68,18.3412,88.7305,0,12.878,47.4761,1.14464,3.43
-1,1679.57,6.07818,0.045843,7.37295,32.8181,1464.68,18.3412,88.7305,0,12.878,47.4761,1.14464,2.401
-2,1647.43,5.55879,0.0243858,6.64845,14.9179,1474.39,16.0087,68.868,0,12.6073,47.1959,1.21225,2.401
4,1647.43,5.55879,0.0243858,6.64845,14.9179,1474.39,16.0087,68.868,0,12.6073,47.1959,1.21225,2.401
-1,1647.43,5.55879,0.0243858,6.64845,14.9179,1474.39,16.0087,68.868,0,12.6073,47.1959,1.21225,1.6807
-2,1628.21,5.72316,0.0126815,6.08613,6.13441,1480.96,13.9241,54.7039,0,12.4036,46.9475,1.31244,1.6807
5,1628.21,5.72316,0.0126815,6.08613,6.13441,1480.96,13.9241,54.7039,0,12.4036,46.9475,1.31244,1.6807
-1,1628.21,5.72316,0.0126815,6.08613,6.13441,1480.96,13.9241,54.7039,0,12.4036,46.9475,1.31244,1.17649
-2,1616.5,5.51075,0.007665,5.71343,2.38845,1484.98,12.339,45.1007,0,12.2718,46.7601,1.42582,1.17649
6,1616.5,5.51075,0.007665,5.71343,2.38845,1484.98,12.339,45.1007,0,12.2718,46.7601,1.42582,1.17649
-1,1616.5,5.51075,0.007665,5.71343,2.38845,1484.98,12.339,45.1007,0,12.2718,46.7601,1.42582,0.823543
-2,1609.24,5.39584,0.00603742,5.47775,1.00276,1487.26,11.1873,38.551,0,12.1897,46.6246,1.54035,0.823543
7,1609.24,5.39584,0.00603742,5.47775,1.00276,1487.26,11.1873,38.551,0,12.1897,46.6246,1.54035,0.823543
-1,1609.24,5.39584,0.00603742,5.47775,1.00276,1487.26,11.1873,38.551,0,12.1897,46.6246,1.54035,0.57648
-2,1603.89,4.83087,0.00486352,5.34118,0.543524,1488.4,10.3711,34.09,0,12.1424,46.5289,1.6433,0.57648
8,1603.89,4.83087,0.00486352,5.34118,0.543524,1488.4,10.3711,34.09,0,12.1424,46.5289,1.6433,0.57648
-1,1603.89,4.83087,0.00486352,5.34118,0.543524,1488.4,10.3711,34.09,0,12.1424,46.5289,1.6433,0.403536
-2,1600.91,5.31192,0.00534656,5.25612,0.467451,1488.84,9.76542,30.953,0,12.113,46.4581,1.73477,0.403536
9,1600.91,5.31192,0.00534656,5.25612,0.467451,1488.84,9.76542,30.953,0,12.113,46.4581,1.73477,0.403536
-1,1600.91,5.31192,0.00534656,5.25612,0.467451,1488.84,9.76542,30.953,0,12.113,46.4581,1.73477,0.282475
-2,1598.53,5.73382,0.00558286,5.21547,0.483441,1488.56,9.31351,28.9014,0,12.0987,46.4053,1.81976,0.282475
10,1598.53,5.73382,0.00558286,5.21547,0.483441,1488.56,9.31351,28.9014,0,12.0987,46.4053,1.81976,0.282475
-1,1598.53,5.73382,0.00558286,5.21547,0.483441,1488.56,9.31351,28.9014,0,12.0987,46.4053,1.81976,0.197733
-2,1595.81,5.39354,0.00551803,5.19767,0.491147,1487.74,8.95273,27.6731,0,12.0921,46.3632,1.90122,0.197733
11,1595.81,5.39354,0.00551803,5.19767,0.491147,1487.74,8.95273,27.6731,0,12.0921,46.3632,1.90122,0.197733
-1,1595.81,5.39354,0.00551803,5.19767,0.491147,1487.74,8.95273,27.6731,0,12.0921,46.3632,1.90122,0.138413
-2,1593.98,5.62724,0.00590194,5.1876,0.524352,1486.85,8.64636,26.7423,0,12.0882,46.3274,1.97104,0.138413
12,1593.98,5.62724,0.00590194,5.1876,0.524352,1486.85,8.64636,26.7423,0,12.0882,46.3274,1.97104,0.138413
-1,1593.98,5.62724,0.00590194,5.1876,0.524352,1486.85,8.64636,26.7423,0,12.0882,46.3274,1.97104,0.096889
-2,1592.41,5.88525,0.00623429,5.18366,0.589942,1485.73,8.38773,26.2001,0,12.0865,46.2973,2.037,0.096889
13,1592.41,5.88525,0.00623429,5.18366,0.589942,1485.73,8.38773,26.2001,0,12.0865,46.2973,2.037,0.096889
-1,1592.41,5.88525,0.00623429,5.18366,0.589942,1485.73,8.38773,26.2001,0,12.0865,46.2973,2.037,0.0678223
-2,1590.38,5.64878,0.0056862,5.18699,0.523395,1484.38,8.17437,25.9945,0,12.0873,46.2724,2.1035,0.0678223
14,1590.38,5.64878,0.0056862,5.18699,0.523395,1484.38,8.17437,25.9945,0,12.0873,46.2724,2.1035,0.0678223
-1,1590.38,5.64878,0.0056862,5.18699,0.523395,1484.38,8.17437,25.9945,0,12.0873,46.2724,2.1035,0.0474756
-2,1588.94,5.79374,0.00560464,5.18475,0.501279,1483.22,7.97016,25.7644,0,12.0863,46.2487,2.16309,0.0474756
15,1588.94,5.79374,0.00560464,5.18475,0.501279,1483.22,7.97016,25.7644,0,12.0863,46.2487,2.16309,0.0474756
-1,1588.94,5.79374,0.00560464,5.18475,0.501279,1483.22,7.97016,25.7644,0,12.0863,46.2487,2.16309,0.0332329
-2,1587.43,5.73502,0.00560326,5.18182,0.499553,1482.07,7.78039,25.6238,0,12.0852,46.2266,2.22025,0.0332329
16,1587.43,5.73502,0.00560326,5.18182,0.499553,1482.07,7.78039,25.6238,0,12.0852,46.2266,2.22025,0.0332329
-1,1587.43,5.73502,0.00560326,5.18182,0.499553,1482.07,7.78039,25.6238,0,12.0852,46.2266,2.22025,0.0232631
-2,1586.29,5.84858,0.00670542,5.17824,0.561414,1480.96,7.61164,25.5548,0,12.0839,46.207,2.27526,0.0232631
17,1586.29,5.84858,0.00670542,5.17824,0.561414,1480.96,7.61164,25.5548,0,12.0839,46.207,2.27526,0.0232631
-1,1586.29,5.84858,0.00670542,5.17824,0.561414,1480.96,7.61164,25.5548,0,12.0839,46.207,2.27526,0.0162841
-2,1584.54,5.34012,0.00599635,5.18065,0.495823,1479.76,7.47527,25.6655,0,12.0847,46.1912,2.33364,0.0162841
18,1584.54,5.34012,0.00599635,5.18065,0.495823,1479.76,7.47527,25.6655,0,12.0847,46.1912,2.33364,0.0162841
-1,1584.54,5.34012,0.00599635,5.18065,0.495823,1479.76,7.47527,25.6655,0,12.0847,46.1912,2.33364,0.0113989
-2,1583.44,5.34821,0.00572726,5.1748,0.485736,1478.8,7.33632,25.6428,0,12.0828,46.1751,2.38472,0.0113989
19,1583.44,5.34821,0.00572726,5.1748,0.485736,1478.8,7.33632,25.6428,0,12.0828,46.1751,2.38472,0.0113989
-1,1583.44,5.34821,0.00572726,5.1748,0.485736,1478.8,7.33632,25.6428,0,12.0828,46.1751,2.38472,0.00797923
-2,1582.44,5.37763,0.00552052,5.17147,0.468719,1478.02,7.2111,25.5119,0,12.0817,46.1606,2.42747,0.00797923
20,1582.44,5.37763,0.00552052,5.17147,0.468719,1478.02,7.2111,25.5119,0,12.0817,46.1606,2.42747,0.00797923
-1,1582.44,5.37763,0.00552052,5.17147,0.468719,1478.02,7.2111,25.5119,0,12.0817,46.1606,2.42747,0.00558546
-2,1581.56,5.43848,0.00544644,5.16515,0.456538,1477.28,7.09196,25.4281,0,12.0797,46.1468,2.4714,0.00558546
21,1581.56,5.43848,0.00544644,5.16515,0.456538,1477.28,7.09196,25.4281,0,12.0797,46.1468,2.4714,0.00558546
0,1607.06,5.40419,0.0054992,5.27997,0.45858,1467.35,7.0745,60.7608,0,12.116,46.1449,2.46221,0.00390982
-1,1607.06,5.40419,0.0054992,5.27997,0.45858,1467.35,7.0745,60.7608,0,12.116,46.1449,2.46221,7
-2,1599.68,5.65741,0.00542248,5.38633,0.288464,1472.27,7.25525,48.0835,0,12.1509,46.1654,2.41887,7
1,1599.68,5.65741,0.00542248,5.38633,0.288464,1472.27,7.25525,48.0835,0,12.1509,46.1654,2.41887,7
0,1669.74,5.34394,0.00549553,5.39435,0.474319,1457.17,7.05415,133.545,0,12.1522,46.1426,2.45571,7
-1,1669.74,5.34394,0.00549553,5.39435,0.474319,1457.17,7.05415,133.545,0,12.1522,46.1426,2.45571,7
-2,1638.78,5.66224,0.00559487,5.60726,0.285811,1465.87,7.44333,93.1412,0,12.2224,46.187,2.35496,7
1,1638.78,5.66224,0.00559487,5.60726,0.285811,1465.87,7.44333,93.1412,0,12.2224,46.187,2.35496,7
0,1789.77,5.37992,0.00583189,5.50822,0.496459,1446.78,7.03073,263.79,0,12.1882,46.1399,2.45064,7
-1,1789.77,5.37992,0.00583189,5.50822,0.496459,1446.78,7.03073,263.79,0,12.1882,46.1399,2.45064,7
-2,1711.19,5.14198,0.00554584,5.86863,0.506894,1458.1,7.6519,173.075,0,12.308,46.2108,2.31867,7
1,1711.19,5.14198,0.00554584,5.86863,0.506894,1458.1,7.6519,173.075,0,12.308,46.2108,2.31867,7
-1,1711.19,5.14198,0.00554584,5.86863,0.506894,1458.1,7.6519,173.075,0,12.308,46.2108,2.31867,4.9
-2,1667.47,5.86609,0.00636436,5.98233,0.846253,1468.2,7.92201,117.83,0,12.3465,46.2417,2.22989,4.9
2,1667.47,5.86609,0.00636436,5.98233,0.846253,1468.2,7.92201,117.83,0,12.3465,46.2417,2.22989,4.9
0,1849.4,5.16731,0.00766049,6.0043,0.705688,1447.31,7.63385,321.696,0,12.3513,46.2088,2.31634,4.9
-1,1849.4,5.16731,0.00766049,6.0043,0.705688,1447.31,7.63385,321.696,0,12.3513,46.2088,2.31634,7
-2,1753.05,5.47609,0.00897874,6.3176,2.38164,1459.77,8.2572,209.881,0,12.4578,46.28,2.21469,7
1,1753.05,5.47609,0.00897874,6.3176,2.38164,1459.77,8.2572,209.881,0,12.4578,46.28,2.21469,7
-1,1753.05,5.47609,0.00897874,6.3176,2.38164,1459.77,8.2572,209.881,0,12.4578,46.28,2.21469,4.9
-2,1697.04,5.86746,0.00933537,6.37261,2.73513,1471.1,8.50083,141.519,0,12.4774,46.3079,2.15222,4.9
2,1697.04,5.86746,0.00933537,6.37261,2.73513,1471.1,8.50083,141.519,0,12.4774,46.3079,2.15222,4.9
-1,1697.04,5.86746,0.00933537,6.37261,2.73513,1471.1,8.50083,141.519,0,12.4774,46.3079,2.15222,3.43
-2,1663.67,5.81723,0.00825609,6.28686,2.20416,1480.63,8.4572,99.384,0,12.4489,46.303,2.12942,3.43
3,1663.67,5.81723,0.00825609,6.28686,2.20416,1480.63,8.4572,99.384,0,12.4489,46.303,2.12942,3.43
-1,1663.67,5.81723,0.00825609,6.28686,2.20416,1480.63,8.4572,99.384,0,12.4489,46.303,2.12942,2.401
-2,1643.38,5.48134,0.00683578,6.12657,1.41895,1488.3,8.19954,73.0342,0,12.3949,46.2734,2.14076,2.401
4,1643.38,5.48134,0.00683578,6.12657,1.41895,1488.3,8.19954,73.0342,0,12.3949,46.2734,2.14076,2.401
-1,1643.38,5.48134,0.00683578,6.12657,1.41895,1488.3,8.19954,73.0342,0,12.3949,46.2734,2.14076,1.6807
-2,1631.19,5.25686,0.00632754,5.95306,0.833386,1494.14,7.86163,56.3875,0,12.3367,46.2347,2.17694,1.6807
5,1631.19,5.25686,0.00632754,5.95306,0.833386,1494.14,7.86163,56.3875,0,12.3367,46.2347,2.17694,1.6807
-1,1631.19,5.25686,0.00632754,5.95306,0.833386,1494.14,7.86163,56.3875,0,12.3367,46.2347,2.17694,1.17649
-2,1624.18,5.48393,0.00586791,5.8018,0.529232,1498.37,7.53187,45.7376,0,12.2863,46.1969,2.2316,1.17649
6,1624.18,5.48393,0.00586791,5.8018,0.529232,1498.37,7.53187,45.7376,0,12.2863,46.1969,2.2316,1.17649
-1,1624.18,5.48393,0.00586791,5.8018,0.529232,1498.37,7.53187,45.7376,0,12.2863,46.1969,2.2316,0.823543
-2,1619.74,5.50819,0.00567884,5.67251,0.384213,1501.18,7.23107,39.0499,0,12.2435,46.1625,2.3021,0.823543
7,1619.74,5.50819,0.00567884,5.67251,0.384213,1501.18,7.23107,39.0499,0,12.2435,46.1625,2.3021,0.823543
-1,1619.74,5.50819,0.00567884,5.67251,0.384213,1501.18,7.23107,39.0499,0,12.2435,46.1625,2.3021,0.57648
-2,1616.82,5.55721,0.00594031,5.56347,0.295584,1502.92,6.96924,34.7919,0,12.2077,46.1325,2.3812,0.57648
8,1616.82,5.55721,0.00594031,5.56347,0.295584,1502.92,6.96924,34.7919,0,12.2077,46.1325,2.3812,0.57648
-1,1616.82,5.55721,0.00594031,5.56347,0.295584,1502.92,6.96924,34.7919,0,12.2077,46.1325,2.3812,0.403536
-2,1614.56,5.37535,0.00582959,5.48582,0.27998,1503.88,6.76806,32.0079,0,12.1824,46.1095,2.46225,0.403536
9,1614.56,5.37535,0.00582959,5.48582,0.27998,1503.88,6.76806,32.0079,0,12.1824,46.1095,2.46225,0.403536
-1,1614.56,5.37535,0.00582959,5.48582,0.27998,1503.88,6.76806,32.0079,0,12.1824,46.1095,2.46225,0.282475
-2,1613.19,5.56624,0.00594871,5.42361,0.291503,1504.46,6.6008,30.0472,0,12.1622,46.0903,2.54327,0.282475
10,1613.19,5.56624,0.00594871,5.42361,0.291503,1504.46,6.6008,30.0472,0,12.1622,46.0903,2.54327,0.282475
-1,1613.19,5.56624,0.00594871,5.42361,0.291503,1504.46,6.6008,30.0472,0,12.1622,46.0903,2.54327,0.197733
-2,1611.84,5.42736,0.00586058,5.37128,0.295678,1504.64,6.45533,28.7958,0,12.1452,46.0737,2.62413,0.197733
11,1611.84,5.42736,0.00586058,5.37128,0.295678,1504.64,6.45533,28.7958,0,12.1452,46.0737,2.62413,0.197733
-1,1611.84,5.42736,0.00586058,5.37128,0.295678,1504.64,6.45533,28.7958,0,12.1452,46.0737,2.62413,0.138413
-2,1610.58,5.16726,0.00551192,5.32613,0.287182,1504.58,6.33144,27.9872,0,12.1307,46.0595,2.70152,0.138413
12,1610.58,5.16726,0.00551192,5.32613,0.287182,1504.58,6.33144,27.9872,0,12.1307,46.0595,2.70152,0.138413
-1,1610.58,5.16726,0.00551192,5.32613,0.287182,1504.58,6.33144,27.9872,0,12.1307,46.0595,2.70152,0.096889
-2,1610.25,5.63153,0.00599615,5.28646,0.327744,1504.41,6.22366,27.423,0,12.118,46.0472,2.77319,0.096889
13,1610.25,5.63153,0.00599615,5.28646,0.327744,1504.41,6.22366,27.423,0,12.118,46.0472,2.77319,0.096889
0,1640.06,5.70538,0.0060173,5.40731,0.318176,1494.26,6.17523,67.226,0,12.1563,46.0418,2.76625,0.0678223
-1,1640.06,5.70538,0.0060173,5.40731,0.318176,1494.26,6.17523,67.226,0,12.1563,46.0418,2.76625,7
-2,1630.89,5.48586,0.00593685,5.49324,0.255124,1499.75,6.31241,52.6136,0,12.1846,46.0573,2.73206,7
1,1630.89,5.48586,0.00593685,5.49324,0.255124,1499.75,6.31241,52.6136,0,12.1846,46.0573,2.73206,7
0,1711.71,5.67282,0.00607896,5.52724,0.3092,1483.89,6.12207,149.19,0,12.1944,46.0358,2.76063,7
-1,1711.71,5.67282,0.00607896,5.52724,0.3092,1483.89,6.12207,149.19,0,12.1944,46.0358,2.76063,7
-2,1675.81,5.63378,0.00606619,5.72696,0.385168,1493.24,6.43855,103.376,0,12.2605,46.0717,2.6692,7
1,1675.81,5.63378,0.00606619,5.72696,0.385168,1493.24,6.43855,103.376,0,12.2605,46.0717,2.6692,7
-1,1675.81,5.63378,0.00606619,5.72696,0.385168,1493.24,6.43855,103.376,0,12.2605,46.0717,2.6692,4.9
-2,1655.59,5.66125,0.00619557,5.76574,0.460724,1501.11,6.54552,75.0552,0,12.2738,46.0839,2.62606,4.9
2,1655.59,5.66125,0.00619557,5.76574,0.460724,1501.11,6.54552,75.0552,0,12.2738,46.0839,2.62606,4.9
0,1775.94,5.65401,0.00694385,5.85782,0.471267,1482.52,6.39289,214,0,12.3023,46.0666,2.66631,4.9
-1,1775.94,5.65401,0.00694385,5.85782,0.471267,1482.52,6.39289,214,0,12.3023,46.0666,2.66631,7
-2,1717.97,5.45894,0.00693022,6.0596,1.21638,1493.59,6.75817,143.819,0,12.3701,46.1081,2.58941,7
1,1717.97,5.45894,0.00693022,6.0596,1.21638,1493.59,6.75817,143.819,0,12.3701,46.1081,2.58941,7
0,1942.18,5.65563,0.00948043,5.98735,0.750527,1471.66,6.34071,390.714,0,12.3436,46.0607,2.66279,7
-1,1942.18,5.65563,0.00948043,5.98735,0.750527,1471.66,6.34071,390.714,0,12.3436,46.0607,2.66279,7
-2,1821.25,5.43055,0.0110957,6.38156,3.43192,1484.75,6.96549,253.106,0,12.4776,46.1317,2.564,7
1,1821.25,5.43055,0.0110957,6.38156,3.43192,1484.75,6.96549,253.106,0,12.4776,46.1317,2.564,7
0,2171.8,5.65138,0.0161296,6.11533,1.61501,1460.64,6.2825,630.384,0,12.3845,46.0542,2.65953,7
-1,2171.8,5.65138,0.0161296,6.11533,1.61501,1460.64,6.2825,630.384,0,12.3845,46.0542,2.65953,7
-2,1965.52,5.27208,0.0229008,6.73012,8.8362,1474.71,7.17069,401.474,0,12.5955,46.1551,2.54829,7
1,1965.52,5.27208,0.0229008,6.73012,8.8362,1474.71,7.17069,401.474,0,12.5955,46.1551,2.54829,7
-1,1965.52,5.27208,0.0229008,6.73012,8.8362,1474.71,7.17069,401.474,0,12.5955,46.1551,2.54829,4.9
-2,1846.62,5.42572,0.0259145,7.01269,12.807,1488.67,7.88108,263.382,0,12.6975,46.2362,2.47372,4.9
2,1846.62,5.42572,0.0259145,7.01269,12.807,1488.67,7.88108,263.382,0,12.6975,46.2362,2.47372,4.9
-1,1846.62,5.42572,0.0259145,7.01269,12.807,1488.67,7.88108,263.382,0,12.6975,46.2362,2.47372,3.43
-2,1773.99,5.81927,0.0232894,7.0056,11.8549,1501.89,8.19885,177.791,0,12.6979,46.2727,2.44411,3.43
3,1773.99,5.81927,0.0232894,7.0056,11.8549,1501.89,8.19885,177.791,0,12.6979,46.2727,2.44411,3.43
0,1995.46,5.65304,0.0420324,7.21674,21.2944,1477.09,7.83608,414.858,0,12.7652,46.2311,2.47295,3.43
-1,1995.46,5.65304,0.0420324,7.21674,21.2944,1477.09,7.83608,414.858,0,12.7652,46.2311,2.47295,7
-2,1878.33,6.26253,0.0426547,7.53176,26.3591,1491.8,8.75544,275.94,0,12.8806,46.3365,2.42304,7
1,1878.33,6.26253,0.0426547,7.53176,26.3591,1491.8,8.75544,275.94,0,12.8806,46.3365,2.42304,7
0,2163.4,6.03803,0.0660057,7.41857,36.6431,1465.44,7.78449,578.491,0,12.8321,46.2253,2.47034,7
-1,2163.4,6.03803,0.0660057,7.41857,36.6431,1465.44,7.78449,578.491,0,12.8321,46.2253,2.47034,7
-2,1999.98,6.7826,0.0730254,7.94938,50.2997,1480.6,9.06722,383.398,0,13.0283,46.3724,2.40617,7
1,1999.98,6.7826,0.0730254,7.94938,50.2997,1480.6,9.06722,383.398,0,13.0283,46.3724,2.40617,7
-1,1999.98,6.7826,0.0730254,7.94938,50.2997,1480.6,9.06722,383.398,0,13.0283,46.3724,2.40617,4.9
-2,1895.06,6.64019,0.0722154,8.18587,49.8392,1496.06,10.1444,262.142,0,13.1227,46.497,2.35327,4.9
2,1895.06,6.64019,0.0722154,8.18587,49.8392,1496.06,10.1444,262.142,0,13.1227,46.497,2.35327,4.9
0,2134.85,7.52691,0.108822,8.19473,82.4704,1468.6,9.01958,497.05,0,13.1115,46.367,2.40512,4.9
-1,2134.85,7.52691,0.108822,8.19473,82.4704,1468.6,9.01958,497.05,0,13.1115,46.367,2.40512,7
-2,2005.23,7.5662,0.113367,8.63914,89.2289,1484.54,10.4816,342.487,0,13.2832,46.536,2.35209,7
1,2005.23,7.5662,0.113367,8.63914,89.2289,1484.54,10.4816,342.487,0,13.2832,46.536,2.35209,7
0,2262.09,8.85909,0.160546,8.43727,133.048,1456.51,8.96601,584.151,0,13.1939,46.361,2.40292,7
-1,2262.09,8.85909,0.160546,8.43727,133.048,1456.51,8.96601,584.151,0,13.1939,46.361,2.40292,7
-2,2117.86,9.08204,0.165033,8.92664,144.493,1472.77,10.5912,409.551,0,13.3816,46.5487,2.35018,7
1,2117.86,9.08204,0.165033,8.92664,144.493,1472.77,10.5912,409.551,0,13.3816,46.5487,2.35018,7
0,2384.1,10.7955,0.225812,8.6767,210.982,1444.29,8.9074,638.2,0,13.2752,46.3544,2.40107,7
-1,2384.1,10.7955,0.225812,8.6767,210.982,1444.29,8.9074,638.2,0,13.2752,46.3544,2.40107,7
-2,2236.7,11.0541,0.213682,9.00347,219.76,1460.7,10.6574,463.014,0,13.3971,46.5559,2.35269,7
1,2236.7,11.0541,0.213682,9.00347,219.76,1460.7,10.6574,463.014,0,13.3971,46.5559,2.35269,7
0,2517.06,13.6932,0.305614,8.91271,325.987,1431.94,8.84463,665.273,0,13.3554,46.3473,2.39929,7
-1,2517.06,13.6932,0.305614,8.91271,325.987,1431.94,8.84463,665.273,0,13.3554,46.3473,2.39929,7
-2,2365.49,13.2757,0.246471,8.84152,313.719,1448.21,11.1148,507.794,0,13.3253,46.6077,2.35889,7
1,2365.49,13.2757,0.246471,8.84152,313.719,1448.21,11.1148,507.794,0,13.3253,46.6077,2.35889,7
0,2683.1,17.7478,0.40067,9.145,489.174,1419.48,8.77874,676.193,0,13.4344,46.3399,2.39774,7
-1,2683.1,17.7478,0.40067,9.145,489.174,1419.48,8.77874,676.193,0,13.4344,46.3399,2.39774,7
-2,2500.81,15.7499,0.257779,8.47909,416.215,1435.31,12.5984,549.862,0,13.1897,46.779,2.37252,7
1,2500.81,15.7499,0.257779,8.47909,416.215,1435.31,12.5984,549.862,0,13.1897,46.779,2.37252,7
0,2903.72,23.3706,0.511636,9.37325,712.864,1406.92,8.71073,679.735,0,13.5121,46.3322,2.39631,7
-1,2903.72,23.3706,0.511636,9.37325,712.864,1406.92,8.71073,679.735,0,13.5121,46.3322,2.39631,7
-2,2633.78,18.3207,0.241761,8.04953,515.048,1422.11,15.6026,591.833,0,13.0426,47.1344,2.39638,7
1,2633.78,18.3207,0.241761,8.04953,515.048,1422.11,15.6026,591.833,0,13.0426,47.1344,2.39638,7
0,3197.29,30.8162,0.638927,9.59718,1010.39,1394.24,8.64167,680.658,0,13.5884,46.3244,2.39509,7
-1,3197.29,30.8162,0.638927,9.59718,1010.39,1394.24,8.64167,680.658,0,13.5884,46.3244,2.39509,7
-2,2752.65,20.3246,0.20468,7.71774,600.437,1408.78,19.9436,632.212,0,12.9353,47.6659,2.42592,7
1,2752.65,20.3246,0.20468,7.71774,600.437,1408.78,19.9436,632.212,0,12.9353,47.6659,2.42592,7
-1,2752.65,20.3246,0.20468,7.71774,600.437,1408.78,19.9436,632.212,0,12.9353,47.6659,2.42592,4.9
-2,2616.48,18.4244,0.108639,7.84184,504.25,1418.34,34.2771,568.223,0,12.9863,49.5591,2.47292,4.9
2,2616.48,18.4244,0.108639,7.84184,504.25,1418.34,34.2771,568.223,0,12.9863,49.5591,2.47292,4.9
-1,2616.48,18.4244,0.108639,7.84184,504.25,1418.34,34.2771,568.223,0,12.9863,49.5591,2.47292,3.43
-2,2550.86,17.4245,0.0869249,8.09596,474.716,1427.4,43.1423,513.55,0,13.0766,50.8408,2.52674,3.43
3,2550.86,17.4245,0.0869249,8.09596,474.716,1427.4,43.1423,513.55,0,13.0766,50.8408,2.52674,3.43
-1,2550.86,17.4245,0.0869249,8.09596,474.716,1427.4,43.1423,513.55,0,13.0766,50.8408,2.52674,2.401
-2,2500.67,16.8813,0.0853961,8.1886,458.14,1437.5,46.1267,466.752,0,13.1137,51.291,2.58994,2.401
4,2500.67,16.8813,0.0853961,8.1886,458.14,1437.5,46.1267,466.752,0,13.1137,51.291,2.58994,2.401
0,2644.28,19.7399,0.0910171,8.11658,565.793,1414.73,43.079,526.284,0,13.083,50.8337,2.52641,2.401
-1,2644.28,19.7399,0.0910171,8.11658,565.793,1414.73,43.079,526.284,0,13.083,50.8337,2.52641,7
-2,2589.82,18.1871,0.0728339,8.50027,514.373,1421.81,52.2738,506.562,0,13.2116,52.2389,2.59098,7
1,2589.82,18.1871,0.0728339,8.50027,514.373,1421.81,52.2738,506.562,0,13.2116,52.2389,2.59098,7
0,2741.64,22.2882,0.0943028,8.13349,666.855,1402.01,43.0166,532.798,0,13.0882,50.8267,2.52561,7
-1,2741.64,22.2882,0.0943028,8.13349,666.855,1402.01,43.0166,532.798,0,13.0882,50.8267,2.52561,7
-2,2650.14,19.578,0.0643608,8.88619,555.654,1405.55,57.8891,533.413,0,13.3406,53.1494,2.61593,7
1,2650.14,19.578,0.0643608,8.88619,555.654,1405.55,57.8891,533.413,0,13.3406,53.1494,2.61593,7
-1,2650.14,19.578,0.0643608,8.88619,555.654,1405.55,57.8891,533.413,0,13.3406,53.1494,2.61593,4.9
-2,2613.26,18.3917,0.0654865,9.41471,516.206,1407.13,67.5415,523.439,0,13.5315,54.7786,2.76451,4.9
2,2613.26,18.3917,0.0654865,9.41471,516.206,1407.13,67.5415,523.439,0,13.5315,54.7786,2.76451,4.9
-1,2613.26,18.3917,0.0654865,9.41471,516.206,1407.13,67.5415,523.439,0,13.5315,54.7786,2.76451,3.43
-2,2585.8,18.0143,0.0717133,9.70839,492.091,1407.64,73.6648,512.074,0,13.645,55.8829,3.01372,3.43
3,2585.8,18.0143,0.0717133,9.70839,492.091,1407.64,73.6648,512.074,0,13.645,55.8829,3.01372,3.43
-1,2585.8,18.0143,0.0717133,9.70839,492.091,1407.64,73.6648,512.074,0,13.645,55.8829,3.01372,2.401
-2,2560.83,16.773,0.0771064,9.87347,474.109,1407.43,77.7939,500.978,0,13.7129,56.6779,3.40404,2.401
4,2560.83,16.773,0.0771064,9.87347,474.109,1407.43,77.7939,500.978,0,13.7129,56.6779,3.40404,2.401
-1,2560.83,16.773,0.0771064,9.87347,474.109,1407.43,77.7939,500.978,0,13.7129,56.6779,3.40404,1.6807
-2,2534.89,16.9872,0.0806972,9.96167,454.174,1406.52,80.6501,491.521,0,13.7521,57.2746,3.96898,1.6807
5,2534.89,16.9872,0.0806972,9.96167,454.174,1406.52,80.6501,491.521,0,13.7521,57.2746,3.96898,1.6807
-1,2534.89,16.9872,0.0806972,9.96167,454.174,1406.52,80.6501,491.521,0,13.7521,57.2746,3.96898,1.17649
-2,2505.72,16.3338,0.0899944,10.0321,432.042,1404.98,83.0197,482.898,0,13.7846,57.8095,4.7316,1.17649
6,2505.72,16.3338,0.0899944,10.0321,432.042,1404.98,83.0197,482.898,0,13.7846,57.8095,4.7316,1.17649
-1,2505.72,16.3338,0.0899944,10.0321,432.042,1404.98,83.0197,482.898,0,13.7846,57.8095,4.7316,0.823543
-2,2477.73,15.9888,0.0968053,10.0816,411.598,1403.56,84.8526,473.773,0,13.8083,58.2612,5.70735,0.823543
7,2477.73,15.9888,0.0968053,10.0816,411.598,1403.56,84.8526,473.773,0,13.8083,58.2612,5.70735,0.823543
-1,2477.73,15.9888,0.0968053,10.0816,411.598,1403.56,84.8526,473.773,0,13.8083,58.2612,5.70735,0.57648
-2,2450.56,15.3088,0.104194,10.121,392.434,1402.14,86.3079,464.769,0,13.8275,58.6542,6.9011,0.57648
8,2450.56,15.3088,0.104194,10.121,392.434,1402.14,86.3079,464.769,0,13.8275,58.6542,6.9011,0.57648
-1,2450.56,15.3088,0.104194,10.121,392.434,1402.14,86.3079,464.769,0,13.8275,58.6542,6.9011,0.403536
-2,2424.17,14.994,0.112794,10.1496,373.599,1400.82,87.4371,455.936,0,13.842,58.994,8.27817,0.403536
9,2424.17,14.994,0.112794,10.1496,373.599,1400.82,87.4371,455.936,0,13.842,58.994,8.27817,0.403536
-1,2424.17,14.994,0.112794,10.1496,373.599,1400.82,87.4371,455.936,0,13.842,58.994,8.27817,0.282475
-2,2399.07,14.2937,0.118068,10.1635,356.54,1399.85,88.1272,447.074,0,13.8499,59.2485,9.80534,0.282475
10,2399.07,14.2937,0.118068,10.1635,356.54,1399.85,88.1272,447.074,0,13.8499,59.2485,9.80534,0.282475
-1,2399.07,14.2937,0.118068,10.1635,356.54,1399.85,88.1272,447.074,0,13.8499,59.2485,9.80534,0.197733
-2,2377.19,13.855,0.123541,10.164,342.163,1399.26,88.5275,438.358,0,13.8519,59.4443,11.4434,0.197733
11,2377.19,13.855,0.123541,10.164,342.163,1399.26,88.5275,438.358,0,13.8519,59.4443,11.4434,0.197733
-1,2377.19,13.855,0.123541,10.164,342.163,1399.26,88.5275,438.358,0,13.8519,59.4443,11.4434,0.138413
-2,2357.08,13.6321,0.131021,10.1488,328.894,1399.06,88.6012,430.035,0,13.8474,59.5675,13.1603,0.138413
12,2357.08,13.6321,0.131021,10.1488,328.894,1399.06,88.6012,430.035,0,13.8474,59.5675,13.1603,0.138413
-1,2357.08,13.6321,0.131021,10.1488,328.894,1399.06,88.6012,430.035,0,13.8474,59.5675,13.1603,0.096889
-2,2340.92,13.5556,0.131506,10.1311,318.863,1399.25,88.5136,422.086,0,13.8416,59.6493,14.8993,0.096889
13,2340.92,13.5556,0.131506,10.1311,318.863,1399.25,88.5136,422.086,0,13.8416,59.6493,14.8993,0.096889
-1,2340.92,13.5556,0.131506,10.1311,318.863,1399.25,88.5136,422.086,0,13.8416,59.6493,14.8993,0.0678223
-2,2327.05,13.1525,0.133433,10.1094,310.611,1399.6,88.2622,415.024,0,13.8341,59.6913,16.6351,0.0678223
14,2327.05,13.1525,0.133433,10.1094,310.611,1399.6,88.2622,415.024,0,13.8341,59.6913,16.6351,0.0678223
-1,2327.05,13.1525,0.133433,10.1094,310.611,1399.6,88.2622,415.024,0,13.8341,59.6913,16.6351,0.0474756
-2,2314.09,13.071,0.135266,10.0916,302.167,1400.04,87.9055,408.803,0,13.8277,59.7037,18.3401,0.0474756
15,2314.09,13.071,0.135266,10.0916,302.167,1400.04,87.9055,408.803,0,13.8277,59.7037,18.3401,0.0474756
-1,2314.09,13.071,0.135266,10.0916,302.167,1400.04,87.9055,408.803,0,13.8277,59.7037,18.3401,0.0332329
-2,2303.2,12.3919,0.134706,10.0764,295.792,1400.78,87.5005,402.994,0,13.8224,59.6951,20.0104,0.0332329
16,2303.2,12.3919,0.134706,10.0764,295.792,1400.78,87.5005,402.994,0,13.8224,59.6951,20.0104,0.0332329
-1,2303.2,12.3919,0.134706,10.0764,295.792,1400.78,87.5005,402.994,0,13.8224,59.6951,20.0104,0.0232631
-2,2294.56,12.3859,0.133906,10.0568,290.319,1401.67,87.0562,397.842,0,13.8155,59.6753,21.6051,0.0232631
17,2294.56,12.3859,0.133906,10.0568,290.319,1401.67,87.0562,397.842,0,13.8155,59.6753,21.6051,0.0232631
-1,2294.56,12.3859,0.133906,10.0568,290.319,1401.67,87.0562,397.842,0,13.8155,59.6753,21.6051,0.0162841
-2,2286.64,12.4557,0.13239,10.0487,284.861,1402.51,86.6562,393.378,0,13.8129,59.6575,23.1314,0.0162841
18,2286.64,12.4557,0.13239,10.0487,284.861,1402.51,86.6562,393.378,0,13.8129,59.6575,23.1314,0.0162841
-1,2286.64,12.4557,0.13239,10.0487,284.861,1402.51,86.6562,393.378,0,13.8129,59.6575,23.1314,0.0113989
-2,2280.01,12.0574,0.131668,10.0478,280.724,1403.45,86.2649,389.309,0,13.8131,59.6358,24.5835,0.0113989
19,2280.01,12.0574,0.131668,10.0478,280.724,1403.45,86.2649,389.309,0,13.8131,59.6358,24.5835,0.0113989
-1,2280.01,12.0574,0.131668,10.0478,280.724,1403.45,86.2649,389.309,0,13.8131,59.6358,24.5835,0.00797923
-2,2274.62,12.0889,0.127698,10.0529,276.946,1404.4,85.8809,385.755,0,13.8153,59.611,25.945,0.00797923
20,2274.62,12.0889,0.127698,10.0529,276.946,1404.4,85.8809,385.755,0,13.8153,59.611,25.945,0.00797923
-1,2274.62,12.0889,0.127698,10.0529,276.946,1404.4,85.8809,385.755,0,13.8153,59.611,25.945,0.00558546
-2,2269.84,12.1333,0.124945,10.0594,273.421,1405.31,85.4802,382.7,0,13.818,59.5774,27.22,0.00558546
21,2269.84,12.1333,0.124945,10.0594,273.421,1405.31,85.4802,382.7,0,13.818,59.5774,27.22,0.00558546
-1,2269.84,12.1333,0.124945,10.0594,273.421,1405.31,85.4802,382.7,0,13.818,59.5774,27.22,0.00390982
-2,2265.95,12.3221,0.124424,10.0809,270.296,1406.1,85.2319,379.988,0,13.8267,59.5696,28.4089,0.00390982
22,2265.95,12.3221,0.124424,10.0809,270.296,1406.1,85.2319,379.988,0,13.8267,59.5696,28.4089,0.00390982
-1,2265.95,12.3221,0.124424,10.0809,270.296,1406.1,85.2319,379.988,0,13.8267,59.5696,28.4089,0.00273687
-2,2261.93,12.073,0.122811,10.1061,267.221,1406.94,84.9579,377.584,0,13.8367,59.5536,29.5409,0.00273687
23,2261.93,12.073,0.122811,10.1061,267.221,1406.94,84.9579,377.584,0,13.8367,59.5536,29.5409,0.00273687
-1,2261.93,12.073,0.122811,10.1061,267.221,1406.94,84.9579,377.584,0,13.8367,59.5536,29.5409,0.00191581
-2,2259,11.8689,0.120263,10.138,265.05,1407.77,84.712,375.378,0,13.8489,59.5398,30.5784,0.00191581
24,2259,11.8689,0.120263,10.138,265.05,1407.77,84.712,375.378,0,13.8489,59.5398,30.5784,0.00191581
-1,2259,11.8689,0.120263,10.138,265.05,1407.77,84.712,375.378,0,13.8489,59.5398,30.5784,0.00134107
-2,2256.93,11.9088,0.118833,10.1738,263.271,1408.49,84.5076,373.516,0,13.8626,59.5302,31.5475,0.00134107
25,2256.93,11.9088,0.118833,10.1738,263.271,1408.49,84.5076,373.516,0,13.8626,59.5302,31.5475,0.00134107
-1,2256.93,11.9088,0.118833,10.1738,263.271,1408.49,84.5076,373.516,0,13.8626,59.5302,31.5475,0.001
-2,2254.19,11.9519,0.120855,10.214,260.588,1409.12,84.3173,372.023,0,13.878,59.5198,32.4545,0.001
26,2254.19,11.9519,0.120855,10.214,260.588,1409.12,84.3173,372.023,0,13.878,59.5198,32.4545,0.001
-1,2254.19,11.9519,0.120855,10.214,260.588,1409.12,84.3173,372.023,0,13.878,59.5198,32.4545,0.001
-2,2251.49,11.9262,0.116068,10.2678,257.997,1409.77,84.1979,370.493,0,13.8984,59.5235,33.3009,0.001
27,2251.49,11.9262,0.116068,10.2678,257.997,1409.77,84.1979,370.493,0,13.8984,59.5235,33.3009,0.001
-1,2251.49,11.9262,0.116068,10.2678,257.997,1409.77,84.1979,370.493,0,13.8984,59.5235,33.3009,0.001
-2,2250.12,11.8922,0.114587,10.3138,256.836,1410.47,84.0456,368.962,0,13.9157,59.5178,34.0542,0.001
28,2250.12,11.8922,0.114587,10.3138,256.836,1410.47,84.0456,368.962,0,13.9157,59.5178,34.0542,0.001
-1,2250.12,11.8922,0.114587,10.3138,256.836,1410.47,84.0456,368.962,0,13.9157,59.5178,34.0542,0.001
-2,2249.14,11.8689,0.114961,10.3678,255.808,1411.01,83.9224,367.833,0,13.936,59.5147,34.7633,0.001
29,2249.14,11.8689,0.114961,10.3678,255.808,1411.01,83.9224,367.833,0,13.936,59.5147,34.7633,0.001
0,2241.98,12.0324,0.126457,10.5322,261.631,1397.91,83.6666,367.846,0,13.991,59.4856,34.7602,0.001
-1,2241.98,12.0324,0.126457,10.5322,261.631,1397.91,83.6666,367.846,0,13.991,59.4856,34.7602,7
-2,2239.61,11.9662,0.11502,10.3976,259.567,1397.48,82.47,369.449,0,13.9412,59.2257,35.0039,7
1,2239.61,11.9662,0.11502,10.3976,259.567,1397.48,82.47,369.449,0,13.9412,59.2257,35.0039,7
-1,2239.61,11.9662,0.11502,10.3976,259.567,1397.48,82.47,369.449,0,13.9412,59.2257,35.0039,4.9
-2,2238.61,11.8964,0.109945,10.3502,258.279,1397.05,82.0701,370.49,0,13.9244,59.1437,35.3009,4.9
2,2238.61,11.8964,0.109945,10.3502,258.279,1397.05,82.0701,370.49,0,13.9244,59.1437,35.3009,4.9
-1,2238.61,11.8964,0.109945,10.3502,258.279,1397.05,82.0701,370.49,0,13.9244,59.1437,35.3009,3.43
-2,2237.19,11.7042,0.10131,10.3545,256.589,1396.69,82.0356,370.994,0,13.9271,59.1389,35.6536,3.43
3,2237.19,11.7042,0.10131,10.3545,256.589,1396.69,82.0356,370.994,0,13.9271,59.1389,35.6536,3.43
-1,2237.19,11.7042,0.10131,10.3545,256.589,1396.69,82.0356,370.994,0,13.9271,59.1389,35.6536,2.401
-2,2235.9,11.7612,0.102219,10.3709,254.998,1396.56,81.9985,370.99,0,13.9342,59.1319,36.0441,2.401
4,2235.9,11.7612,0.102219,10.3709,254.998,1396.56,81.9985,370.99,0,13.9342,59.1319,36.0441,2.401
-1,2235.9,11.7612,0.102219,10.3709,254.998,1396.56,81.9985,370.99,0,13.9342,59.1319,36.0441,1.6807
-2,2235.41,11.9869,0.102442,10.4087,254.038,1396.68,82.037,370.581,0,13.9491,59.1428,36.4898,1.6807
5,2235.41,11.9869,0.102442,10.4087,254.038,1396.68,82.037,370.581,0,13.9491,59.1428,36.4898,1.6807
0,2227.68,12.1341,0.10914,10.4998,259.204,1383.76,81.8042,370.581,0,13.9787,59.1164,36.4872,1.17649
-1,2227.68,12.1341,0.10914,10.4998,259.204,1383.76,81.8042,370.581,0,13.9787,59.1164,36.4872,7
-2,2224.3,12.0451,0.10222,10.4079,254.627,1383.45,81.4885,372.486,0,13.9477,59.0152,36.7237,7
1,2224.3,12.0451,0.10222,10.4079,254.627,1383.45,81.4885,372.486,0,13.9477,59.0152,36.7237,7
-1,2224.3,12.0451,0.10222,10.4079,254.627,1383.45,81.4885,372.486,0,13.9477,59.0152,36.7237,4.9
-2,2223.29,11.7856,0.0992439,10.3824,253.023,1383.35,81.6565,373.018,0,13.9406,59.0308,37.0016,4.9
2,2223.29,11.7856,0.0992439,10.3824,253.023,1383.35,81.6565,373.018,0,13.9406,59.0308,37.0016,4.9
-1,2223.29,11.7856,0.0992439,10.3824,253.023,1383.35,81.6565,373.018,0,13.9406,59.0308,37.0016,3.43
-2,2222.88,11.6126,0.0972424,10.3915,252.092,1383.35,81.95,373.034,0,13.946,59.0807,37.3266,3.43
3,2222.88,11.6126,0.0972424,10.3915,252.092,1383.35,81.95,373.034,0,13.946,59.0807,37.3266,3.43
0,2214.08,11.6308,0.10281,10.433,256.283,1370.49,81.7573,373.034,0,13.9592,59.0589,37.3244,2.401
-1,2214.08,11.6308,0.10281,10.433,256.283,1370.49,81.7573,373.034,0,13.9592,59.0589,37.3244,7
-2,2211.71,11.467,0.0952807,10.3655,252.245,1370.24,82.1066,374.624,0,13.9384,59.087,37.5465,7
1,2211.71,11.467,0.0952807,10.3655,252.245,1370.24,82.1066,374.624,0,13.9384,59.087,37.5465,7
-1,2211.71,11.467,0.0952807,10.3655,252.245,1370.24,82.1066,374.624,0,13.9384,59.087,37.5465,4.9
-2,2211.13,11.9727,0.0914444,10.3539,250.005,1370.04,82.591,375.174,0,13.937,59.1581,37.8153,4.9
2,2211.13,11.9727,0.0914444,10.3539,250.005,1370.04,82.591,375.174,0,13.937,59.1581,37.8153,4.9
0,2202.65,12.6231,0.0966308,10.3603,253.889,1357.17,82.4379,375.174,0,13.939,59.1408,37.8133,3.43
-1,2202.65,12.6231,0.0966308,10.3603,253.889,1357.17,82.4379,375.174,0,13.939,59.1408,37.8133,7
-2,2200.06,12.4741,0.0901588,10.3149,249.627,1356.95,83.1992,376.207,0,13.9271,59.2453,38.0264,7
1,2200.06,12.4741,0.0901588,10.3149,249.627,1356.95,83.1992,376.207,0,13.9271,59.2453,38.0264,7
-1,2200.06,12.4741,0.0901588,10.3149,249.627,1356.95,83.1992,376.207,0,13.9271,59.2453,38.0264,4.9
-2,2198.99,12.1527,0.0891858,10.3133,247.859,1356.77,83.9537,376.292,0,13.9298,59.3678,38.2682,4.9
2,2198.99,12.1527,0.0891858,10.3133,247.859,1356.77,83.9537,376.292,0,13.9298,59.3678,38.2682,4.9
-1,2198.99,12.1527,0.0891858,10.3133,247.859,1356.77,83.9537,376.292,0,13.9298,59.3678,38.2682,3.43
-2,2198.44,12.069,0.0896736,10.3347,246.772,1356.71,84.5432,375.962,0,13.94,59.4688,38.548,3.43
3,2198.44,12.069,0.0896736,10.3347,246.772,1356.71,84.5432,375.962,0,13.94,59.4688,38.548,3.43
0,2190.33,14.4019,0.0931517,10.3062,249.294,1343.91,84.4243,375.962,0,13.931,59.4554,38.5458,2.401
-1,2190.33,14.4019,0.0931517,10.3062,249.294,1343.91,84.4243,375.962,0,13.931,59.4554,38.5458,7
-2,2189,14.44,0.0912273,10.29,246.775,1343.81,85.2598,376.102,0,13.9285,59.5849,38.7219,7
1,2189,14.44,0.0912273,10.29,246.775,1343.81,85.2598,376.102,0,13.9285,59.5849,38.7219,7
-1,2189,14.44,0.0912273,10.29,246.775,1343.81,85.2598,376.102,0,13.9285,59.5849,38.7219,4.9
-2,2188.2,14.2502,0.0904381,10.3022,245.528,1343.78,85.9362,375.746,0,13.9353,59.6982,38.9329,4.9
2,2188.2,14.2502,0.0904381,10.3022,245.528,1343.78,85.9362,375.746,0,13.9353,59.6982,38.9329,4.9
0,2182.5,19.2238,0.093194,10.2527,247.839,1330.96,85.8501,375.746,0,13.9197,59.6885,38.9306,3.43
-1,2182.5,19.2238,0.093194,10.2527,247.839,1330.96,85.8501,375.746,0,13.9197,59.6885,38.9306,7
-2,2180.98,19.1128,0.0911339,10.2434,245.576,1331.02,86.7836,375.3,0,13.9196,59.8408,39.0859,7
1,2180.98,19.1128,0.0911339,10.2434,245.576,1331.02,86.7836,375.3,0,13.9196,59.8408,39.0859,7
-1,2180.98,19.1128,0.0911339,10.2434,245.576,1331.02,86.7836,375.3,0,13.9196,59.8408,39.0859,4.9
-2,2180.29,19.386,0.0894653,10.2553,244.177,1331.13,87.4689,374.629,0,13.926,59.9587,39.2725,4.9
2,2180.29,19.386,0.0894653,10.2553,244.177,1331.13,87.4689,374.629,0,13.926,59.9587,39.2725,4.9
0,2177.59,27.8663,0.0913397,10.1887,246.017,1318.26,87.4118,374.629,0,13.9051,59.9522,39.2705,3.43
-1,2177.59,27.8663,0.0913397,10.1887,246.017,1318.26,87.4118,374.629,0,13.9051,59.9522,39.2705,7
-2,2176.6,28.0552,0.0894505,10.187,244.435,1318.52,88.308,373.59,0,13.9072,60.1063,39.3984,7
1,2176.6,28.0552,0.0894505,10.187,244.435,1318.52,88.308,373.59,0,13.9072,60.1063,39.3984,7
0,2178.51,40.9557,0.0912562,10.11,246.531,1305.57,88.274,373.59,0,13.883,60.1025,39.396,4.9
-1,2178.51,40.9557,0.0912562,10.11,246.531,1305.57,88.274,373.59,0,13.883,60.1025,39.396,7
-2,2176.34,40.3754,0.0895992,10.1063,244.736,1306.07,89.2589,372.039,0,13.8846,60.2772,39.5027,7
1,2176.34,40.3754,0.0895992,10.1063,244.736,1306.07,89.2589,372.039,0,13.8846,60.2772,39.5027,7
-1,2176.34,40.3754,0.0895992,10.1063,244.736,1306.07,89.2589,372.039,0,13.8846,60.2772,39.5027,4.9
-2,2175.61,39.8549,0.089035,10.1069,244.415,1306.55,89.8447,370.851,0,13.886,60.3858,39.6332,4.9
2,2175.61,39.8549,0.089035,10.1069,244.415,1306.55,89.8447,370.851,0,13.886,60.3858,39.6332,4.9
0,2181.34,57.5702,0.0899134,10.0193,245.568,1293.54,89.827,370.851,0,13.8586,60.3838,39.6307,3.43
-1,2181.34,57.5702,0.0899134,10.0193,245.568,1293.54,89.827,370.851,0,13.8586,60.3838,39.6307,7
-2,2179.64,56.3574,0.0880184,10.013,245.131,1294.25,90.4734,369.247,0,13.8577,60.5069,39.7141,7
1,2179.64,56.3574,0.0880184,10.013,245.131,1294.25,90.4734,369.247,0,13.8577,60.5069,39.7141,7
-1,2179.64,56.3574,0.0880184,10.013,245.131,1294.25,90.4734,369.247,0,13.8577,60.5069,39.7141,4.9
-2,2177.54,55.057,0.0887015,10.0135,244.136,1294.83,90.8392,368.313,0,13.8584,60.5821,39.8231,4.9
2,2177.54,55.057,0.0887015,10.0135,244.136,1294.83,90.8392,368.313,0,13.8584,60.5821,39.8231,4.9
-1,2177.54,55.057,0.0887015,10.0135,244.136,1294.83,90.8392,368.313,0,13.8584,60.5821,39.8231,3.43
-2,2176.35,53.7644,0.0875509,10.0221,243.976,1295.52,91.0021,367.523,0,13.8618,60.6197,39.9731,3.43
3,2176.35,53.7644,0.0875509,10.0221,243.976,1295.52,91.0021,367.523,0,13.8618,60.6197,39.9731,3.43
-1,2176.35,53.7644,0.0875509,10.0221,243.976,1295.52,91.0021,367.523,0,13.8618,60.6197,39.9731,2.401
-2,2174.89,51.9984,0.0867001,10.0424,243.819,1296.07,91.0716,367.141,0,13.8692,60.6428,40.1553,2.401
4,2174.89,51.9984,0.0867001,10.0424,243.819,1296.07,91.0716,367.141,0,13.8692,60.6428,40.1553,2.401
-1,2174.89,51.9984,0.0867001,10.0424,243.819,1296.07,91.0716,367.141,0,13.8692,60.6428,40.1553,1.6807
-2,2173.84,50.6617,0.0861463,10.0735,243.523,1296.52,91.0989,366.982,0,13.8804,60.6599,40.3612,1.6807
5,2173.84,50.6617,0.0861463,10.0735,243.523,1296.52,91.0989,366.982,0,13.8804,60.6599,40.3612,1.6807
-1,2173.84,50.6617,0.0861463,10.0735,243.523,1296.52,91.0989,366.982,0,13.8804,60.6599,40.3612,1.17649
-2,2172.76,49.2475,0.0861504,10.1169,243.184,1296.86,91.0997,367.01,0,13.8961,60.672,40.594,1.17649
6,2172.76,49.2475,0.0861504,10.1169,243.184,1296.86,91.0997,367.01,0,13.8961,60.672,40.594,1.17649
-1,2172.76,49.2475,0.0861504,10.1169,243.184,1296.86,91.0997,367.01,0,13.8961,60.672,40.594,0.823543
-2,2171.57,47.6205,0.0855334,10.1724,242.905,1297.12,91.1042,367.113,0,13.9161,60.6846,40.8442,0.823543
7,2171.57,47.6205,0.0855334,10.1724,242.905,1297.12,91.1042,367.113,0,13.9161,60.6846,40.8442,0.823543
-1,2171.57,47.6205,0.0855334,10.1724,242.905,1297.12,91.1042,367.113,0,13.9161,60.6846,40.8442,0.57648
-2,2170.61,46.1895,0.0857948,10.2294,242.653,1297.33,91.0962,367.29,0,13.9367,60.6941,41.1066,0.57648
8,2170.61,46.1895,0.0857948,10.2294,242.653,1297.33,91.0962,367.29,0,13.9367,60.6941,41.1066,0.57648
0,2177.68,65.7655,0.0859934,10.135,243.009,1284.6,91.0885,367.29,0,13.907,60.6933,41.1036,0.403536
-1,2177.68,65.7655,0.0859934,10.135,243.009,1284.6,91.0885,367.29,0,13.907,60.6933,41.1036,7
-2,2177.12,64.2199,0.0870616,10.1426,243.947,1285.18,91.3483,366.359,0,13.9099,60.7523,41.1687,7
1,2177.12,64.2199,0.0870616,10.1426,243.947,1285.18,91.3483,366.359,0,13.9099,60.7523,41.1687,7
0,2189.89,89.531,0.0872233,10.0452,244.396,1272.33,91.3469,366.359,0,13.8793,60.7521,41.1658,4.9
-1,2189.89,89.531,0.0872233,10.0452,244.396,1272.33,91.3469,366.359,0,13.8793,60.7521,41.1658,7
-2,2187.35,86.5481,0.0895194,10.0438,244.739,1273.25,91.7185,365.04,0,13.8793,60.8361,41.209,7
1,2187.35,86.5481,0.0895194,10.0438,244.739,1273.25,91.7185,365.04,0,13.8793,60.8361,41.209,7
0,2210.02,121.949,0.0875958,9.94691,245.228,1259.34,91.3468,366.359,0,13.8484,60.7521,41.1619,7
-1,2210.02,121.949,0.0875958,9.94691,245.228,1259.34,91.3468,366.359,0,13.8484,60.7521,41.1619,7
-2,2204.92,116.828,0.0897974,9.93647,245.589,1260.81,91.8943,363.871,0,13.8457,60.8767,41.1753,7
1,2204.92,116.828,0.0897974,9.93647,245.589,1260.81,91.8943,363.871,0,13.8457,60.8767,41.1753,7
0,2238.42,162.23,0.0880678,9.84887,246.634,1246.19,91.3437,366.359,0,13.8176,60.7517,41.1576,7
-1,2238.42,162.23,0.0880678,9.84887,246.634,1246.19,91.3437,366.359,0,13.8176,60.7517,41.1576,7
-2,2229.19,153.718,0.0896619,9.82852,246.768,1248.28,92.043,362.597,0,13.8119,60.915,41.1385,7
1,2229.19,153.718,0.0896619,9.82852,246.768,1248.28,92.043,362.597,0,13.8119,60.915,41.1385,7
0,2276.18,211.218,0.0886571,9.75234,248.864,1232.87,91.3345,366.359,0,13.7873,60.7507,41.1535,7
-1,2276.18,211.218,0.0886571,9.75234,248.864,1232.87,91.3345,366.359,0,13.7873,60.7507,41.1535,7
-2,2261.05,198.061,0.0888084,9.72113,248.306,1235.65,92.1746,361.224,0,13.7783,60.9527,41.0992,7
1,2261.05,198.061,0.0888084,9.72113,248.306,1235.65,92.1746,361.224,0,13.7783,60.9527,41.0992,7
-1,2261.05,198.061,0.0888084,9.72113,248.306,1235.65,92.1746,361.224,0,13.7783,60.9527,41.0992,4.9
-2,2248.66,184.653,0.0871843,9.67957,248.996,1238.12,92.5029,358.762,0,13.7629,61.0457,41.0563,4.9
2,2248.66,184.653,0.0871843,9.67957,248.996,1238.12,92.5029,358.762,0,13.7629,61.0457,41.0563,4.9
0,2304.41,254.02,0.0890711,9.62614,249.383,1222.12,92.1574,361.224,0,13.7485,60.9508,41.0957,4.9
-1,2304.41,254.02,0.0890711,9.62614,249.383,1222.12,92.1574,361.224,0,13.7485,60.9508,41.0957,7
-2,2286.53,236.356,0.0884436,9.57022,249.666,1225.42,92.6768,356.912,0,13.729,61.0946,41.0173,7
1,2286.53,236.356,0.0884436,9.57022,249.666,1225.42,92.6768,356.912,0,13.729,61.0946,41.0173,7
-1,2286.53,236.356,0.0884436,9.57022,249.666,1225.42,92.6768,356.912,0,13.729,61.0946,41.0173,4.9
-2,2272.17,217.978,0.0901486,9.50053,252.557,1228.55,92.8162,354.856,0,13.7024,61.1531,40.9625,4.9
2,2272.17,217.978,0.0901486,9.50053,252.557,1228.55,92.8162,354.856,0,13.7024,61.1531,40.9625,4.9
0,2335.96,299.16,0.0885279,9.47832,250.176,1211.69,92.6508,356.912,0,13.7002,61.0916,41.0138,4.9
-1,2335.96,299.16,0.0885279,9.47832,250.176,1211.69,92.6508,356.912,0,13.7002,61.0916,41.0138,7
-2,2316.75,275.927,0.0901762,9.39374,253.955,1215.73,92.9948,352.866,0,13.6695,61.2052,40.9238,7
1,2316.75,275.927,0.0901762,9.39374,253.955,1215.73,92.9948,352.866,0,13.6695,61.2052,40.9238,7
-1,2316.75,275.927,0.0901762,9.39374,253.955,1215.73,92.9948,352.866,0,13.6695,61.2052,40.9238,4.9
-2,2298.09,253.988,0.0853591,9.29751,254.715,1219.18,92.8936,352.218,0,13.6322,61.2118,40.8612,4.9
2,2298.09,253.988,0.0853591,9.29751,254.715,1219.18,92.8936,352.218,0,13.6322,61.2118,40.8612,4.9
0,2372.3,345.366,0.0901843,9.30589,254.188,1201.76,92.96,352.866,0,13.6421,61.2013,40.9206,4.9
-1,2372.3,345.366,0.0901843,9.30589,254.188,1201.76,92.96,352.866,0,13.6421,61.2013,40.9206,7
-2,2348.28,317.563,0.0866132,9.19341,256.314,1206.19,93.0723,350.168,0,13.6002,61.2655,40.8236,7
1,2348.28,317.563,0.0866132,9.19341,256.314,1206.19,93.0723,350.168,0,13.6002,61.2655,40.8236,7
-1,2348.28,317.563,0.0866132,9.19341,256.314,1206.19,93.0723,350.168,0,13.6002,61.2655,40.8236,4.9
-2,2324.56,289.839,0.0883549,9.08135,256.862,1210.06,92.9935,350.061,0,13.5571,61.2807,40.7352,4.9
2,2324.56,289.839,0.0883549,9.08135,256.862,1210.06,92.9935,350.061,0,13.5571,61.2807,40.7352,4.9
0,2410.06,393.6,0.0866175,9.11024,256.412,1192,93.0297,350.168,0,13.5743,61.2607,40.8204,4.9
-1,2410.06,393.6,0.0866175,9.11024,256.412,1192,93.0297,350.168,0,13.5743,61.2607,40.8204,7
-2,2381.4,359.376,0.0880928,8.9806,259.371,1196.91,93.173,347.93,0,13.5263,61.3362,40.7017,7
1,2381.4,359.376,0.0880928,8.9806,259.371,1196.91,93.173,347.93,0,13.5263,61.3362,40.7017,7
-1,2381.4,359.376,0.0880928,8.9806,259.371,1196.91,93.173,347.93,0,13.5263,61.3362,40.7017,4.9
-2,2353.69,326.136,0.0864974,8.86269,260.469,1201.35,92.9134,348.462,0,13.4804,61.3083,40.6194,4.9
2,2353.69,326.136,0.0864974,8.86269,260.469,1201.35,92.9134,348.462,0,13.4804,61.3083,40.6194,4.9
0,2449.1,441.637,0.0880864,8.90251,259.409,1182.48,93.1231,347.93,0,13.502,61.3306,40.6983,4.9
-1,2449.1,441.637,0.0880864,8.90251,259.409,1182.48,93.1231,347.93,0,13.502,61.3306,40.6983,7
-2,2415.14,401.334,0.0868824,8.76477,262.157,1188.01,93.0994,346.288,0,13.4505,61.3664,40.5849,7
1,2415.14,401.334,0.0868824,8.76477,262.157,1188.01,93.0994,346.288,0,13.4505,61.3664,40.5849,7
-1,2415.14,401.334,0.0868824,8.76477,262.157,1188.01,93.0994,346.288,0,13.4505,61.3664,40.5849,4.9
-2,2382.2,361.721,0.0853982,8.63873,263.383,1193,92.8266,347.329,0,13.4014,61.3338,40.4848,4.9
2,2382.2,361.721,0.0853982,8.63873,263.383,1193,92.8266,347.329,0,13.4014,61.3338,40.4848,4.9
0,2488.44,489.469,0.0868755,8.69201,262.169,1173.32,93.044,346.288,0,13.4279,61.3602,40.5819,4.9
-1,2488.44,489.469,0.0868755,8.69201,262.169,1173.32,93.044,346.288,0,13.4279,61.3602,40.5819,7
-2,2448.98,442.14,0.086075,8.54423,265.403,1179.46,93.0149,345.117,0,13.3726,61.3932,40.4547,7
1,2448.98,442.14,0.086075,8.54423,265.403,1179.46,93.0149,345.117,0,13.3726,61.3932,40.4547,7
-1,2448.98,442.14,0.086075,8.54423,265.403,1179.46,93.0149,345.117,0,13.3726,61.3932,40.4547,4.9
-2,2411.59,395.991,0.0878045,8.40861,267.712,1185.01,92.6525,346.714,0,13.3198,61.3397,40.3532,4.9
2,2411.59,395.991,0.0878045,8.40861,267.712,1185.01,92.6525,346.714,0,13.3198,61.3397,40.3532,4.9
0,2527.62,535.872,0.0860752,8.47687,265.404,1164.51,92.9557,345.117,0,13.3518,61.3866,40.4517,4.9
-1,2527.62,535.872,0.0860752,8.47687,265.404,1164.51,92.9557,345.117,0,13.3518,61.3866,40.4517,7
-2,2482.97,481.357,0.0880957,8.31786,269.604,1171.26,92.8462,344.486,0,13.2922,61.4005,40.3249,7
1,2482.97,481.357,0.0880957,8.31786,269.604,1171.26,92.8462,344.486,0,13.2922,61.4005,40.3249,7
-1,2482.97,481.357,0.0880957,8.31786,269.604,1171.26,92.8462,344.486,0,13.2922,61.4005,40.3249,4.9
-2,2440.85,429.999,0.0841282,8.17641,271.083,1177.43,92.4183,346.871,0,13.2372,61.3238,40.2223,4.9
2,2440.85,429.999,0.0841282,8.17641,271.083,1177.43,92.4183,346.871,0,13.2372,61.3238,40.2223,4.9
0,2566.42,580.167,0.0880973,8.25586,269.602,1156.05,92.7843,344.486,0,13.2731,61.3935,40.3222,4.9
-1,2566.42,580.167,0.0880973,8.25586,269.602,1156.05,92.7843,344.486,0,13.2731,61.3935,40.3222,7
-2,2516.6,519.748,0.0847173,8.0891,273.162,1163.44,92.6118,344.674,0,13.2106,61.3846,40.1969,7
1,2516.6,519.748,0.0847173,8.0891,273.162,1163.44,92.6118,344.674,0,13.2106,61.3846,40.1969,7
-1,2516.6,519.748,0.0847173,8.0891,273.162,1163.44,92.6118,344.674,0,13.2106,61.3846,40.1969,4.9
-2,2468.53,461.021,0.0864719,7.94634,275.057,1170.09,92.1891,347.583,0,13.155,61.3084,40.0868,4.9
2,2468.53,461.021,0.0864719,7.94634,275.057,1170.09,92.1891,347.583,0,13.155,61.3084,40.0868,4.9
-1,2468.53,461.021,0.0864719,7.94634,275.057,1170.09,92.1891,347.583,0,13.155,61.3084,40.0868,3.43
-2,2425.15,407.259,0.0857998,7.85535,276.007,1176.29,91.5451,351.795,0,13.1176,61.1685,40.0243,3.43
3,2425.15,407.259,0.0857998,7.85535,276.007,1176.29,91.5451,351.795,0,13.1176,61.1685,40.0243,3.43
0,2548.03,556.183,0.086472,7.8896,275.054,1154.58,92.1264,347.583,0,13.1376,61.3014,40.0849,3.43
-1,2548.03,556.183,0.086472,7.8896,275.054,1154.58,92.1264,347.583,0,13.1376,61.3014,40.0849,7
-2,2503.16,499.974,0.0843793,7.75079,278.208,1161.86,91.793,349.167,0,13.0851,61.2422,39.9957,7
1,2503.16,499.974,0.0843793,7.75079,278.208,1161.86,91.793,349.167,0,13.0851,61.2422,39.9957,7
-1,2503.16,499.974,0.0843793,7.75079,278.208,1161.86,91.793,349.167,0,13.0851,61.2422,39.9957,4.9
-2,2461.21,445.77,0.0842746,7.63843,281.07,1168.45,91.2857,352.821,0,13.0409,61.1379,39.9079,4.9
2,2461.21,445.77,0.0842746,7.63843,281.07,1168.45,91.2857,352.821,0,13.0409,61.1379,39.9079,4.9
0,2587.36,600.053,0.0843769,7.69908,278.206,1146.13,91.7304,349.167,0,13.0693,61.2351,39.9932,4.9
-1,2587.36,600.053,0.0843769,7.69908,278.206,1146.13,91.7304,349.167,0,13.0693,61.2351,39.9932,7
-2,2537.39,536.625,0.0844679,7.55735,282.749,1153.91,91.4599,350.914,0,13.0159,61.1919,39.8899,7
1,2537.39,536.625,0.0844679,7.55735,282.749,1153.91,91.4599,350.914,0,13.0159,61.1919,39.8899,7
-1,2537.39,536.625,0.0844679,7.55735,282.749,1153.91,91.4599,350.914,0,13.0159,61.1919,39.8899,4.9
-2,2489.01,476.335,0.0874607,7.44967,284.123,1161.14,90.9683,355.037,0,12.9736,61.0857,39.816,4.9
2,2489.01,476.335,0.0874607,7.44967,284.123,1161.14,90.9683,355.037,0,12.9736,61.0857,39.816,4.9
0,2625.98,641.312,0.0844605,7.51046,282.747,1137.94,91.3982,350.914,0,13.0016,61.1849,39.8873,4.9
-1,2625.98,641.312,0.0844605,7.51046,282.747,1137.94,91.3982,350.914,0,13.0016,61.1849,39.8873,7
-2,2570.04,571.617,0.0858211,7.37184,286.392,1146.35,91.1427,353.189,0,12.9495,61.139,39.7981,7
1,2570.04,571.617,0.0858211,7.37184,286.392,1146.35,91.1427,353.189,0,12.9495,61.139,39.7981,7
-1,2570.04,571.617,0.0858211,7.37184,286.392,1146.35,91.1427,353.189,0,12.9495,61.139,39.7981,4.9
-2,2517.8,505.068,0.0863224,7.27295,289.36,1154.22,90.6304,357.503,0,12.9105,61.0241,39.7175,4.9
2,2517.8,505.068,0.0863224,7.27295,289.36,1154.22,90.6304,357.503,0,12.9105,61.0241,39.7175,4.9
0,2662.47,680.383,0.0858051,7.32949,286.391,1130.14,91.083,353.189,0,12.9366,61.1323,39.7958,4.9
-1,2662.47,680.383,0.0858051,7.32949,286.391,1130.14,91.083,353.189,0,12.9366,61.1323,39.7958,7
-2,2601.95,603.802,0.0870798,7.19818,291.481,1139.19,90.8078,355.72,0,12.8873,61.0773,39.7041,7
1,2601.95,603.802,0.0870798,7.19818,291.481,1139.19,90.8078,355.72,0,12.8873,61.0773,39.7041,7
-1,2601.95,603.802,0.0870798,7.19818,291.481,1139.19,90.8078,355.72,0,12.8873,61.0773,39.7041,4.9
-2,2544.76,532.4,0.0824592,7.10306,293.253,1147.69,90.2563,360.532,0,12.8497,60.9483,39.6417,4.9
2,2544.76,532.4,0.0824592,7.10306,293.253,1147.69,90.2563,360.532,0,12.8497,60.9483,39.6417,4.9
0,2697.92,716.34,0.0870582,7.16007,291.481,1122.74,90.7509,355.72,0,12.8757,61.0709,39.7017,4.9
-1,2697.92,716.34,0.0870582,7.16007,291.481,1122.74,90.7509,355.72,0,12.8757,61.0709,39.7017,7
-2,2631.81,634.39,0.0851645,7.0315,295.169,1132.4,90.4347,358.844,0,12.8275,61.0004,39.6281,7
1,2631.81,634.39,0.0851645,7.0315,295.169,1132.4,90.4347,358.844,0,12.8275,61.0004,39.6281,7
-1,2631.81,634.39,0.0851645,7.0315,295.169,1132.4,90.4347,358.844,0,12.8275,61.0004,39.6281,4.9
-2,2570.85,555.925,0.0861945,6.94456,299.625,1141.62,89.8291,363.615,0,12.7927,60.857,39.5524,4.9
2,2570.85,555.925,0.0861945,6.94456,299.625,1141.62,89.8291,363.615,0,12.7927,60.857,39.5524,4.9
0,2730.82,750.201,0.0851249,6.99733,295.168,1115.71,90.3809,358.844,0,12.8171,60.9943,39.626,4.9
-1,2730.82,750.201,0.0851249,6.99733,295.168,1115.71,90.3809,358.844,0,12.8171,60.9943,39.626,7
-2,2660.94,660.852,0.0870112,6.87578,301.838,1126.07,90.0154,361.976,0,12.7713,60.9095,39.5447,7
1,2660.94,660.852,0.0870112,6.87578,301.838,1126.07,90.0154,361.976,0,12.7713,60.9095,39.5447,7
-1,2660.94,660.852,0.0870112,6.87578,301.838,1126.07,90.0154,361.976,0,12.7713,60.9095,39.5447,4.9
-2,2594.87,578.063,0.0881609,6.79833,304.164,1135.8,89.4387,367.532,0,12.7401,60.769,39.4722,4.9
2,2594.87,578.063,0.0881609,6.79833,304.164,1135.8,89.4387,367.532,0,12.7401,60.769,39.4722,4.9
0,2762.66,779.596,0.0869673,6.84521,301.838,1109.14,89.9655,361.976,0,12.762,60.9039,39.5427,4.9
-1,2762.66,779.596,0.0869673,6.84521,301.838,1109.14,89.9655,361.976,0,12.762,60.9039,39.5427,7
-2,2688.93,685.87,0.087805,6.73221,307.588,1119.98,89.6199,366.045,0,12.7194,60.8189,39.4677,7
1,2688.93,685.87,0.087805,6.73221,307.588,1119.98,89.6199,366.045,0,12.7194,60.8189,39.4677,7
-1,2688.93,685.87,0.087805,6.73221,307.588,1119.98,89.6199,366.045,0,12.7194,60.8189,39.4677,4.9
-2,2618.71,598.526,0.087396,6.67058,309.217,1130.18,89.1583,372.07,0,12.6941,60.7039,39.4015,4.9
2,2618.71,598.526,0.087396,6.67058,309.217,1130.18,89.1583,372.07,0,12.6941,60.7039,39.4015,4.9
0,2793.06,807.238,0.0877581,6.70493,307.589,1102.83,89.5736,366.045,0,12.7111,60.8137,39.4658,4.9
-1,2793.06,807.238,0.0877581,6.70493,307.589,1102.83,89.5736,366.045,0,12.7111,60.8137,39.4658,7
-2,2714.38,708.503,0.0899045,6.60662,312.185,1114.09,89.3349,370.743,0,12.674,60.7512,39.3994,7
1,2714.38,708.503,0.0899045,6.60662,312.185,1114.09,89.3349,370.743,0,12.674,60.7512,39.3994,7
-1,2714.38,708.503,0.0899045,6.60662,312.185,1114.09,89.3349,370.743,0,12.674,60.7512,39.3994,4.9
-2,2640.56,616.394,0.0902798,6.54906,314.305,1125.08,88.7988,376.732,0,12.6501,60.6149,39.3392,4.9
2,2640.56,616.394,0.0902798,6.54906,314.305,1125.08,88.7988,376.732,0,12.6501,60.6149,39.3392,4.9
0,2820.52,832.095,0.0898266,6.58234,312.185,1096.72,89.2923,370.743,0,12.6667,60.7464,39.3977,4.9
-1,2820.52,832.095,0.0898266,6.58234,312.185,1096.72,89.2923,370.743,0,12.6667,60.7464,39.3977,7
-2,2738.23,728.545,0.0906574,6.48771,317.244,1108.72,88.9814,375.529,0,12.6308,60.6623,39.3394,7
1,2738.23,728.545,0.0906574,6.48771,317.244,1108.72,88.9814,375.529,0,12.6308,60.6623,39.3394,7
-1,2738.23,728.545,0.0906574,6.48771,317.244,1108.72,88.9814,375.529,0,12.6308,60.6623,39.3394,4.9
-2,2662.42,632.618,0.0886754,6.44558,320.442,1120.32,88.4457,381.628,0,12.6125,60.5233,39.2959,4.9
2,2662.42,632.618,0.0886754,6.44558,320.442,1120.32,88.4457,381.628,0,12.6125,60.5233,39.2959,4.9
0,2846.13,854.099,0.0905789,6.46614,317.244,1091.14,88.9421,375.529,0,12.6243,60.6579,39.3377,4.9
-1,2846.13,854.099,0.0905789,6.46614,317.244,1091.14,88.9421,375.529,0,12.6243,60.6579,39.3377,7
-2,2761.59,746.428,0.0902943,6.38622,323.323,1103.7,88.6276,380.578,0,12.5937,60.5691,39.296,7
1,2761.59,746.428,0.0902943,6.38622,323.323,1103.7,88.6276,380.578,0,12.5937,60.5691,39.296,7
-1,2761.59,746.428,0.0902943,6.38622,323.323,1103.7,88.6276,380.578,0,12.5937,60.5691,39.296,4.9
-2,2682.15,646.749,0.0909513,6.35984,325.765,1115.69,88.2116,386.998,0,12.5812,60.4575,39.2547,4.9
2,2682.15,646.749,0.0909513,6.35984,325.765,1115.69,88.2116,386.998,0,12.5812,60.4575,39.2547,4.9
0,2870.96,873.642,0.0902165,6.3671,323.323,1085.92,88.5918,380.578,0,12.588,60.5651,39.2944,4.9
-1,2870.96,873.642,0.0902165,6.3671,323.323,1085.92,88.5918,380.578,0,12.588,60.5651,39.2944,7
-2,2782.8,762.423,0.0919057,6.30236,328.319,1098.82,88.39,386.136,0,12.563,60.501,39.2576,7
1,2782.8,762.423,0.0919057,6.30236,328.319,1098.82,88.39,386.136,0,12.563,60.501,39.2576,7
-1,2782.8,762.423,0.0919057,6.30236,328.319,1098.82,88.39,386.136,0,12.563,60.501,39.2576,4.9
-2,2699.91,659.365,0.0942632,6.29289,330.036,1111.42,87.9953,392.517,0,12.5566,60.3908,39.2378,4.9
2,2699.91,659.365,0.0942632,6.29289,330.036,1111.42,87.9953,392.517,0,12.5566,60.3908,39.2378,4.9
0,2893.35,891.003,0.0917808,6.28543,328.319,1080.84,88.357,386.136,0,12.5579,60.4973,39.2562,4.9
-1,2893.35,891.003,0.0917808,6.28543,328.319,1080.84,88.357,386.136,0,12.5579,60.4973,39.2562,7
-2,2803.28,776.302,0.0934928,6.23703,334.134,1094.3,88.1732,391.833,0,12.5389,60.4329,39.2394,7
1,2803.28,776.302,0.0934928,6.23703,334.134,1094.3,88.1732,391.833,0,12.5389,60.4329,39.2394,7
-1,2803.28,776.302,0.0934928,6.23703,334.134,1094.3,88.1732,391.833,0,12.5389,60.4329,39.2394,4.9
-2,2716.95,670.595,0.0956438,6.24257,334.625,1107.32,87.7408,398.242,0,12.5376,60.3166,39.2292,4.9
2,2716.95,670.595,0.0956438,6.24257,334.625,1107.32,87.7408,398.242,0,12.5376,60.3166,39.2292,4.9
0,2914.86,906.084,0.0933713,6.2221,334.133,1076.15,88.143,391.833,0,12.5344,60.4295,39.2381,4.9
-1,2914.86,906.084,0.0933713,6.2221,334.133,1076.15,88.143,391.833,0,12.5344,60.4295,39.2381,7
-2,2820.86,788.504,0.0962578,6.1883,338.33,1089.96,87.9176,397.755,0,12.5203,60.3573,39.2316,7
1,2820.86,788.504,0.0962578,6.1883,338.33,1089.96,87.9176,397.755,0,12.5203,60.3573,39.2316,7
-1,2820.86,788.504,0.0962578,6.1883,338.33,1089.96,87.9176,397.755,0,12.5203,60.3573,39.2316,4.9
-2,2733.81,680.299,0.0961868,6.20584,339.962,1103.65,87.6127,403.952,0,12.5236,60.2694,39.2426,4.9
2,2733.81,680.299,0.0961868,6.20584,339.962,1103.65,87.6127,403.952,0,12.5236,60.2694,39.2426,4.9
0,2933.32,919.318,0.0961409,6.17515,338.328,1071.66,87.889,397.755,0,12.5164,60.354,39.2303,4.9
-1,2933.32,919.318,0.0961409,6.17515,338.328,1071.66,87.889,397.755,0,12.5164,60.354,39.2303,7
-2,2839.37,799.527,0.0942932,6.1533,344.027,1086.06,87.7849,403.664,0,12.5068,60.3082,39.2433,7
1,2839.37,799.527,0.0942932,6.1533,344.027,1086.06,87.7849,403.664,0,12.5068,60.3082,39.2433,7
-1,2839.37,799.527,0.0942932,6.1533,344.027,1086.06,87.7849,403.664,0,12.5068,60.3082,39.2433,4.9
-2,2748.49,689.112,0.0980709,6.19063,343.77,1100,87.4898,409.811,0,12.517,60.2258,39.2723,4.9
2,2748.49,689.112,0.0980709,6.19063,343.77,1100,87.4898,409.811,0,12.517,60.2258,39.2723,4.9
-1,2748.49,689.112,0.0980709,6.19063,343.77,1100,87.4898,409.811,0,12.517,60.2258,39.2723,3.43
-2,2665.89,590.653,0.0991157,6.28239,341.241,1113.82,87.2322,414.476,0,12.546,60.1565,39.3867,3.43
3,2665.89,590.653,0.0991157,6.28239,341.241,1113.82,87.2322,414.476,0,12.546,60.1565,39.3867,3.43
-1,2665.89,590.653,0.0991157,6.28239,341.241,1113.82,87.2322,414.476,0,12.546,60.1565,39.3867,2.401
-2,2591.69,505.326,0.101725,6.41562,336.02,1127.19,87.0705,417.245,0,12.5896,60.1196,39.6168,2.401
4,2591.69,505.326,0.101725,6.41562,336.02,1127.19,87.0705,417.245,0,12.5896,60.1196,39.6168,2.401
-1,2591.69,505.326,0.101725,6.41562,336.02,1127.19,87.0705,417.245,0,12.5896,60.1196,39.6168,1.6807
-2,2526.79,433.228,0.105446,6.57064,328.815,1140.13,87.0328,418.128,0,12.6415,60.1172,40.0176,1.6807
5,2526.79,433.228,0.105446,6.57064,328.815,1140.13,87.0328,418.128,0,12.6415,60.1172,40.0176,1.6807
-1,2526.79,433.228,0.105446,6.57064,328.815,1140.13,87.0328,418.128,0,12.6415,60.1172,40.0176,1.17649
-2,2471.7,373.631,0.10486,6.7318,320.703,1152.61,87.0437,417.404,0,12.6964,60.1275,40.6396,1.17649
6,2471.7,373.631,0.10486,6.7318,320.703,1152.61,87.0437,417.404,0,12.6964,60.1275,40.6396,1.17649
-1,2471.7,373.631,0.10486,6.7318,320.703,1152.61,87.0437,417.404,0,12.6964,60.1275,40.6396,0.823543
-2,2425.26,324.944,0.103647,6.89547,311.887,1164.43,87.0866,415.535,0,12.753,60.146,41.4789,0.823543
7,2425.26,324.944,0.103647,6.89547,311.887,1164.43,87.0866,415.535,0,12.753,60.146,41.4789,0.823543
-1,2425.26,324.944,0.103647,6.89547,311.887,1164.43,87.0866,415.535,0,12.753,60.146,41.4789,0.57648
-2,2387.97,285.269,0.106739,7.0517,304.515,1175.55,87.1193,412.895,0,12.8077,60.1632,42.4933,0.57648
8,2387.97,285.269,0.106739,7.0517,304.515,1175.55,87.1193,412.895,0,12.8077,60.1632,42.4933,0.57648
-1,2387.97,285.269,0.106739,7.0517,304.515,1175.55,87.1193,412.895,0,12.8077,60.1632,42.4933,0.403536
-2,2359.57,252.889,0.107353,7.20896,299.727,1185.85,87.174,409.925,0,12.8634,60.1825,43.6377,0.403536
9,2359.57,252.889,0.107353,7.20896,299.727,1185.85,87.174,409.925,0,12.8634,60.1825,43.6377,0.403536
-1,2359.57,252.889,0.107353,7.20896,299.727,1185.85,87.174,409.925,0,12.8634,60.1825,43.6377,0.282475
-2,2335.09,226.763,0.109172,7.3646,293.49,1194.95,87.3103,407.144,0,12.919,60.2201,44.8129,0.282475
10,2335.09,226.763,0.109172,7.3646,293.49,1194.95,87.3103,407.144,0,12.919,60.2201,44.8129,0.282475
-1,2335.09,226.763,0.109172,7.3646,293.49,1194.95,87.3103,407.144,0,12.919,60.2201,44.8129,0.197733
-2,2315.98,205.643,0.107494,7.51636,288.488,1203.36,87.2954,404.321,0,12.9735,60.2182,46.0554,0.197733
11,2315.98,205.643,0.107494,7.51636,288.488,1203.36,87.2954,404.321,0,12.9735,60.2182,46.0554,0.197733
-1,2315.98,205.643,0.107494,7.51636,288.488,1203.36,87.2954,404.321,0,12.9735,60.2182,46.0554,0.138413
-2,2300.88,188.389,0.107799,7.65849,284.325,1210.98,87.246,401.643,0,13.0248,60.208,47.3019,0.138413
12,2300.88,188.389,0.107799,7.65849,284.325,1210.98,87.246,401.643,0,13.0248,60.208,47.3019,0.138413
-1,2300.88,188.389,0.107799,7.65849,284.325,1210.98,87.246,401.643,0,13.0248,60.208,47.3019,0.096889
-2,2289.15,173.994,0.109202,7.78605,281.296,1217.75,87.2625,399.161,0,13.0712,60.2157,48.506,0.096889
13,2289.15,173.994,0.109202,7.78605,281.296,1217.75,87.2625,399.161,0,13.0712,60.2157,48.506,0.096889
-1,2289.15,173.994,0.109202,7.78605,281.296,1217.75,87.2625,399.161,0,13.0712,60.2157,48.506,0.0678223
-2,2278.65,161.666,0.105544,7.92357,277.551,1224,87.3433,397.033,0,13.1215,60.2332,49.6681,0.0678223
14,2278.65,161.666,0.105544,7.92357,277.551,1224,87.3433,397.033,0,13.1215,60.2332,49.6681,0.0678223
-1,2278.65,161.666,0.105544,7.92357,277.551,1224,87.3433,397.033,0,13.1215,60.2332,49.6681,0.0474756
-2,2271.28,151.445,0.105836,8.05065,275.415,1229.81,87.2782,395.012,0,13.168,60.218,50.7759,0.0474756
15,2271.28,151.445,0.105836,8.05065,275.415,1229.81,87.2782,395.012,0,13.168,60.218,50.7759,0.0474756
-1,2271.28,151.445,0.105836,8.05065,275.415,1229.81,87.2782,395.012,0,13.168,60.218,50.7759,0.0332329
-2,2265.41,142.808,0.107682,8.17427,273.614,1234.97,87.2274,393.273,0,13.2132,60.2066,51.8103,0.0332329
16,2265.41,142.808,0.107682,8.17427,273.614,1234.97,87.2274,393.273,0,13.2132,60.2066,51.8103,0.0332329
-1,2265.41,142.808,0.107682,8.17427,273.614,1234.97,87.2274,393.273,0,13.2132,60.2066,51.8103,0.0232631
-2,2260.89,135.613,0.109754,8.29113,272.031,1239.56,87.2573,391.806,0,13.2561,60.2127,52.7477,0.0232631
17,2260.89,135.613,0.109754,8.29113,272.031,1239.56,87.2573,391.806,0,13.2561,60.2127,52.7477,0.0232631
-1,2260.89,135.613,0.109754,8.29113,272.031,1239.56,87.2573,391.806,0,13.2561,60.2127,52.7477,0.0162841
-2,2257.86,129.976,0.1055,8.40054,270.845,1243.65,87.2423,390.522,0,13.2964,60.2078,53.6177,0.0162841
18,2257.86,129.976,0.1055,8.40054,270.845,1243.65,87.2423,390.522,0,13.2964,60.2078,53.6177,0.0162841
-1,2257.86,129.976,0.1055,8.40054,270.845,1243.65,87.2423,390.522,0,13.2964,60.2078,53.6177,0.0113989
-2,2254.89,125.056,0.10196,8.50472,269.39,1247.08,87.2813,389.544,0,13.3348,60.2186,54.3771,0.0113989
19,2254.89,125.056,0.10196,8.50472,269.39,1247.08,87.2813,389.544,0,13.3348,60.2186,54.3771,0.0113989
-1,2254.89,125.056,0.10196,8.50472,269.39,1247.08,87.2813,389.544,0,13.3348,60.2186,54.3771,0.00797923
-2,2251.83,120.905,0.10396,8.60626,267.44,1250.05,87.3393,388.732,0,13.3724,60.2325,55.0509,0.00797923
20,2251.83,120.905,0.10396,8.60626,267.44,1250.05,87.3393,388.732,0,13.3724,60.2325,55.0509,0.00797923
-1,2251.83,120.905,0.10396,8.60626,267.44,1250.05,87.3393,388.732,0,13.3724,60.2325,55.0509,0.00558546
-2,2249.25,116.737,0.10447,8.71074,266.294,1252.81,87.3928,387.864,0,13.4112,60.2415,55.6924,0.00558546
21,2249.25,116.737,0.10447,8.71074,266.294,1252.81,87.3928,387.864,0,13.4112,60.2415,55.6924,0.00558546
-1,2249.25,116.737,0.10447,8.71074,266.294,1252.81,87.3928,387.864,0,13.4112,60.2415,55.6924,0.00390982
-2,2247.89,113.574,0.104058,8.79602,265.611,1255.45,87.3532,387.053,0,13.4428,60.2307,56.2683,0.00390982
22,2247.89,113.574,0.104058,8.79602,265.611,1255.45,87.3532,387.053,0,13.4428,60.2307,56.2683,0.00390982
-1,2247.89,113.574,0.104058,8.79602,265.611,1255.45,87.3532,387.053,0,13.4428,60.2307,56.2683,0.00273687
-2,2246.73,110.663,0.10608,8.88424,264.97,1257.78,87.4062,386.411,0,13.4759,60.2392,56.7955,0.00273687
23,2246.73,110.663,0.10608,8.88424,264.97,1257.78,87.4062,386.411,0,13.4759,60.2392,56.7955,0.00273687
-1,2246.73,110.663,0.10608,8.88424,264.97,1257.78,87.4062,386.411,0,13.4759,60.2392,56.7955,0.00191581
-2,2245.5,108.247,0.106649,8.96383,263.983,1259.85,87.4388,385.889,0,13.5055,60.2451,57.2687,0.00191581
24,2245.5,108.247,0.106649,8.96383,263.983,1259.85,87.4388,385.889,0,13.5055,60.2451,57.2687,0.00191581
-1,2245.5,108.247,0.106649,8.96383,263.983,1259.85,87.4388,385.889,0,13.5055,60.2451,57.2687,0.00134107
-2,2244.76,106.291,0.106237,9.03917,263.214,1261.83,87.4389,385.365,0,13.5336,60.244,57.6976,0.00134107
25,2244.76,106.291,0.106237,9.03917,263.214,1261.83,87.4389,385.365,0,13.5336,60.244,57.6976,0.00134107
0,2258.08,134.835,0.106306,9.02998,263.326,1246.68,87.2807,385.365,0,13.5308,60.2261,57.696,0.001
-1,2258.08,134.835,0.106306,9.02998,263.326,1246.68,87.2807,385.365,0,13.5308,60.2261,57.696,7
-2,2257.03,131.565,0.106046,9.07132,263.728,1248.74,87.3733,384.812,0,13.5461,60.2514,57.845,7
1,2257.03,131.565,0.106046,9.07132,263.728,1248.74,87.3733,384.812,0,13.5461,60.2514,57.845,7
-1,2257.03,131.565,0.106046,9.07132,263.728,1248.74,87.3733,384.812,0,13.5461,60.2514,57.845,4.9
-2,2255.89,128.069,0.10641,9.11428,263.751,1250.98,87.4387,384.574,0,13.5618,60.2673,58.0293,4.9
2,2255.89,128.069,0.10641,9.11428,263.751,1250.98,87.4387,384.574,0,13.5618,60.2673,58.0293,4.9
-1,2255.89,128.069,0.10641,9.11428,263.751,1250.98,87.4387,384.574,0,13.5618,60.2673,58.0293,3.43
-2,2254.63,124.443,0.107257,9.16013,263.503,1253.36,87.4862,384.466,0,13.5787,60.2771,58.2474,3.43
3,2254.63,124.443,0.107257,9.16013,263.503,1253.36,87.4862,384.466,0,13.5787,60.2771,58.2474,3.43
-1,2254.63,124.443,0.107257,9.16013,263.503,1253.36,87.4862,384.466,0,13.5787,60.2771,58.2474,2.401
-2,2253.23,120.856,0.105509,9.21126,262.916,1255.87,87.5246,384.373,0,13.5974,60.2841,58.4932,2.401
4,2253.23,120.856,0.105509,9.21126,262.916,1255.87,87.5246,384.373,0,13.5974,60.2841,58.4932,2.401
-1,2253.23,120.856,0.105509,9.21126,262.916,1255.87,87.5246,384.373,0,13.5974,60.2841,58.4932,1.6807
-2,2252.03,117.714,0.103687,9.25791,262.214,1258.39,87.4992,384.207,0,13.6144,60.2786,58.7519,1.6807
5,2252.03,117.714,0.103687,9.25791,262.214,1258.39,87.4992,384.207,0,13.6144,60.2786,58.7519,1.6807
-1,2252.03,117.714,0.103687,9.25791,262.214,1258.39,87.4992,384.207,0,13.6144,60.2786,58.7519,1.17649
-2,2250.98,114.441,0.104811,9.3065,261.821,1260.72,87.6138,384.024,0,13.6327,60.3055,59.0196,1.17649
6,2250.98,114.441,0.104811,9.3065,261.821,1260.72,87.6138,384.024,0,13.6327,60.3055,59.0196,1.17649
-1,2250.98,114.441,0.104811,9.3065,261.821,1260.72,87.6138,384.024,0,13.6327,60.3055,59.0196,0.823543
-2,2250.21,111.528,0.105358,9.35869,261.468,1262.94,87.6952,383.856,0,13.6523,60.3235,59.2846,0.823543
7,2250.21,111.528,0.105358,9.35869,261.468,1262.94,87.6952,383.856,0,13.6523,60.3235,59.2846,0.823543
0,2264.79,141.235,0.105436,9.35262,261.57,1247.89,87.5398,383.856,0,13.6505,60.306,59.283,0.57648
-1,2264.79,141.235,0.105436,9.35262,261.57,1247.89,87.5398,383.856,0,13.6505,60.306,59.283,7
-2,2263.35,137.051,0.105309,9.37935,261.976,1250.42,87.6753,383.357,0,13.6606,60.3417,59.3875,7
1,2263.35,137.051,0.105309,9.37935,261.976,1250.42,87.6753,383.357,0,13.6606,60.3417,59.3875,7
-1,2263.35,137.051,0.105309,9.37935,261.976,1250.42,87.6753,383.357,0,13.6606,60.3417,59.3875,4.9
-2,2262,132.776,0.105386,9.40729,262.073,1253.11,87.7538,383.218,0,13.6709,60.3621,59.5185,4.9
2,2262,132.776,0.105386,9.40729,262.073,1253.11,87.7538,383.218,0,13.6709,60.3621,59.5185,4.9
-1,2262,132.776,0.105386,9.40729,262.073,1253.11,87.7538,383.218,0,13.6709,60.3621,59.5185,3.43
-2,2260.75,128.614,0.10517,9.43725,261.953,1255.85,87.7909,383.272,0,13.6817,60.3712,59.6749,3.43
3,2260.75,128.614,0.10517,9.43725,261.953,1255.85,87.7909,383.272,0,13.6817,60.3712,59.6749,3.43
-1,2260.75,128.614,0.10517,9.43725,261.953,1255.85,87.7909,383.272,0,13.6817,60.3712,59.6749,2.401
-2,2259.23,124.339,0.105267,9.47087,261.627,1258.54,87.8262,383.4,0,13.694,60.3783,59.8527,2.401
4,2259.23,124.339,0.105267,9.47087,261.627,1258.54,87.8262,383.4,0,13.694,60.3783,59.8527,2.401
-1,2259.23,124.339,0.105267,9.47087,261.627,1258.54,87.8262,383.4,0,13.694,60.3783,59.8527,1.6807
-2,2258.17,120.537,0.106267,9.50743,261.26,1261.27,87.8661,383.482,0,13.7076,60.3859,60.0441,1.6807
5,2258.17,120.537,0.106267,9.50743,261.26,1261.27,87.8661,383.482,0,13.7076,60.3859,60.0441,1.6807
-1,2258.17,120.537,0.106267,9.50743,261.26,1261.27,87.8661,383.482,0,13.7076,60.3859,60.0441,1.17649
-2,2256.76,116.955,0.105629,9.55032,260.517,1263.84,87.8939,383.541,0,13.7235,60.3904,60.2415,1.17649
6,2256.76,116.955,0.105629,9.55032,260.517,1263.84,87.8939,383.541,0,13.7235,60.3904,60.2415,1.17649
-1,2256.76,116.955,0.105629,9.55032,260.517,1263.84,87.8939,383.541,0,13.7235,60.3904,60.2415,0.823543
-2,2255.87,113.813,0.106874,9.58736,260.173,1266.27,87.8937,383.476,0,13.7372,60.3892,60.4279,0.823543
7,2255.87,113.813,0.106874,9.58736,260.173,1266.27,87.8937,383.476,0,13.7372,60.3892,60.4279,0.823543
0,2270.87,143.952,0.106885,9.58398,260.275,1251.2,87.7409,383.476,0,13.7362,60.372,60.4269,0.57648
-1,2270.87,143.952,0.106885,9.58398,260.275,1251.2,87.7409,383.476,0,13.7362,60.372,60.4269,7
-2,2269.36,139.562,0.106482,9.6054,260.736,1253.92,87.838,382.946,0,13.7443,60.3985,60.4991,7
1,2269.36,139.562,0.106482,9.6054,260.736,1253.92,87.838,382.946,0,13.7443,60.3985,60.4991,7
0,2291.86,180.045,0.107009,9.58279,260.497,1236.04,87.5961,383.476,0,13.7358,60.3556,60.4251,7
-1,2291.86,180.045,0.107009,9.58279,260.497,1236.04,87.5961,383.476,0,13.7358,60.3556,60.4251,7
-2,2288.67,170.869,0.106955,9.60051,262.634,1240.67,87.8016,382.348,0,13.7429,60.4111,60.4893,7
1,2288.67,170.869,0.106955,9.60051,262.634,1240.67,87.8016,382.348,0,13.7429,60.4111,60.4893,7
0,2319.4,222.594,0.107253,9.58316,260.917,1220.77,87.4587,383.476,0,13.7359,60.3401,60.4229,7
-1,2319.4,222.594,0.107253,9.58316,260.917,1220.77,87.4587,383.476,0,13.7359,60.3401,60.4229,7
-2,2312.28,207.439,0.105964,9.59723,263.547,1227.44,87.7843,381.721,0,13.7421,60.4276,60.4788,7
1,2312.28,207.439,0.105964,9.59723,263.547,1227.44,87.7843,381.721,0,13.7421,60.4276,60.4788,7
0,2354.01,272.039,0.107524,9.58455,261.641,1205.35,87.3279,383.476,0,13.7364,60.3253,60.4206,7
-1,2354.01,272.039,0.107524,9.58455,261.641,1205.35,87.3279,383.476,0,13.7364,60.3253,60.4206,7
-2,2341.42,249.037,0.107875,9.59495,264.958,1214.21,87.7859,381.067,0,13.7415,60.448,60.4681,7
1,2341.42,249.037,0.107875,9.59495,264.958,1214.21,87.7859,381.067,0,13.7415,60.448,60.4681,7
0,2396.42,328.992,0.10794,9.58643,262.789,1189.8,87.2031,383.476,0,13.7369,60.3112,60.4182,7
-1,2396.42,328.992,0.10794,9.58643,262.789,1189.8,87.2031,383.476,0,13.7369,60.3112,60.4182,7
-2,2375.72,296.016,0.10686,9.59306,266.157,1200.99,87.8058,380.386,0,13.741,60.4722,60.4573,7
1,2375.72,296.016,0.10686,9.59306,266.157,1200.99,87.8058,380.386,0,13.741,60.4722,60.4573,7
0,2447.21,393.874,0.108385,9.58831,264.529,1174.1,87.0836,383.476,0,13.7375,60.2977,60.4162,7
-1,2447.21,393.874,0.108385,9.58831,264.529,1174.1,87.0836,383.476,0,13.7375,60.2977,60.4162,7
-2,2415.53,348.18,0.111355,9.5911,267.672,1187.76,87.8432,379.681,0,13.7405,60.5002,60.4467,7
1,2415.53,348.18,0.111355,9.5911,267.672,1187.76,87.8432,379.681,0,13.7405,60.5002,60.4467,7
0,2507.21,467.316,0.109004,9.58975,267.037,1158.28,86.9688,383.476,0,13.7379,60.2848,60.4145,7
-1,2507.21,467.316,0.109004,9.58975,267.037,1158.28,86.9688,383.476,0,13.7379,60.2848,60.4145,7
-2,2462.39,406.642,0.110099,9.58862,269.957,1174.53,87.8968,378.952,0,13.7398,60.5318,60.4362,7
1,2462.39,406.642,0.110099,9.58862,269.957,1174.53,87.8968,378.952,0,13.7398,60.5318,60.4362,7
0,2577.15,549.823,0.109799,9.5903,270.54,1142.33,86.8578,383.476,0,13.7381,60.2722,60.4128,7
-1,2577.15,549.823,0.109799,9.5903,270.54,1142.33,86.8578,383.476,0,13.7381,60.2722,60.4128,7
-2,2514.9,471.059,0.110529,9.58524,271.929,1161.32,87.9649,378.199,0,13.7388,60.5669,60.4259,7
1,2514.9,471.059,0.110529,9.58524,271.929,1161.32,87.9649,378.199,0,13.7388,60.5669,60.4259,7
0,2657.75,641.834,0.110643,9.58958,275.312,1126.26,86.7502,383.476,0,13.7379,60.2601,60.4113,7
-1,2657.75,641.834,0.110643,9.58958,275.312,1126.26,86.7502,383.476,0,13.7379,60.2601,60.4113,7
-2,2573.42,541.479,0.110248,9.58077,273.898,1148.12,88.0463,377.425,0,13.7375,60.6052,60.4157,7
1,2573.42,541.479,0.110248,9.58077,273.898,1148.12,88.0463,377.425,0,13.7375,60.6052,60.4157,7
0,2749.9,743.961,0.11169,9.58718,281.641,1110.08,86.6453,383.476,0,13.7371,60.2483,60.4098,7
-1,2749.9,743.961,0.11169,9.58718,281.641,1110.08,86.6453,383.476,0,13.7371,60.2483,60.4098,7
-2,2639.13,618.384,0.110663,9.57499,276.58,1134.93,88.1394,376.631,0,13.7357,60.6465,60.4058,7
1,2639.13,618.384,0.110663,9.57499,276.58,1134.93,88.1394,376.631,0,13.7357,60.6465,60.4058,7
0,2854.39,856.616,0.112775,9.58275,289.894,1093.79,86.5425,383.476,0,13.7358,60.2367,60.4084,7
-1,2854.39,856.616,0.112775,9.58275,289.894,1093.79,86.5425,383.476,0,13.7358,60.2367,60.4084,7
-2,2711.82,701.353,0.110911,9.56788,280.164,1121.74,88.2427,375.819,0,13.7334,60.6906,60.3963,7
1,2711.82,701.353,0.110911,9.56788,280.164,1121.74,88.2427,375.819,0,13.7334,60.6906,60.3963,7
0,2972.23,980.438,0.114094,9.5759,300.442,1077.38,86.4415,383.476,0,13.7338,60.2253,60.4073,7
-1,2972.23,980.438,0.114094,9.5759,300.442,1077.38,86.4415,383.476,0,13.7338,60.2253,60.4073,7
-2,2792.18,790.953,0.111968,9.55938,284.775,1108.58,88.3547,374.991,0,13.7306,60.7372,60.3871,7
1,2792.18,790.953,0.111968,9.55938,284.775,1108.58,88.3547,374.991,0,13.7306,60.7372,60.3871,7
-1,2792.18,790.953,0.111968,9.55938,284.775,1108.58,88.3547,374.991,0,13.7306,60.7372,60.3871,4.9
-2,2669.6,639.595,0.116701,9.53748,282.293,1137.75,89.3195,375.85,0,13.7188,60.9725,60.4465,4.9
2,2669.6,639.595,0.116701,9.53748,282.293,1137.75,89.3195,375.85,0,13.7188,60.9725,60.4465,4.9
0,2896.01,907.92,0.112355,9.54841,288.54,1091.75,88.2975,374.991,0,13.7273,60.7307,60.3869,4.9
-1,2896.01,907.92,0.112355,9.54841,288.54,1091.75,88.2975,374.991,0,13.7273,60.7307,60.3869,7
-2,2758.07,742.384,0.116287,9.51037,286.213,1121.01,89.5804,374.068,0,13.7113,61.0574,60.4203,7
1,2758.07,742.384,0.116287,9.51037,286.213,1121.01,89.5804,374.068,0,13.7113,61.0574,60.4203,7
0,3012.02,1036.15,0.112649,9.5351,293.283,1074.89,88.2356,374.991,0,13.7233,60.7238,60.3859,7
-1,3012.02,1036.15,0.112649,9.5351,293.283,1074.89,88.2356,374.991,0,13.7233,60.7238,60.3859,7
-2,2838.99,834.496,0.115508,9.50027,288.909,1107.51,89.7349,373.495,0,13.7083,61.1084,60.4159,7
1,2838.99,834.496,0.115508,9.50027,288.909,1107.51,89.7349,373.495,0,13.7083,61.1084,60.4159,7
0,3140.95,1176.27,0.113064,9.51915,299.144,1057.93,88.1692,374.991,0,13.7185,60.7163,60.385,7
-1,3140.95,1176.27,0.113064,9.51915,299.144,1057.93,88.1692,374.991,0,13.7185,60.7163,60.385,7
-2,2927.89,933.653,0.117473,9.48927,292.51,1094.03,89.8904,372.921,0,13.705,61.1609,60.4122,7
1,2927.89,933.653,0.117473,9.48927,292.51,1094.03,89.8904,372.921,0,13.705,61.1609,60.4122,7
0,3283.49,1328.8,0.113595,9.5002,306.303,1040.88,88.098,374.991,0,13.7128,60.7083,60.3842,7
-1,3283.49,1328.8,0.113595,9.5002,306.303,1040.88,88.098,374.991,0,13.7128,60.7083,60.3842,7
-2,3023.99,1039.28,0.119045,9.47754,296.801,1080.58,90.0465,372.351,0,13.7015,61.2149,60.4091,7
1,3023.99,1039.28,0.119045,9.47754,296.801,1080.58,90.0465,372.351,0,13.7015,61.2149,60.4091,7
-1,3023.99,1039.28,0.119045,9.47754,296.801,1080.58,90.0465,372.351,0,13.7015,61.2149,60.4091,4.9
-2,2841.26,815.328,0.128195,9.46467,293.832,1117.16,91.0236,378.691,0,13.6902,61.4186,60.5268,4.9
2,2841.26,815.328,0.128195,9.46467,293.832,1117.16,91.0236,378.691,0,13.6902,61.4186,60.5268,4.9
0,3148.26,1178.83,0.11915,9.45481,299.141,1063.05,90.0023,372.351,0,13.6946,61.2099,60.409,4.9
-1,3148.26,1178.83,0.11915,9.45481,299.141,1063.05,90.0023,372.351,0,13.6946,61.2099,60.409,7
-2,2948.64,938.544,0.128995,9.42536,296.999,1099.25,91.3473,377.247,0,13.6787,61.5222,60.4988,7
1,2948.64,938.544,0.128995,9.42536,296.999,1099.25,91.3473,377.247,0,13.6787,61.5222,60.4988,7
0,3285.27,1330.65,0.119113,9.42926,301.969,1045.51,89.9513,372.351,0,13.6869,61.2042,60.4084,7
-1,3285.27,1330.65,0.119113,9.42926,301.969,1045.51,89.9513,372.351,0,13.6869,61.2042,60.4084,7
-2,3043.07,1044.19,0.128,9.40886,299.589,1085.39,91.532,377.076,0,13.674,61.5782,60.501,7
1,3043.07,1044.19,0.128,9.40886,299.589,1085.39,91.532,377.076,0,13.674,61.5782,60.501,7
0,3435.62,1495.37,0.119152,9.40047,305.317,1027.88,89.893,372.351,0,13.6782,61.1976,60.4077,7
-1,3435.62,1495.37,0.119152,9.40047,305.317,1027.88,89.893,372.351,0,13.6782,61.1976,60.4077,7
-2,3144.51,1156.08,0.130902,9.39214,302.893,1071.56,91.7156,376.933,0,13.6692,61.6355,60.5039,7
1,3144.51,1156.08,0.130902,9.39214,302.893,1071.56,91.7156,376.933,0,13.6692,61.6355,60.5039,7
0,3599.87,1673.51,0.119262,9.36803,309.248,1010.18,89.8274,372.351,0,13.6683,61.1902,60.4069,7
-1,3599.87,1673.51,0.119262,9.36803,309.248,1010.18,89.8274,372.351,0,13.6683,61.1902,60.4069,7
-2,3253.65,1275.63,0.131346,9.3753,306.161,1057.77,91.8986,376.821,0,13.6645,61.6944,60.5078,7
1,3253.65,1275.63,0.131346,9.3753,306.161,1057.77,91.8986,376.821,0,13.6645,61.6944,60.5078,7
0,3778.61,1865.59,0.119434,9.33146,313.831,992.384,89.7542,372.351,0,13.6572,61.182,60.4062,7
-1,3778.61,1865.59,0.119434,9.33146,313.831,992.384,89.7542,372.351,0,13.6572,61.182,60.4062,7
-2,3370.31,1401.39,0.134526,9.35831,310.687,1043.98,92.0822,376.746,0,13.6599,61.7551,60.5128,7
1,3370.31,1401.39,0.134526,9.35831,310.687,1043.98,92.0822,376.746,0,13.6599,61.7551,60.5128,7
-1,3370.31,1401.39,0.134526,9.35831,310.687,1043.98,92.0822,376.746,0,13.6599,61.7551,60.5128,4.9
-2,3087.57,1058.96,0.145841,9.39174,308.637,1091.07,93.203,389.815,0,13.6654,61.9501,60.7372,4.9
2,3087.57,1058.96,0.145841,9.39174,308.637,1091.07,93.203,389.815,0,13.6654,61.9501,60.7372,4.9
0,3522.29,1570.48,0.134354,9.31704,312.06,1025.6,92.0312,376.746,0,13.6473,61.7493,60.5127,4.9
-1,3522.29,1570.48,0.134354,9.31704,312.06,1025.6,92.0312,376.746,0,13.6473,61.7493,60.5127,7
-2,3222.6,1209.61,0.148262,9.34177,312.658,1071.58,93.5743,389.263,0,13.6504,62.0737,60.7046,7
1,3222.6,1209.61,0.148262,9.34177,312.658,1071.58,93.5743,389.263,0,13.6504,62.0737,60.7046,7
0,3688.03,1753.16,0.134243,9.27169,313.622,1007.24,91.9709,376.746,0,13.6335,61.7425,60.5122,7
-1,3688.03,1753.16,0.134243,9.27169,313.622,1007.24,91.9709,376.746,0,13.6335,61.7425,60.5122,7
-2,3332.62,1330.44,0.148831,9.31406,315.373,1057.26,93.7741,389.825,0,13.6427,62.1336,60.7142,7
1,3332.62,1330.44,0.148831,9.31406,315.373,1057.26,93.7741,389.825,0,13.6427,62.1336,60.7142,7
0,3867.98,1949.93,0.134188,9.22171,315.389,988.803,91.9008,376.746,0,13.6182,61.7346,60.5116,7
-1,3867.98,1949.93,0.134188,9.22171,315.389,988.803,91.9008,376.746,0,13.6182,61.7346,60.5116,7
-2,3451.46,1458.56,0.151787,9.28575,319.511,1042.96,93.9748,390.463,0,13.6349,62.1954,60.725,7
1,3451.46,1458.56,0.151787,9.28575,319.511,1042.96,93.9748,390.463,0,13.6349,62.1954,60.725,7
0,4062.68,2161.31,0.134181,9.16646,317.376,970.288,91.8204,376.746,0,13.6012,61.7256,60.5109,7
-1,4062.68,2161.31,0.134181,9.16646,317.376,970.288,91.8204,376.746,0,13.6012,61.7256,60.5109,7
-2,3577.19,1594.06,0.152954,9.2564,323.05,1028.68,94.1775,391.186,0,13.627,62.2595,60.7371,7
1,3577.19,1594.06,0.152954,9.2564,323.05,1028.68,94.1775,391.186,0,13.627,62.2595,60.7371,7
0,4272.64,2387.82,0.134211,9.10529,319.599,951.692,91.7293,376.746,0,13.5824,61.7153,60.5104,7
-1,4272.64,2387.82,0.134211,9.10529,319.599,951.692,91.7293,376.746,0,13.5824,61.7153,60.5104,7
-2,3709.34,1736.2,0.159859,9.22547,326.255,1014.42,94.3836,392.001,0,13.6188,62.3263,60.7507,7
1,3709.34,1736.2,0.159859,9.22547,326.255,1014.42,94.3836,392.001,0,13.6188,62.3263,60.7507,7
-1,3709.34,1736.2,0.159859,9.22547,326.255,1014.42,94.3836,392.001,0,13.6188,62.3263,60.7507,4.9
-2,3326.51,1277.44,0.181908,9.31011,323.266,1070.03,95.5989,413.473,0,13.6453,62.5024,61.0571,4.9
2,3326.51,1277.44,0.181908,9.31011,323.266,1070.03,95.5989,413.473,0,13.6453,62.5024,61.0571,4.9
-1,3326.51,1277.44,0.181908,9.31011,323.266,1070.03,95.5989,413.473,0,13.6453,62.5024,61.0571,3.43
-2,3056.14,956.779,0.206223,9.39322,309.601,1117.92,96.0322,428.699,0,13.6734,62.4717,61.3692,3.43
3,3056.14,956.779,0.206223,9.39322,309.601,1117.92,96.0322,428.699,0,13.6734,62.4717,61.3692,3.43
-1,3056.14,956.779,0.206223,9.39322,309.601,1117.92,96.0322,428.699,0,13.6734,62.4717,61.3692,2.401
-2,2863.13,730.749,0.223608,9.47628,294.959,1159.17,95.8928,434.898,0,13.7019,62.3254,61.7328,2.401
4,2863.13,730.749,0.223608,9.47628,294.959,1159.17,95.8928,434.898,0,13.7019,62.3254,61.7328,2.401
-1,2863.13,730.749,0.223608,9.47628,294.959,1159.17,95.8928,434.898,0,13.7019,62.3254,61.7328,1.6807
-2,2723.53,570.654,0.237794,9.53863,281.647,1194.09,95.3104,434.083,0,13.7222,62.1167,62.1278,1.6807
5,2723.53,570.654,0.237794,9.53863,281.647,1194.09,95.3104,434.083,0,13.7222,62.1167,62.1278,1.6807
-1,2723.53,570.654,0.237794,9.53863,281.647,1194.09,95.3104,434.083,0,13.7222,62.1167,62.1278,1.17649
-2,2623.11,455.377,0.245598,9.58434,272.161,1223.75,94.4409,429.342,0,13.7363,61.8854,62.5827,1.17649
6,2623.11,455.377,0.245598,9.58434,272.161,1223.75,94.4409,429.342,0,13.7363,61.8854,62.5827,1.17649
-1,2623.11,455.377,0.245598,9.58434,272.161,1223.75,94.4409,429.342,0,13.7363,61.8854,62.5827,0.823543
-2,2552.36,371.495,0.251674,9.61684,267.131,1249.05,93.3943,422.998,0,13.7458,61.6481,63.0306,0.823543
7,2552.36,371.495,0.251674,9.61684,267.131,1249.05,93.3943,422.998,0,13.7458,61.6481,63.0306,0.823543
-1,2552.36,371.495,0.251674,9.61684,267.131,1249.05,93.3943,422.998,0,13.7458,61.6481,63.0306,0.57648
-2,2500.88,310.942,0.239712,9.62986,262.339,1270.26,92.325,416.519,0,13.7487,61.4277,63.4482,0.57648
8,2500.88,310.942,0.239712,9.62986,262.339,1270.26,92.325,416.519,0,13.7487,61.4277,63.4482,0.57648
-1,2500.88,310.942,0.239712,9.62986,262.339,1270.26,92.325,416.519,0,13.7487,61.4277,63.4482,0.403536
-2,2464.4,264.654,0.234018,9.62777,261.488,1288.16,91.1921,410.236,0,13.7469,61.2059,63.8616,0.403536
9,2464.4,264.654,0.234018,9.62777,261.488,1288.16,91.1921,410.236,0,13.7469,61.2059,63.8616,0.403536
-1,2464.4,264.654,0.234018,9.62777,261.488,1288.16,91.1921,410.236,0,13.7469,61.2059,63.8616,0.282475
-2,2437.82,229.025,0.239317,9.61132,261.178,1303.47,90.2225,405.082,0,13.7404,61.0315,64.2182,0.282475
10,2437.82,229.025,0.239317,9.61132,261.178,1303.47,90.2225,405.082,0,13.7404,61.0315,64.2182,0.282475
-1,2437.82,229.025,0.239317,9.61132,261.178,1303.47,90.2225,405.082,0,13.7404,61.0315,64.2182,0.197733
-2,2418.62,204.076,0.218772,9.5874,259.441,1315.98,89.3744,400.779,0,13.7318,60.8777,64.5478,0.197733
11,2418.62,204.076,0.218772,9.5874,259.441,1315.98,89.3744,400.779,0,13.7318,60.8777,64.5478,0.197733
-1,2418.62,204.076,0.218772,9.5874,259.441,1315.98,89.3744,400.779,0,13.7318,60.8777,64.5478,0.138413
-2,2403.83,184.083,0.209956,9.556,259.054,1326.18,88.5489,396.897,0,13.7213,60.7285,64.8538,0.138413
12,2403.83,184.083,0.209956,9.556,259.054,1326.18,88.5489,396.897,0,13.7213,60.7285,64.8538,0.138413
-1,2403.83,184.083,0.209956,9.556,259.054,1326.18,88.5489,396.897,0,13.7213,60.7285,64.8538,0.096889
-2,2392.8,167.669,0.208584,9.52652,259.378,1335,87.8455,393.732,0,13.7118,60.599,65.1276,0.096889
13,2392.8,167.669,0.208584,9.52652,259.378,1335,87.8455,393.732,0,13.7118,60.599,65.1276,0.096889
-1,2392.8,167.669,0.208584,9.52652,259.378,1335,87.8455,393.732,0,13.7118,60.599,65.1276,0.0678223
-2,2385.35,155.896,0.196052,9.49717,259.359,1342.36,87.2702,391.211,0,13.7025,60.492,65.3672,0.0678223
14,2385.35,155.896,0.196052,9.49717,259.359,1342.36,87.2702,391.211,0,13.7025,60.492,65.3672,0.0678223
-1,2385.35,155.896,0.196052,9.49717,259.359,1342.36,87.2702,391.211,0,13.7025,60.492,65.3672,0.0474756
-2,2379.94,146.325,0.182704,9.46017,260.114,1348.42,86.7316,389.09,0,13.6909,60.3928,65.5347,0.0474756
15,2379.94,146.325,0.182704,9.46017,260.114,1348.42,86.7316,389.09,0,13.6909,60.3928,65.5347,0.0474756
-1,2379.94,146.325,0.182704,9.46017,260.114,1348.42,86.7316,389.09,0,13.6909,60.3928,65.5347,0.0332329
-2,2374.87,138.137,0.179791,9.41839,260.398,1353.31,86.2677,387.541,0,13.6773,60.3096,65.6329,0.0332329
16,2374.87,138.137,0.179791,9.41839,260.398,1353.31,86.2677,387.541,0,13.6773,60.3096,65.6329,0.0332329
-1,2374.87,138.137,0.179791,9.41839,260.398,1353.31,86.2677,387.541,0,13.6773,60.3096,65.6329,0.0232631
-2,2370.42,131.609,0.17353,9.38106,259.909,1357.39,85.9723,386.356,0,13.6656,60.2557,65.7116,0.0232631
17,2370.42,131.609,0.17353,9.38106,259.909,1357.39,85.9723,386.356,0,13.6656,60.2557,65.7116,0.0232631
-1,2370.42,131.609,0.17353,9.38106,259.909,1357.39,85.9723,386.356,0,13.6656,60.2557,65.7116,0.0162841
-2,2368.32,127.317,0.157472,9.35256,259.968,1360.84,85.7337,385.317,0,13.6569,60.2101,65.7593,0.0162841
18,2368.32,127.317,0.157472,9.35256,259.968,1360.84,85.7337,385.317,0,13.6569,60.2101,65.7593,0.0162841
-1,2368.32,127.317,0.157472,9.35256,259.968,1360.84,85.7337,385.317,0,13.6569,60.2101,65.7593,0.0113989
-2,2365.62,123.2,0.151153,9.32146,259.945,1363.56,85.4061,384.452,0,13.6473,60.1452,65.7888,0.0113989
19,2365.62,123.2,0.151153,9.32146,259.945,1363.56,85.4061,384.452,0,13.6473,60.1452,65.7888,0.0113989
-1,2365.62,123.2,0.151153,9.32146,259.945,1363.56,85.4061,384.452,0,13.6473,60.1452,65.7888,0.00797923
-2,2362.91,119.219,0.149437,9.29155,259.993,1365.76,85.2022,383.756,0,13.6382,60.1038,65.7918,0.00797923
20,2362.91,119.219,0.149437,9.29155,259.993,1365.76,85.2022,383.756,0,13.6382,60.1038,65.7918,0.00797923
-1,2362.91,119.219,0.149437,9.29155,259.993,1365.76,85.2022,383.756,0,13.6382,60.1038,65.7918,0.00558546
-2,2361.13,116.316,0.144236,9.26657,259.781,1367.82,85.096,383.211,0,13.6308,60.0812,65.7861,0.00558546
21,2361.13,116.316,0.144236,9.26657,259.781,1367.82,85.096,383.211,0,13.6308,60.0812,65.7861,0.00558546
-1,2361.13,116.316,0.144236,9.26657,259.781,1367.82,85.096,383.211,0,13.6308,60.0812,65.7861,0.00390982
-2,2360,114.212,0.136811,9.24632,259.755,1369.43,85.0228,382.751,0,13.625,60.0651,65.7576,0.00390982
22,2360,114.212,0.136811,9.24632,259.755,1369.43,85.0228,382.751,0,13.625,60.0651,65.7576,0.00390982
-1,2360,114.212,0.136811,9.24632,259.755,1369.43,85.0228,382.751,0,13.625,60.0651,65.7576,0.00273687
-2,2358.95,112.377,0.131746,9.22661,259.813,1370.71,84.9118,382.392,0,13.6193,60.0409,65.7225,0.00273687
23,2358.95,112.377,0.131746,9.22661,259.813,1370.71,84.9118,382.392,0,13.6193,60.0409,65.7225,0.00273687
-1,2358.95,112.377,0.131746,9.22661,259.813,1370.71,84.9118,382.392,0,13.6193,60.0409,65.7225,0.00191581
-2,2357.51,110.431,0.129987,9.20689,259.691,1371.74,84.8545,382.143,0,13.6134,60.0279,65.6786,0.00191581
24,2357.51,110.431,0.129987,9.20689,259.691,1371.74,84.8545,382.143,0,13.6134,60.0279,65.6786,0.00191581
-1,2357.51,110.431,0.129987,9.20689,259.691,1371.74,84.8545,382.143,0,13.6134,60.0279,65.6786,0.00134107
-2,2356.55,108.892,0.12816,9.19045,259.597,1372.7,84.8436,381.934,0,13.6087,60.0235,65.6294,0.00134107
25,2356.55,108.892,0.12816,9.19045,259.597,1372.7,84.8436,381.934,0,13.6087,60.0235,65.6294,0.00134107
0,2366.31,135.608,0.128271,9.12509,259.665,1355.99,84.6437,381.934,0,13.5885,60.0008,65.6291,0.001
-1,2366.31,135.608,0.128271,9.12509,259.665,1355.99,84.6437,381.934,0,13.5885,60.0008,65.6291,7
-2,2365.06,132.213,0.127388,9.11526,259.653,1358.23,84.6942,381.818,0,13.5855,60.0097,65.6173,7
1,2365.06,132.213,0.127388,9.11526,259.653,1358.23,84.6942,381.818,0,13.5855,60.0097,65.6173,7
-1,2365.06,132.213,0.127388,9.11526,259.653,1358.23,84.6942,381.818,0,13.5855,60.0097,65.6173,4.9
-2,2364.27,128.963,0.124515,9.107,259.696,1360.66,84.7393,381.77,0,13.5831,60.0163,65.6067,4.9
2,2364.27,128.963,0.124515,9.107,259.696,1360.66,84.7393,381.77,0,13.5831,60.0163,65.6067,4.9
0,2377.95,159.703,0.124693,9.03069,259.776,1343.86,84.5348,381.77,0,13.5594,59.9932,65.6063,3.43
-1,2377.95,159.703,0.124693,9.03069,259.776,1343.86,84.5348,381.77,0,13.5594,59.9932,65.6063,7
-2,2375.34,152.978,0.124792,9.03091,259.871,1348.01,84.6693,381.478,0,13.5597,60.0239,65.5933,7
1,2375.34,152.978,0.124792,9.03091,259.871,1348.01,84.6693,381.478,0,13.5597,60.0239,65.5933,7
0,2397.19,195.936,0.12499,8.94303,259.985,1326.99,84.3268,381.77,0,13.532,59.9696,65.6059,7
-1,2397.19,195.936,0.12499,8.94303,259.985,1326.99,84.3268,381.77,0,13.532,59.9696,65.6059,7
-2,2391.43,183.299,0.126086,8.95299,260.391,1333.82,84.5868,381.108,0,13.5357,60.031,65.5861,7
1,2391.43,183.299,0.126086,8.95299,260.391,1333.82,84.5868,381.108,0,13.5357,60.031,65.5861,7
-1,2391.43,183.299,0.126086,8.95299,260.391,1333.82,84.5868,381.108,0,13.5357,60.031,65.5861,4.9
-2,2386.31,171.572,0.125557,8.95774,260.362,1340.33,84.7226,381.084,0,13.5374,60.0581,65.5667,4.9
2,2386.31,171.572,0.125557,8.95774,260.362,1340.33,84.7226,381.084,0,13.5374,60.0581,65.5667,4.9
0,2414.59,223.615,0.126347,8.8526,260.574,1316.84,84.3797,381.108,0,13.5041,60.0075,65.5858,4.9
-1,2414.59,223.615,0.126347,8.8526,260.574,1316.84,84.3797,381.108,0,13.5041,60.0075,65.5858,7
-2,2406.32,206.663,0.125803,8.87027,260.985,1325.26,84.6599,380.611,0,13.5103,60.0714,65.5638,7
1,2406.32,206.663,0.125803,8.87027,260.985,1325.26,84.6599,380.611,0,13.5103,60.0714,65.5638,7
0,2444.03,270.098,0.126641,8.73924,260.957,1299.8,84.1667,381.108,0,13.4682,59.9834,65.5854,7
-1,2444.03,270.098,0.126641,8.73924,260.957,1299.8,84.1667,381.108,0,13.4682,59.9834,65.5854,7
-2,2429.81,244.297,0.126166,8.77084,261.503,1311.16,84.5952,380.243,0,13.4793,60.0831,65.5576,7
1,2429.81,244.297,0.126166,8.77084,261.503,1311.16,84.5952,380.243,0,13.4793,60.0831,65.5576,7
-1,2429.81,244.297,0.126166,8.77084,261.503,1311.16,84.5952,380.243,0,13.4793,60.0831,65.5576,4.9
-2,2418.55,221.362,0.129405,8.79027,261.879,1322,84.8179,380.421,0,13.4859,60.1292,65.5291,4.9
2,2418.55,221.362,0.129405,8.79027,261.879,1322,84.8179,380.421,0,13.4859,60.1292,65.5291,4.9
0,2462.22,294.028,0.12639,8.64303,261.762,1293.98,84.3821,380.243,0,13.4386,60.059,65.5575,4.9
-1,2462.22,294.028,0.12639,8.64303,261.762,1293.98,84.3821,380.243,0,13.4386,60.059,65.5575,7
-2,2445.85,263.999,0.130603,8.68024,262.77,1306.5,84.7955,379.845,0,13.4514,60.1539,65.5293,7
1,2445.85,263.999,0.130603,8.68024,262.77,1306.5,84.7955,379.845,0,13.4514,60.1539,65.5293,7
0,2501.69,350.7,0.126643,8.50048,262.198,1276.77,84.1613,380.243,0,13.3928,60.0339,65.5575,7
-1,2501.69,350.7,0.126643,8.50048,262.198,1276.77,84.1613,380.243,0,13.3928,60.0339,65.5575,7
-2,2476.63,308.688,0.13137,8.5552,263.453,1292.46,84.7433,379.5,0,13.4118,60.1694,65.5245,7
1,2476.63,308.688,0.13137,8.5552,263.453,1292.46,84.7433,379.5,0,13.4118,60.1694,65.5245,7
-1,2476.63,308.688,0.13137,8.5552,263.453,1292.46,84.7433,379.5,0,13.4118,60.1694,65.5245,4.9
-2,2456.46,272.448,0.136901,8.58315,263.675,1307.14,85.0744,380.249,0,13.4212,60.2354,65.4943,4.9
2,2456.46,272.448,0.136901,8.58315,263.675,1307.14,85.0744,380.249,0,13.4212,60.2354,65.4943,4.9
0,2517.88,367.467,0.131468,8.39644,263.712,1275.12,84.5216,379.5,0,13.3605,60.1443,65.5245,4.9
-1,2517.88,367.467,0.131468,8.39644,263.712,1275.12,84.5216,379.5,0,13.3605,60.1443,65.5245,7
-2,2490.26,322.446,0.137191,8.44643,264.095,1291.27,85.0852,379.637,0,13.3778,60.2701,65.4963,7
1,2490.26,322.446,0.137191,8.44643,264.095,1291.27,85.0852,379.637,0,13.3778,60.2701,65.4963,7
0,2566.72,433.679,0.131652,8.22099,264.144,1257.81,84.2908,379.499,0,13.3033,60.1181,65.5243,7
-1,2566.72,433.679,0.131652,8.22099,264.144,1257.81,84.2908,379.499,0,13.3033,60.1181,65.5243,7
-2,2527.45,373.527,0.138153,8.29084,264.686,1277.3,85.0432,379.348,0,13.3276,60.2888,65.4931,7
1,2527.45,373.527,0.138153,8.29084,264.686,1277.3,85.0432,379.348,0,13.3276,60.2888,65.4931,7
-1,2527.45,373.527,0.138153,8.29084,264.686,1277.3,85.0432,379.348,0,13.3276,60.2888,65.4931,4.9
-2,2497.25,323.208,0.145975,8.33442,264.717,1295.53,85.4884,380.62,0,13.3425,60.3728,65.4947,4.9
2,2497.25,323.208,0.145975,8.33442,264.717,1295.53,85.4884,380.62,0,13.3425,60.3728,65.4947,4.9
0,2576.85,440.623,0.138193,8.09724,264.929,1259.89,84.8113,379.348,0,13.264,60.2625,65.4919,4.9
-1,2576.85,440.623,0.138193,8.09724,264.929,1259.89,84.8113,379.348,0,13.264,60.2625,65.4919,7
-2,2539.09,380.578,0.148554,8.16597,266.057,1279.36,85.5359,380.046,0,13.2881,60.4183,65.4922,7
1,2539.09,380.578,0.148554,8.16597,266.057,1279.36,85.5359,380.046,0,13.2881,60.4183,65.4922,7
0,2634.5,515.765,0.13814,7.88484,265.289,1242.58,84.5699,379.347,0,13.1935,60.2351,65.4897,7
-1,2634.5,515.765,0.13814,7.88484,265.289,1242.58,84.5699,379.347,0,13.1935,60.2351,65.4897,7
-2,2582.68,437.55,0.150071,7.97496,266.946,1265.55,85.504,379.848,0,13.2252,60.4401,65.4886,7
1,2582.68,437.55,0.150071,7.97496,266.946,1265.55,85.504,379.848,0,13.2252,60.4401,65.4886,7
0,2700.89,599.401,0.137938,7.65237,265.8,1225.42,84.3205,379.347,0,13.1156,60.2068,65.4854,7
-1,2700.89,599.401,0.137938,7.65237,265.8,1225.42,84.3205,379.347,0,13.1156,60.2068,65.4854,7
-2,2630.24,497.939,0.157257,7.76506,268.132,1252,85.4717,379.669,0,13.1554,60.4631,65.4843,7
1,2630.24,497.939,0.157257,7.76506,268.132,1252,85.4717,379.669,0,13.1554,60.4631,65.4843,7
-1,2630.24,497.939,0.157257,7.76506,268.132,1252,85.4717,379.669,0,13.1554,60.4631,65.4843,4.9
-2,2577,417.254,0.162477,7.83413,267.44,1276.61,86.2061,382.226,0,13.1792,60.5966,65.4883,4.9
2,2577,417.254,0.162477,7.83413,267.44,1276.61,86.2061,382.226,0,13.1792,60.5966,65.4883,4.9
0,2694.28,579.516,0.157093,7.51107,268.381,1234.84,85.2246,379.669,0,13.0694,60.4351,65.4745,4.9
-1,2694.28,579.516,0.157093,7.51107,268.381,1234.84,85.2246,379.669,0,13.0694,60.4351,65.4745,7
-2,2631.08,486.518,0.164738,7.60934,269.216,1260.27,86.3058,381.752,0,13.1041,60.6592,65.4813,7
1,2631.08,486.518,0.164738,7.60934,269.216,1260.27,86.3058,381.752,0,13.1041,60.6592,65.4813,7
0,2767.54,669.957,0.156736,7.23492,268.719,1217.99,84.9731,379.668,0,12.9748,60.4065,65.458,7
-1,2767.54,669.957,0.156736,7.23492,268.719,1217.99,84.9731,379.668,0,12.9748,60.4065,65.458,7
-2,2684.57,552.588,0.164088,7.35526,270.141,1247.11,86.2869,381.754,0,13.0175,60.6849,65.4658,7
1,2684.57,552.588,0.164088,7.35526,270.141,1247.11,86.2869,381.754,0,13.0175,60.6849,65.4658,7
0,2850.57,769.714,0.156103,6.93547,269.162,1201.53,84.7224,379.668,0,12.8711,60.378,65.43,7
-1,2850.57,769.714,0.156103,6.93547,269.162,1201.53,84.7224,379.668,0,12.8711,60.378,65.43,7
-2,2744.06,623.803,0.167403,7.07817,271.424,1234.45,86.2711,381.791,0,12.9218,60.7116,65.4402,7
1,2744.06,623.803,0.167403,7.07817,271.424,1234.45,86.2711,381.791,0,12.9218,60.7116,65.4402,7
-1,2744.06,623.803,0.167403,7.07817,271.424,1234.45,86.2711,381.791,0,12.9218,60.7116,65.4402,4.9
-2,2663.6,509.536,0.19114,7.16644,270.189,1264.18,87.0033,386.13,0,12.9512,60.8279,65.4258,4.9
2,2663.6,509.536,0.19114,7.16644,270.189,1264.18,87.0033,386.13,0,12.9512,60.8279,65.4258,4.9
0,2822.05,718.536,0.166331,6.75444,271.608,1218.27,86.0331,381.79,0,12.8084,60.6846,65.3962,4.9
-1,2822.05,718.536,0.166331,6.75444,271.608,1218.27,86.0331,381.79,0,12.8084,60.6846,65.3962,7
-2,2730.34,590.066,0.19191,6.87403,272.533,1248.41,87.1598,385.956,0,12.8496,60.9046,65.3915,7
1,2730.34,590.066,0.19191,6.87403,272.533,1248.41,87.1598,385.956,0,12.8496,60.9046,65.3915,7
0,2910.09,822.703,0.165361,6.40623,271.824,1202.71,85.8111,381.789,0,12.6849,60.6594,65.3275,7
-1,2910.09,822.703,0.165361,6.40623,271.824,1202.71,85.8111,381.789,0,12.6849,60.6594,65.3275,7
-2,2794.21,664.419,0.192035,6.54706,273.942,1236.71,87.168,386.246,0,12.7337,60.9325,65.3236,7
1,2794.21,664.419,0.192035,6.54706,273.942,1236.71,87.168,386.246,0,12.7337,60.9325,65.3236,7
0,3008.89,936.867,0.163866,6.03352,272.08,1187.92,85.6192,381.787,0,12.5512,60.6377,65.2262,7
-1,3008.89,936.867,0.163866,6.03352,272.08,1187.92,85.6192,381.787,0,12.5512,60.6377,65.2262,7
-2,2864.34,744.092,0.192803,6.19509,275.408,1225.87,87.201,386.588,0,12.6073,60.9627,65.2234,7
1,2864.34,744.092,0.192803,6.19509,275.408,1225.87,87.201,386.588,0,12.6073,60.9627,65.2234,7
-1,2864.34,744.092,0.192803,6.19509,275.408,1225.87,87.201,386.588,0,12.6073,60.9627,65.2234,4.9
-2,2756.37,597.143,0.221249,6.3066,272.527,1260.02,88.0338,393.2,0,12.644,61.0828,65.191,4.9
2,2756.37,597.143,0.221249,6.3066,272.527,1260.02,88.0338,393.2,0,12.644,61.0828,65.191,4.9
0,2955.79,850.417,0.190573,5.79885,275.446,1211.8,87.0554,386.585,0,12.4636,60.9463,65.0857,4.9
-1,2955.79,850.417,0.190573,5.79885,275.446,1211.8,87.0554,386.585,0,12.4636,60.9463,65.0857,7
-2,2836.21,688.49,0.221504,5.93968,274.907,1245.97,88.309,393.623,0,12.5113,61.1772,65.0647,7
1,2836.21,688.49,0.221504,5.93968,274.907,1245.97,88.309,393.623,0,12.5113,61.1772,65.0647,7
0,3058.17,966.753,0.188225,5.38154,275.413,1198.77,86.9661,386.581,0,12.3106,60.9362,64.8765,7
-1,3058.17,966.753,0.188225,5.38154,275.413,1198.77,86.9661,386.581,0,12.3106,60.9362,64.8765,7
-2,2909.65,769.522,0.222177,5.54129,276.275,1236.88,88.4361,394.339,0,12.365,61.2156,64.8502,7
1,2909.65,769.522,0.222177,5.54129,276.275,1236.88,88.4361,394.339,0,12.365,61.2156,64.8502,7
0,3172.2,1093.64,0.184838,4.94735,275.29,1186.96,86.9367,386.574,0,12.1502,60.9329,64.5849,7
-1,3172.2,1093.64,0.184838,4.94735,275.29,1186.96,86.9367,386.574,0,12.1502,60.9329,64.5849,7
-2,2990.49,856.047,0.225929,5.12503,278.216,1229.11,88.6104,395.135,0,12.2108,61.2582,64.5514,7
1,2990.49,856.047,0.225929,5.12503,278.216,1229.11,88.6104,395.135,0,12.2108,61.2582,64.5514,7
-1,2990.49,856.047,0.225929,5.12503,278.216,1229.11,88.6104,395.135,0,12.2108,61.2582,64.5514,4.9
-2,2855.51,677.807,0.259835,5.25777,273.758,1266.99,89.3499,403.997,0,12.2537,61.3358,64.4979,4.9
2,2855.51,677.807,0.259835,5.25777,273.758,1266.99,89.3499,403.997,0,12.2537,61.3358,64.4979,4.9
-1,2855.51,677.807,0.259835,5.25777,273.758,1266.99,89.3499,403.997,0,12.2537,61.3358,64.4979,3.43
-2,2753.29,544.73,0.276705,5.34772,266.846,1300.06,89.3182,408.739,0,12.2806,61.2508,64.4386,3.43
3,2753.29,544.73,0.276705,5.34772,266.846,1300.06,89.3182,408.739,0,12.2806,61.2508,64.4386,3.43
-1,2753.29,544.73,0.276705,5.34772,266.846,1300.06,89.3182,408.739,0,12.2806,61.2508,64.4386,2.401
-2,2676.99,445.118,0.27327,5.38423,262.155,1328.38,88.7261,409.196,0,12.2896,61.0766,64.3883,2.401
4,2676.99,445.118,0.27327,5.38423,262.155,1328.38,88.7261,409.196,0,12.2896,61.0766,64.3883,2.401
-1,2676.99,445.118,0.27327,5.38423,262.155,1328.38,88.7261,409.196,0,12.2896,61.0766,64.3883,1.6807
-2,2618.04,369.197,0.269791,5.35705,258.775,1352.36,87.7297,406.887,0,12.2779,60.8482,64.3319,1.6807
5,2618.04,369.197,0.269791,5.35705,258.775,1352.36,87.7297,406.887,0,12.2779,60.8482,64.3319,1.6807
-1,2618.04,369.197,0.269791,5.35705,258.775,1352.36,87.7297,406.887,0,12.2779,60.8482,64.3319,1.17649
-2,2573.67,311.654,0.258242,5.30064,256.563,1372.78,86.574,403.375,0,12.2576,60.6148,64.2882,1.17649
6,2573.67,311.654,0.258242,5.30064,256.563,1372.78,86.574,403.375,0,12.2576,60.6148,64.2882,1.17649
-1,2573.67,311.654,0.258242,5.30064,256.563,1372.78,86.574,403.375,0,12.2576,60.6148,64.2882,0.823543
-2,2540.49,266.897,0.261009,5.23711,256.662,1389.8,85.3874,399.363,0,12.2355,60.3891,64.2569,0.823543
7,2540.49,266.897,0.261009,5.23711,256.662,1389.8,85.3874,399.363,0,12.2355,60.3891,64.2569,0.823543
-1,2540.49,266.897,0.261009,5.23711,256.662,1389.8,85.3874,399.363,0,12.2355,60.3891,64.2569,0.57648
-2,2516.73,233.986,0.240652,5.17629,256.79,1403.87,84.3555,395.672,0,12.2145,60.1971,64.2292,0.57648
8,2516.73,233.986,0.240652,5.17629,256.79,1403.87,84.3555,395.672,0,12.2145,60.1971,64.2292,0.57648
-1,2516.73,233.986,0.240652,5.17629,256.79,1403.87,84.3555,395.672,0,12.2145,60.1971,64.2292,0.403536
-2,2497.88,207.602,0.228343,5.09985,257.188,1415.72,83.3534,392.278,0,12.1886,60.0113,64.2115,0.403536
9,2497.88,207.602,0.228343,5.09985,257.188,1415.72,83.3534,392.278,0,12.1886,60.0113,64.2115,0.403536
-1,2497.88,207.602,0.228343,5.09985,257.188,1415.72,83.3534,392.278,0,12.1886,60.0113,64.2115,0.282475
-2,2483.7,186.672,0.221359,5.03265,257.919,1425.73,82.5154,389.398,0,12.1657,59.8562,64.1924,0.282475
10,2483.7,186.672,0.221359,5.03265,257.919,1425.73,82.5154,389.398,0,12.1657,59.8562,64.1924,0.282475
-1,2483.7,186.672,0.221359,5.03265,257.919,1425.73,82.5154,389.398,0,12.1657,59.8562,64.1924,0.197733
-2,2473.13,171.016,0.20681,4.97064,258.073,1433.92,81.8521,387.04,0,12.1447,59.7324,64.1713,0.197733
11,2473.13,171.016,0.20681,4.97064,258.073,1433.92,81.8521,387.04,0,12.1447,59.7324,64.1713,0.197733
-1,2473.13,171.016,0.20681,4.97064,258.073,1433.92,81.8521,387.04,0,12.1447,59.7324,64.1713,0.138413
-2,2465.18,159.28,0.187278,4.91657,258.242,1440.37,81.2862,385.014,0,12.1264,59.6251,64.1358,0.138413
12,2465.18,159.28,0.187278,4.91657,258.242,1440.37,81.2862,385.014,0,12.1264,59.6251,64.1358,0.138413
-1,2465.18,159.28,0.187278,4.91657,258.242,1440.37,81.2862,385.014,0,12.1264,59.6251,64.1358,0.096889
-2,2458.91,149.419,0.176925,4.84961,258.962,1445.64,80.8247,383.288,0,12.1041,59.5383,64.1069,0.096889
13,2458.91,149.419,0.176925,4.84961,258.962,1445.64,80.8247,383.288,0,12.1041,59.5383,64.1069,0.096889
-1,2458.91,149.419,0.176925,4.84961,258.962,1445.64,80.8247,383.288,0,12.1041,59.5383,64.1069,0.0678223
-2,2454.02,141.863,0.162863,4.78231,259.266,1449.86,80.4814,381.978,0,12.0819,59.4709,64.0706,0.0678223
14,2454.02,141.863,0.162863,4.78231,259.266,1449.86,80.4814,381.978,0,12.0819,59.4709,64.0706,0.0678223
-1,2454.02,141.863,0.162863,4.78231,259.266,1449.86,80.4814,381.978,0,12.0819,59.4709,64.0706,0.0474756
-2,2449.65,135.21,0.154412,4.71813,259.544,1453.37,80.2,380.95,0,12.0607,59.4135,64.0298,0.0474756
15,2449.65,135.21,0.154412,4.71813,259.544,1453.37,80.2,380.95,0,12.0607,59.4135,64.0298,0.0474756
-1,2449.65,135.21,0.154412,4.71813,259.544,1453.37,80.2,380.95,0,12.0607,59.4135,64.0298,0.0332329
-2,2445.65,129.661,0.14937,4.65913,259.553,1456.04,80.0217,380.165,0,12.0415,59.3748,63.9845,0.0332329
16,2445.65,129.661,0.14937,4.65913,259.553,1456.04,80.0217,380.165,0,12.0415,59.3748,63.9845,0.0332329
-1,2445.65,129.661,0.14937,4.65913,259.553,1456.04,80.0217,380.165,0,12.0415,59.3748,63.9845,0.0232631
-2,2443.85,126.3,0.135425,4.60697,259.83,1458.15,79.9532,379.564,0,12.0246,59.3568,63.9267,0.0232631
17,2443.85,126.3,0.135425,4.60697,259.83,1458.15,79.9532,379.564,0,12.0246,59.3568,63.9267,0.0232631
-1,2443.85,126.3,0.135425,4.60697,259.83,1458.15,79.9532,379.564,0,12.0246,59.3568,63.9267,0.0162841
-2,2441.38,123.609,0.124171,4.55353,259.053,1459.85,79.8541,379.139,0,12.0073,59.3308,63.8642,0.0162841
18,2441.38,123.609,0.124171,4.55353,259.053,1459.85,79.8541,379.139,0,12.0073,59.3308,63.8642,0.0162841
-1,2441.38,123.609,0.124171,4.55353,259.053,1459.85,79.8541,379.139,0,12.0073,59.3308,63.8642,0.0113989
-2,2438.53,120.367,0.120373,4.50733,259.147,1460.84,79.807,378.657,0,11.9923,59.316,63.7768,0.0113989
19,2438.53,120.367,0.120373,4.50733,259.147,1460.84,79.807,378.657,0,11.9923,59.316,63.7768,0.0113989
-1,2438.53,120.367,0.120373,4.50733,259.147,1460.84,79.807,378.657,0,11.9923,59.316,63.7768,0.00797923
-2,2436.62,117.819,0.116994,4.46763,259.217,1461.83,79.8513,378.334,0,11.9795,59.3189,63.6919,0.00797923
20,2436.62,117.819,0.116994,4.46763,259.217,1461.83,79.8513,378.334,0,11.9795,59.3189,63.6919,0.00797923
-1,2436.62,117.819,0.116994,4.46763,259.217,1461.83,79.8513,378.334,0,11.9795,59.3189,63.6919,0.00558546
-2,2435.44,116.261,0.113361,4.43627,259.281,1462.39,79.9279,378.12,0,11.9695,59.3279,63.6084,0.00558546
21,2435.44,116.261,0.113361,4.43627,259.281,1462.39,79.9279,378.12,0,11.9695,59.3279,63.6084,0.00558546
-1,2435.44,116.261,0.113361,4.43627,259.281,1462.39,79.9279,378.12,0,11.9695,59.3279,63.6084,0.00390982
-2,2434.39,115.354,0.105826,4.41108,259.138,1462.56,80.0055,377.992,0,11.9613,59.3366,63.5245,0.00390982
22,2434.39,115.354,0.105826,4.41108,259.138,1462.56,80.0055,377.992,0,11.9613,59.3366,63.5245,0.00390982
-1,2434.39,115.354,0.105826,4.41108,259.138,1462.56,80.0055,377.992,0,11.9613,59.3366,63.5245,0.00273687
-2,2433.05,113.965,0.104,4.39117,258.983,1462.92,80.0335,377.92,0,11.9547,59.335,63.4406,0.00273687
23,2433.05,113.965,0.104,4.39117,258.983,1462.92,80.0335,377.92,0,11.9547,59.335,63.4406,0.00273687
-1,2433.05,113.965,0.104,4.39117,258.983,1462.92,80.0335,377.92,0,11.9547,59.335,63.4406,0.00191581
-2,2431.67,112.785,0.102461,4.37679,258.813,1462.98,80.1041,377.855,0,11.9499,59.3424,63.357,0.00191581
24,2431.67,112.785,0.102461,4.37679,258.813,1462.98,80.1041,377.855,0,11.9499,59.3424,63.357,0.00191581
-1,2431.67,112.785,0.102461,4.37679,258.813,1462.98,80.1041,377.855,0,11.9499,59.3424,63.357,0.00134107
-2,2430.88,112.064,0.1003,4.3678,258.657,1463.11,80.1954,377.805,0,11.9468,59.3546,63.2757,0.00134107
25,2430.88,112.064,0.1003,4.3678,258.657,1463.11,80.1954,377.805,0,11.9468,59.3546,63.2757,0.00134107
0,2448.91,138.893,0.0966566,3.92545,258.239,1455.44,80.1691,377.791,0,11.7825,59.3516,63.2196,0.001
-1,2448.91,138.893,0.0966566,3.92545,258.239,1455.44,80.1691,377.791,0,11.7825,59.3516,63.2196,7
-2,2448.01,136.261,0.0954173,3.91103,257.812,1457.43,80.2202,377.977,0,11.7777,59.3511,63.1773,7
1,2448.01,136.261,0.0954173,3.91103,257.812,1457.43,80.2202,377.977,0,11.7777,59.3511,63.1773,7
0,2470.3,167.64,0.0907772,3.47772,256.902,1450.31,80.0193,377.945,0,11.6175,59.3283,62.975,4.9
-1,2470.3,167.64,0.0907772,3.47772,256.902,1450.31,80.0193,377.945,0,11.6175,59.3283,62.975,7
-2,2467.3,160.303,0.0898401,3.47192,256.915,1454.72,80.1155,377.827,0,11.6156,59.3405,62.8994,7
1,2467.3,160.303,0.0898401,3.47192,256.915,1454.72,80.1155,377.827,0,11.6156,59.3405,62.8994,7
-1,2467.3,160.303,0.0898401,3.47192,256.915,1454.72,80.1155,377.827,0,11.6156,59.3405,62.8994,4.9
-2,2464.97,153.312,0.0892504,3.4649,257.116,1459.22,80.1775,377.823,0,11.6133,59.3447,62.8132,4.9
2,2464.97,153.312,0.0892504,3.4649,257.116,1459.22,80.1775,377.823,0,11.6133,59.3447,62.8132,4.9
-1,2464.97,153.312,0.0892504,3.4649,257.116,1459.22,80.1775,377.823,0,11.6133,59.3447,62.8132,3.43
-2,2463.09,147.27,0.0865138,3.45754,257.156,1463.41,80.1989,377.86,0,11.6108,59.3395,62.6998,3.43
3,2463.09,147.27,0.0865138,3.45754,257.156,1463.41,80.1989,377.86,0,11.6108,59.3395,62.6998,3.43
-1,2463.09,147.27,0.0865138,3.45754,257.156,1463.41,80.1989,377.86,0,11.6108,59.3395,62.6998,2.401
-2,2460.95,141.737,0.0846612,3.45243,257.115,1467.08,80.1686,377.833,0,11.6089,59.323,62.5468,2.401
4,2460.95,141.737,0.0846612,3.45243,257.115,1467.08,80.1686,377.833,0,11.6089,59.323,62.5468,2.401
-1,2460.95,141.737,0.0846612,3.45243,257.115,1467.08,80.1686,377.833,0,11.6089,59.323,62.5468,1.6807
-2,2459.01,136.655,0.0849648,3.45127,257.302,1470.35,80.1073,377.766,0,11.6081,59.3018,62.3877,1.6807
5,2459.01,136.655,0.0849648,3.45127,257.302,1470.35,80.1073,377.766,0,11.6081,59.3018,62.3877,1.6807
-1,2459.01,136.655,0.0849648,3.45127,257.302,1470.35,80.1073,377.766,0,11.6081,59.3018,62.3877,1.17649
-2,2456.97,132.025,0.0849465,3.45208,257.446,1473.06,80.0747,377.707,0,11.608,59.2871,62.2256,1.17649
6,2456.97,132.025,0.0849465,3.45208,257.446,1473.06,80.0747,377.707,0,11.608,59.2871,62.2256,1.17649
-1,2456.97,132.025,0.0849465,3.45208,257.446,1473.06,80.0747,377.707,0,11.608,59.2871,62.2256,0.823543
-2,2455.58,128.269,0.0839417,3.45525,257.583,1475.52,80.0652,377.654,0,11.6086,59.2781,62.0637,0.823543
7,2455.58,128.269,0.0839417,3.45525,257.583,1475.52,80.0652,377.654,0,11.6086,59.2781,62.0637,0.823543
-1,2455.58,128.269,0.0839417,3.45525,257.583,1475.52,80.0652,377.654,0,11.6086,59.2781,62.0637,0.57648
-2,2454.47,125.158,0.0843232,3.46118,257.774,1477.56,80.0362,377.616,0,11.6101,59.2659,61.903,0.57648
8,2454.47,125.158,0.0843232,3.46118,257.774,1477.56,80.0362,377.616,0,11.6101,59.2659,61.903,0.57648
-1,2454.47,125.158,0.0843232,3.46118,257.774,1477.56,80.0362,377.616,0,11.6101,59.2659,61.903,0.403536
-2,2453.15,122.319,0.0843796,3.46821,257.853,1479.19,80.0242,377.599,0,11.6119,59.2573,61.7446,0.403536
9,2453.15,122.319,0.0843796,3.46821,257.853,1479.19,80.0242,377.599,0,11.6119,59.2573,61.7446,0.403536
-1,2453.15,122.319,0.0843796,3.46821,257.853,1479.19,80.0242,377.599,0,11.6119,59.2573,61.7446,0.282475
-2,2452.26,120.162,0.0838196,3.47617,257.865,1480.6,80.0283,377.588,0,11.6141,59.2529,61.5905,0.282475
10,2452.26,120.162,0.0838196,3.47617,257.865,1480.6,80.0283,377.588,0,11.6141,59.2529,61.5905,0.282475
0,2472.23,148.988,0.0781114,3.06786,256.054,1475.2,79.2849,377.51,0,11.4649,59.1668,61.4215,0.197733
-1,2472.23,148.988,0.0781114,3.06786,256.054,1475.2,79.2849,377.51,0,11.4649,59.1668,61.4215,7
-2,2471.08,145.171,0.0774675,3.06989,256.018,1478.01,79.3146,377.483,0,11.4653,59.1637,61.3047,7
1,2471.08,145.171,0.0774675,3.06989,256.018,1478.01,79.3146,377.483,0,11.4653,59.1637,61.3047,7
-1,2471.08,145.171,0.0774675,3.06989,256.018,1478.01,79.3146,377.483,0,11.4653,59.1637,61.3047,4.9
-2,2469.53,140.969,0.0774346,3.07101,255.949,1480.87,79.3245,377.474,0,11.4655,59.1572,61.1689,4.9
2,2469.53,140.969,0.0774346,3.07101,255.949,1480.87,79.3245,377.474,0,11.4655,59.1572,61.1689,4.9
-1,2469.53,140.969,0.0774346,3.07101,255.949,1480.87,79.3245,377.474,0,11.4655,59.1572,61.1689,3.43
-2,2467.82,136.798,0.0760194,3.07187,255.7,1483.78,79.3349,377.426,0,11.4655,59.1526,61.0167,3.43
3,2467.82,136.798,0.0760194,3.07187,255.7,1483.78,79.3349,377.426,0,11.4655,59.1526,61.0167,3.43
-1,2467.82,136.798,0.0760194,3.07187,255.7,1483.78,79.3349,377.426,0,11.4655,59.1526,61.0167,2.401
-2,2466.78,133.052,0.0764162,3.07436,255.901,1486.59,79.3253,377.295,0,11.4661,59.1454,60.8467,2.401
4,2466.78,133.052,0.0764162,3.07436,255.901,1486.59,79.3253,377.295,0,11.4661,59.1454,60.8467,2.401
-1,2466.78,133.052,0.0764162,3.07436,255.901,1486.59,79.3253,377.295,0,11.4661,59.1454,60.8467,1.6807
-2,2465.64,129.655,0.0770001,3.07782,256.064,1488.99,79.3108,377.202,0,11.4669,59.138,60.6654,1.6807
5,2465.64,129.655,0.0770001,3.07782,256.064,1488.99,79.3108,377.202,0,11.4669,59.138,60.6654,1.6807
-1,2465.64,129.655,0.0770001,3.07782,256.064,1488.99,79.3108,377.202,0,11.4669,59.138,60.6654,1.17649
-2,2464.59,126.572,0.077495,3.08268,256.201,1491.15,79.3035,377.128,0,11.4682,59.1327,60.477,1.17649
6,2464.59,126.572,0.077495,3.08268,256.201,1491.15,79.3035,377.128,0,11.4682,59.1327,60.477,1.17649
-1,2464.59,126.572,0.077495,3.08268,256.201,1491.15,79.3035,377.128,0,11.4682,59.1327,60.477,0.823543
-2,2463.35,123.824,0.0771172,3.08831,256.147,1492.96,79.303,377.071,0,11.4697,59.1298,60.2855,0.823543
7,2463.35,123.824,0.0771172,3.08831,256.147,1492.96,79.303,377.071,0,11.4697,59.1298,60.2855,0.823543
-1,2463.35,123.824,0.0771172,3.08831,256.147,1492.96,79.303,377.071,0,11.4697,59.1298,60.2855,0.57648
-2,2462.75,121.638,0.0770679,3.09481,256.329,1494.62,79.3041,377,0,11.4715,59.1279,60.0918,0.57648
8,2462.75,121.638,0.0770679,3.09481,256.329,1494.62,79.3041,377,0,11.4715,59.1279,60.0918,0.57648
0,2481.68,150.917,0.0702114,2.73284,253.076,1490.69,77.3942,376.792,0,11.3422,58.8957,59.7715,0.403536
-1,2481.68,150.917,0.0702114,2.73284,253.076,1490.69,77.3942,376.792,0,11.3422,58.8957,59.7715,7
-2,2480.51,146.622,0.0681971,2.73777,253.455,1493.73,77.4312,376.651,0,11.3436,58.8974,59.5822,7
1,2480.51,146.622,0.0681971,2.73777,253.455,1493.73,77.4312,376.651,0,11.3436,58.8974,59.5822,7
-1,2480.51,146.622,0.0681971,2.73777,253.455,1493.73,77.4312,376.651,0,11.3436,58.8974,59.5822,4.9
-2,2479.03,142.103,0.0684059,2.74058,253.579,1496.93,77.4576,376.547,0,11.3443,58.8979,59.3552,4.9
2,2479.03,142.103,0.0684059,2.74058,253.579,1496.93,77.4576,376.547,0,11.3443,58.8979,59.3552,4.9
-1,2479.03,142.103,0.0684059,2.74058,253.579,1496.93,77.4576,376.547,0,11.3443,58.8979,59.3552,3.43
-2,2477.76,137.915,0.0687431,2.74124,253.694,1500.04,77.4931,376.464,0,11.3444,58.9016,59.1007,3.43
3,2477.76,137.915,0.0687431,2.74124,253.694,1500.04,77.4931,376.464,0,11.3444,58.9016,59.1007,3.43
-1,2477.76,137.915,0.0687431,2.74124,253.694,1500.04,77.4931,376.464,0,11.3444,58.9016,59.1007,2.401
-2,2476.81,133.94,0.0677442,2.74129,254.101,1502.98,77.5241,376.385,0,11.3442,58.906,58.8244,2.401
4,2476.81,133.94,0.0677442,2.74129,254.101,1502.98,77.5241,376.385,0,11.3442,58.906,58.8244,2.401
0,2494.02,165.702,0.0610074,2.44766,248.395,1500.39,73.5963,375.807,0,11.2428,58.3877,57.991,1.6807
-1,2494.02,165.702,0.0610074,2.44766,248.395,1500.39,73.5963,375.807,0,11.2428,58.3877,57.991,7
-2,2491.57,159.127,0.0606546,2.45219,248.815,1504.67,73.6886,375.498,0,11.2441,58.4065,57.6051,7
1,2491.57,159.127,0.0606546,2.45219,248.815,1504.67,73.6886,375.498,0,11.2441,58.4065,57.6051,7
-1,2491.57,159.127,0.0606546,2.45219,248.815,1504.67,73.6886,375.498,0,11.2441,58.4065,57.6051,4.9
-2,2489.31,152.844,0.0609965,2.45284,249.073,1508.93,73.7866,375.324,0,11.2443,58.4286,57.1619,4.9
2,2489.31,152.844,0.0609965,2.45284,249.073,1508.93,73.7866,375.324,0,11.2443,58.4286,57.1619,4.9
-1,2489.31,152.844,0.0609965,2.45284,249.073,1508.93,73.7866,375.324,0,11.2443,58.4286,57.1619,3.43
-2,2486.86,147.088,0.061398,2.45109,248.784,1513.01,73.9011,375.188,0,11.2437,58.4576,56.6716,3.43
3,2486.86,147.088,0.061398,2.45109,248.784,1513.01,73.9011,375.188,0,11.2437,58.4576,56.6716,3.43
-1,2486.86,147.088,0.061398,2.45109,248.784,1513.01,73.9011,375.188,0,11.2437,58.4576,56.6716,2.401
-2,2484.99,141.783,0.061968,2.44834,248.958,1516.79,74.0275,375.019,0,11.2428,58.4935,56.164,2.401
4,2484.99,141.783,0.061968,2.44834,248.958,1516.79,74.0275,375.019,0,11.2428,58.4935,56.164,2.401
-1,2484.99,141.783,0.061968,2.44834,248.958,1516.79,74.0275,375.019,0,11.2428,58.4935,56.164,1.6807
-2,2483.13,136.921,0.0624171,2.4452,249.109,1520.17,74.164,374.846,0,11.2418,58.534,55.6389,1.6807
5,2483.13,136.921,0.0624171,2.4452,249.109,1520.17,74.164,374.846,0,11.2418,58.534,55.6389,1.6807
-1,2483.13,136.921,0.0624171,2.4452,249.109,1520.17,74.164,374.846,0,11.2418,58.534,55.6389,1.17649
-2,2481.61,132.756,0.0630059,2.44215,249.322,1523.12,74.311,374.675,0,11.2408,58.5782,55.1111,1.17649
6,2481.61,132.756,0.0630059,2.44215,249.322,1523.12,74.311,374.675,0,11.2408,58.5782,55.1111,1.17649
-1,2481.61,132.756,0.0630059,2.44215,249.322,1523.12,74.311,374.675,0,11.2408,58.5782,55.1111,0.823543
-2,2480.29,129.095,0.0633371,2.43992,249.488,1525.77,74.4606,374.519,0,11.24,58.6242,54.5906,0.823543
7,2480.29,129.095,0.0633371,2.43992,249.488,1525.77,74.4606,374.519,0,11.24,58.6242,54.5906,0.823543
-1,2480.29,129.095,0.0633371,2.43992,249.488,1525.77,74.4606,374.519,0,11.24,58.6242,54.5906,0.57648
-2,2479.45,126.323,0.0631508,2.43783,249.63,1528.02,74.6097,374.372,0,11.2393,58.6711,54.0878,0.57648
8,2479.45,126.323,0.0631508,2.43783,249.63,1528.02,74.6097,374.372,0,11.2393,58.6711,54.0878,0.57648
0,2488.42,156.837,0.0573968,2.23017,240.243,1527.68,66.9288,372.763,0,11.1705,57.4943,53.0136,0.403536
-1,2488.42,156.837,0.0573968,2.23017,240.243,1527.68,66.9288,372.763,0,11.1705,57.4943,53.0136,7
-2,2486.67,152.045,0.0574786,2.2327,240.565,1531.2,67.0792,372.321,0,11.1713,57.5416,52.4561,7
1,2486.67,152.045,0.0574786,2.2327,240.565,1531.2,67.0792,372.321,0,11.1713,57.5416,52.4561,7
-1,2486.67,152.045,0.0574786,2.2327,240.565,1531.2,67.0792,372.321,0,11.1713,57.5416,52.4561,4.9
-2,2484.74,147.163,0.0577398,2.23124,240.725,1534.78,67.2861,371.911,0,11.1708,57.6099,51.8087,4.9
2,2484.74,147.163,0.0577398,2.23124,240.725,1534.78,67.2861,371.911,0,11.1708,57.6099,51.8087,4.9
-1,2484.74,147.163,0.0577398,2.23124,240.725,1534.78,67.2861,371.911,0,11.1708,57.6099,51.8087,3.43
-2,2482.31,142.599,0.0583188,2.22641,240.142,1538.32,67.5405,371.468,0,11.1694,57.6964,51.0878,3.43
3,2482.31,142.599,0.0583188,2.22641,240.142,1538.32,67.5405,371.468,0,11.1694,57.6964,51.0878,3.43
-1,2482.31,142.599,0.0583188,2.22641,240.142,1538.32,67.5405,371.468,0,11.1694,57.6964,51.0878,2.401
-2,2480.67,138.317,0.0587352,2.21947,240.357,1541.61,67.8306,370.976,0,11.1673,57.796,50.333,2.401
4,2480.67,138.317,0.0587352,2.21947,240.357,1541.61,67.8306,370.976,0,11.1673,57.796,50.333,2.401
-1,2480.67,138.317,0.0587352,2.21947,240.357,1541.61,67.8306,370.976,0,11.1673,57.796,50.333,1.6807
-2,2478.95,134.095,0.0588943,2.21162,240.626,1544.74,68.1318,370.465,0,11.1649,57.9034,49.555,1.6807
5,2478.95,134.095,0.0588943,2.21162,240.626,1544.74,68.1318,370.465,0,11.1649,57.9034,49.555,1.6807
-1,2478.95,134.095,0.0588943,2.21162,240.626,1544.74,68.1318,370.465,0,11.1649,57.9034,49.555,1.17649
-2,2477.06,130.346,0.0591328,2.20337,240.429,1547.68,68.4499,369.95,0,11.1625,58.0172,48.7639,1.17649
6,2477.06,130.346,0.0591328,2.20337,240.429,1547.68,68.4499,369.95,0,11.1625,58.0172,48.7639,1.17649
-1,2477.06,130.346,0.0591328,2.20337,240.429,1547.68,68.4499,369.95,0,11.1625,58.0172,48.7639,0.823543
-2,2475.89,127.56,0.0573699,2.19532,240.305,1550.28,68.7734,369.429,0,11.1601,58.132,47.9984,0.823543
7,2475.89,127.56,0.0573699,2.19532,240.305,1550.28,68.7734,369.429,0,11.1601,58.132,47.9984,0.823543
-1,2475.89,127.56,0.0573699,2.19532,240.305,1550.28,68.7734,369.429,0,11.1601,58.132,47.9984,0.57648
-2,2475.03,125.194,0.0550908,2.18695,240.654,1552.36,69.0549,368.863,0,11.1576,58.2388,47.2669,0.57648
8,2475.03,125.194,0.0550908,2.18695,240.654,1552.36,69.0549,368.863,0,11.1576,58.2388,47.2669,0.57648
0,2469.69,155.468,0.0510799,2.0747,225.95,1553.61,56.0842,364.046,0,11.1221,55.8029,45.4776,0.403536
-1,2469.69,155.468,0.0510799,2.0747,225.95,1553.61,56.0842,364.046,0,11.1221,55.8029,45.4776,7
-2,2467.92,150.889,0.0514091,2.07364,226.558,1557.18,56.2958,363.206,0,11.1219,55.8772,44.6637,7
1,2467.92,150.889,0.0514091,2.07364,226.558,1557.18,56.2958,363.206,0,11.1219,55.8772,44.6637,7
-1,2467.92,150.889,0.0514091,2.07364,226.558,1557.18,56.2958,363.206,0,11.1219,55.8772,44.6637,4.9
-2,2465.75,146.308,0.0491873,2.0685,226.687,1560.85,56.6102,362.321,0,11.1205,55.9918,43.7396,4.9
2,2465.75,146.308,0.0491873,2.0685,226.687,1560.85,56.6102,362.321,0,11.1205,55.9918,43.7396,4.9
-1,2465.75,146.308,0.0491873,2.0685,226.687,1560.85,56.6102,362.321,0,11.1205,55.9918,43.7396,3.43
-2,2463.6,141.631,0.0493651,2.05922,227.16,1564.5,56.951,361.261,0,11.1178,56.1268,42.7399,3.43
3,2463.6,141.631,0.0493651,2.05922,227.16,1564.5,56.951,361.261,0,11.1178,56.1268,42.7399,3.43
-1,2463.6,141.631,0.0493651,2.05922,227.16,1564.5,56.951,361.261,0,11.1178,56.1268,42.7399,2.401
-2,2461.54,137.159,0.0497779,2.04728,227.566,1568.11,57.369,360.121,0,11.1143,56.2902,41.7088,2.401
4,2461.54,137.159,0.0497779,2.04728,227.566,1568.11,57.369,360.121,0,11.1143,56.2902,41.7088,2.401
-1,2461.54,137.159,0.0497779,2.04728,227.566,1568.11,57.369,360.121,0,11.1143,56.2902,41.7088,1.6807
-2,2459.62,133.049,0.0501639,2.03372,227.954,1571.5,57.8434,358.91,0,11.1103,56.4745,40.6933,1.6807
5,2459.62,133.049,0.0501639,2.03372,227.954,1571.5,57.8434,358.91,0,11.1103,56.4745,40.6933,1.6807
-1,2459.62,133.049,0.0501639,2.03372,227.954,1571.5,57.8434,358.91,0,11.1103,56.4745,40.6933,1.17649
-2,2457.32,129.329,0.0506411,2.02032,227.684,1574.76,58.3453,357.621,0,11.1064,56.6725,39.7337,1.17649
6,2457.32,129.329,0.0506411,2.02032,227.684,1574.76,58.3453,357.621,0,11.1064,56.6725,39.7337,1.17649
-1,2457.32,129.329,0.0506411,2.02032,227.684,1574.76,58.3453,357.621,0,11.1064,56.6725,39.7337,0.823543
-2,2456.11,126.32,0.0504119,2.00736,227.964,1577.73,58.8462,356.322,0,11.1027,56.8716,38.8899,0.823543
7,2456.11,126.32,0.0504119,2.00736,227.964,1577.73,58.8462,356.322,0,11.1027,56.8716,38.8899,0.823543
-1,2456.11,126.32,0.0504119,2.00736,227.964,1577.73,58.8462,356.322,0,11.1027,56.8716,38.8899,0.57648
-2,2455.18,123.96,0.0506478,1.99437,228.26,1580.3,59.331,354.967,0,11.0989,57.0724,38.1432,0.57648
8,2455.18,123.96,0.0506478,1.99437,228.26,1580.3,59.331,354.967,0,11.0989,57.0724,38.1432,0.57648
0,2426.39,153.971,0.0494307,1.963,206.851,1581.74,41.008,340.612,0,11.0894,52.8758,36.2311,0.403536
-1,2426.39,153.971,0.0494307,1.963,206.851,1581.74,41.008,340.612,0,11.0894,52.8758,36.2311,7
-2,2424.36,149.307,0.0496018,1.95781,207.244,1585.6,41.2362,339.369,0,11.088,52.9529,35.557,7
1,2424.36,149.307,0.0496018,1.95781,207.244,1585.6,41.2362,339.369,0,11.088,52.9529,35.557,7
-1,2424.36,149.307,0.0496018,1.95781,207.244,1585.6,41.2362,339.369,0,11.088,52.9529,35.557,4.9
-2,2421.87,144.469,0.0496362,1.94791,207.428,1589.55,41.5748,337.849,0,11.0851,53.0677,34.8392,4.9
2,2421.87,144.469,0.0496362,1.94791,207.428,1589.55,41.5748,337.849,0,11.0851,53.0677,34.8392,4.9
-1,2421.87,144.469,0.0496362,1.94791,207.428,1589.55,41.5748,337.849,0,11.0851,53.0677,34.8392,3.43
-2,2419.45,140.165,0.0476971,1.93418,207.293,1593.55,41.9826,336.064,0,11.0812,53.2067,34.129,3.43
3,2419.45,140.165,0.0476971,1.93418,207.293,1593.55,41.9826,336.064,0,11.0812,53.2067,34.129,3.43
-1,2419.45,140.165,0.0476971,1.93418,207.293,1593.55,41.9826,336.064,0,11.0812,53.2067,34.129,2.401
-2,2416.81,136.016,0.0483414,1.918,207.073,1597.45,42.4001,334.001,0,11.0765,53.3561,33.4695,2.401
4,2416.81,136.016,0.0483414,1.918,207.073,1597.45,42.4001,334.001,0,11.0765,53.3561,33.4695,2.401
-1,2416.81,136.016,0.0483414,1.918,207.073,1597.45,42.4001,334.001,0,11.0765,53.3561,33.4695,1.6807
-2,2414.58,131.702,0.0484621,1.90091,207.471,1601.26,42.8595,331.822,0,11.0716,53.5219,32.9196,1.6807
5,2414.58,131.702,0.0484621,1.90091,207.471,1601.26,42.8595,331.822,0,11.0716,53.5219,32.9196,1.6807
-1,2414.58,131.702,0.0484621,1.90091,207.471,1601.26,42.8595,331.822,0,11.0716,53.5219,32.9196,1.17649
-2,2412.45,127.852,0.0489291,1.88463,207.521,1604.99,43.324,329.579,0,11.0669,53.6944,32.4915,1.17649
6,2412.45,127.852,0.0489291,1.88463,207.521,1604.99,43.324,329.579,0,11.0669,53.6944,32.4915,1.17649
-1,2412.45,127.852,0.0489291,1.88463,207.521,1604.99,43.324,329.579,0,11.0669,53.6944,32.4915,0.823543
-2,2410.46,123.862,0.049237,1.86956,207.847,1608.57,43.7892,327.357,0,11.0626,53.8689,32.1855,0.823543
7,2410.46,123.862,0.049237,1.86956,207.847,1608.57,43.7892,327.357,0,11.0626,53.8689,32.1855,0.823543
-1,2410.46,123.862,0.049237,1.86956,207.847,1608.57,43.7892,327.357,0,11.0626,53.8689,32.1855,0.57648
-2,2408.9,120.358,0.0497471,1.85625,208.151,1611.91,44.233,325.25,0,11.0588,54.0381,31.9983,0.57648
8,2408.9,120.358,0.0497471,1.85625,208.151,1611.91,44.233,325.25,0,11.0588,54.0381,31.9983,0.57648
-1,2408.9,120.358,0.0497471,1.85625,208.151,1611.91,44.233,325.25,0,11.0588,54.0381,31.9983,0.403536
-2,2407.72,117.426,0.0501825,1.84484,208.305,1615.02,44.6538,323.259,0,11.0556,54.2021,31.9093,0.403536
9,2407.72,117.426,0.0501825,1.84484,208.305,1615.02,44.6538,323.259,0,11.0556,54.2021,31.9093,0.403536
-1,2407.72,117.426,0.0501825,1.84484,208.305,1615.02,44.6538,323.259,0,11.0556,54.2021,31.9093,0.282475
-2,2406.29,114.254,0.0504883,1.8349,208.477,1617.96,45.0511,321.355,0,11.0528,54.3609,31.8969,0.282475
10,2406.29,114.254,0.0504883,1.8349,208.477,1617.96,45.0511,321.355,0,11.0528,54.3609,31.8969,0.282475
-1,2406.29,114.254,0.0504883,1.8349,208.477,1617.96,45.0511,321.355,0,11.0528,54.3609,31.8969,0.197733
-2,2405.35,111.635,0.0509076,1.82737,208.647,1620.64,45.4088,319.641,0,11.0507,54.5059,31.9471,0.197733
11,2405.35,111.635,0.0509076,1.82737,208.647,1620.64,45.4088,319.641,0,11.0507,54.5059,31.9471,0.197733
0,2340.46,139.674,0.0508956,1.82907,182.129,1619.2,24.5132,281.114,0,11.0512,49.2538,31.6386,0.138413
-1,2340.46,139.674,0.0508956,1.82907,182.129,1619.2,24.5132,281.114,0,11.0512,49.2538,31.6386,7
-2,2339.1,134.69,0.0510072,1.8288,182.37,1623.17,24.5237,280.46,0,11.0512,49.2571,31.6994,7
1,2339.1,134.69,0.0510072,1.8288,182.37,1623.17,24.5237,280.46,0,11.0512,49.2571,31.6994,7
0,2249.74,173.113,0.0510888,1.78985,152.79,1617.04,11.1976,204.362,0,11.0393,46.7204,31.6355,7
-1,2249.74,173.113,0.0510888,1.78985,152.79,1617.04,11.1976,204.362,0,11.0393,46.7204,31.6355,7
-2,2246.2,162.565,0.050904,1.79798,152.914,1623.81,11.1299,204.502,0,11.0417,46.7107,31.6746,7
1,2246.2,162.565,0.050904,1.79798,152.914,1623.81,11.1299,204.502,0,11.0417,46.7107,31.6746,7
0,2159.46,212.421,0.0513884,1.66173,120.865,1614.95,6.97024,115.141,0,10.9984,46.1558,30.2439,7
-1,2159.46,212.421,0.0513884,1.66173,120.865,1614.95,6.97024,115.141,0,10.9984,46.1558,30.2439,7
-2,2151.91,194.905,0.0509994,1.68044,120.928,1624.72,6.9285,115.736,0,11.0041,46.1505,29.8114,7
1,2151.91,194.905,0.0509994,1.68044,120.928,1624.72,6.9285,115.736,0,11.0041,46.1505,29.8114,7
0,2102.37,258.106,0.0515497,1.46153,87.2659,1614.3,6.80451,50.9799,0,10.9323,46.137,26.3301,7
-1,2102.37,258.106,0.0515497,1.46153,87.2659,1614.3,6.80451,50.9799,0,10.9323,46.137,26.3301,7
-2,2088.08,231.248,0.050858,1.48894,87.0402,1627.53,6.76584,51.4376,0,10.9406,46.132,25.4444,7
1,2088.08,231.248,0.050858,1.48894,87.0402,1627.53,6.76584,51.4376,0,10.9406,46.132,25.4444,7
-1,2088.08,231.248,0.050858,1.48894,87.0402,1627.53,6.76584,51.4376,0,10.9406,46.132,25.4444,4.9
-2,2078.47,211.206,0.0512998,1.49832,87.3084,1638.15,6.77802,51.8899,0,10.9436,46.1329,24.52,4.9
2,2078.47,211.206,0.0512998,1.49832,87.3084,1638.15,6.77802,51.8899,0,10.9436,46.1329,24.52,4.9
-1,2078.47,211.206,0.0512998,1.49832,87.3084,1638.15,6.77802,51.8899,0,10.9436,46.1329,24.52,3.43
-2,2071.23,195.609,0.0524779,1.49495,87.7047,1646.55,6.79955,52.3436,0,10.9428,46.1351,23.5889,3.43
3,2071.23,195.609,0.0524779,1.49495,87.7047,1646.55,6.79955,52.3436,0,10.9428,46.1351,23.5889,3.43
-1,2071.23,195.609,0.0524779,1.49495,87.7047,1646.55,6.79955,52.3436,0,10.9428,46.1351,23.5889,2.401
-2,2065.11,182.651,0.054737,1.48629,88.3561,1653.19,6.81381,52.8024,0,10.9404,46.1365,22.6793,2.401
4,2065.11,182.651,0.054737,1.48629,88.3561,1653.19,6.81381,52.8024,0,10.9404,46.1365,22.6793,2.401
-1,2065.11,182.651,0.054737,1.48629,88.3561,1653.19,6.81381,52.8024,0,10.9404,46.1365,22.6793,1.6807
-2,2059.68,171.842,0.0551324,1.47839,88.799,1658.53,6.81648,53.2622,0,10.9383,46.1367,21.8205,1.6807
5,2059.68,171.842,0.0551324,1.47839,88.799,1658.53,6.81648,53.2622,0,10.9383,46.1367,21.8205,1.6807
-1,2059.68,171.842,0.0551324,1.47839,88.799,1658.53,6.81648,53.2622,0,10.9383,46.1367,21.8205,1.17649
-2,2054.77,162.461,0.0551535,1.4738,89.268,1662.9,6.7979,53.7148,0,10.9371,46.1344,21.0271,1.17649
6,2054.77,162.461,0.0551535,1.4738,89.268,1662.9,6.7979,53.7148,0,10.9371,46.1344,21.0271,1.17649
-1,2054.77,162.461,0.0551535,1.4738,89.268,1662.9,6.7979,53.7148,0,10.9371,46.1344,21.0271,0.823543
-2,2050.54,154.167,0.0556001,1.47294,89.9776,1666.57,6.76712,54.1521,0,10.937,46.1308,20.3102,0.823543
7,2050.54,154.167,0.0556001,1.47294,89.9776,1666.57,6.76712,54.1521,0,10.937,46.1308,20.3102,0.823543
-1,2050.54,154.167,0.0556001,1.47294,89.9776,1666.57,6.76712,54.1521,0,10.937,46.1308,20.3102,0.57648
-2,2046.51,146.759,0.0550558,1.47487,90.434,1669.75,6.73233,54.5615,0,10.9378,46.1267,19.6815,0.57648
8,2046.51,146.759,0.0550558,1.47487,90.434,1669.75,6.73233,54.5615,0,10.9378,46.1267,19.6815,0.57648
-1,2046.51,146.759,0.0550558,1.47487,90.434,1669.75,6.73233,54.5615,0,10.9378,46.1267,19.6815,0.403536
-2,2043.16,140.17,0.0563576,1.47963,91.0833,1672.53,6.69535,54.9518,0,10.9394,46.1223,19.1275,0.403536
9,2043.16,140.17,0.0563576,1.47963,91.0833,1672.53,6.69535,54.9518,0,10.9394,46.1223,19.1275,0.403536
-1,2043.16,140.17,0.0563576,1.47963,91.0833,1672.53,6.69535,54.9518,0,10.9394,46.1223,19.1275,0.282475
-2,2040.32,134.591,0.0562171,1.4854,91.502,1674.98,6.67882,55.3171,0,10.9413,46.1204,18.6465,0.282475
10,2040.32,134.591,0.0562171,1.4854,91.502,1674.98,6.67882,55.3171,0,10.9413,46.1204,18.6465,0.282475
-1,2040.32,134.591,0.0562171,1.4854,91.502,1674.98,6.67882,55.3171,0,10.9413,46.1204,18.6465,0.197733
-2,2038.25,129.7,0.0575014,1.49238,92.2211,1677.18,6.66034,55.6515,0,10.9436,46.1182,18.2301,0.197733
11,2038.25,129.7,0.0575014,1.49238,92.2211,1677.18,6.66034,55.6515,0,10.9436,46.1182,18.2301,0.197733
-1,2038.25,129.7,0.0575014,1.49238,92.2211,1677.18,6.66034,55.6515,0,10.9436,46.1182,18.2301,0.138413
-2,2036.08,125.059,0.0588301,1.49918,92.725,1679.2,6.64784,55.9353,0,10.9458,46.1168,17.8878,0.138413
12,2036.08,125.059,0.0588301,1.49918,92.725,1679.2,6.64784,55.9353,0,10.9458,46.1168,17.8878,0.138413
-1,2036.08,125.059,0.0588301,1.49918,92.725,1679.2,6.64784,55.9353,0,10.9458,46.1168,17.8878,0.096889
-2,2034.48,121.025,0.0598081,1.50615,93.3509,1681.03,6.65195,56.2049,0,10.9481,46.1173,17.5871,0.096889
13,2034.48,121.025,0.0598081,1.50615,93.3509,1681.03,6.65195,56.2049,0,10.9481,46.1173,17.5871,0.096889
-1,2034.48,121.025,0.0598081,1.50615,93.3509,1681.03,6.65195,56.2049,0,10.9481,46.1173,17.5871,0.0678223
-2,2033.06,117.666,0.0594352,1.51343,93.6287,1682.7,6.64865,56.4365,0,10.9504,46.117,17.342,0.0678223
14,2033.06,117.666,0.0594352,1.51343,93.6287,1682.7,6.64865,56.4365,0,10.9504,46.117,17.342,0.0678223
-1,2033.06,117.666,0.0594352,1.51343,93.6287,1682.7,6.64865,56.4365,0,10.9504,46.117,17.342,0.0474756
-2,2031.75,114.591,0.0590459,1.52057,93.8869,1684.21,6.63839,56.6431,0,10.9527,46.1158,17.1291,0.0474756
15,2031.75,114.591,0.0590459,1.52057,93.8869,1684.21,6.63839,56.6431,0,10.9527,46.1158,17.1291,0.0474756
-1,2031.75,114.591,0.0590459,1.52057,93.8869,1684.21,6.63839,56.6431,0,10.9527,46.1158,17.1291,0.0332329
-2,2030.51,111.752,0.0587295,1.5279,94.1144,1685.59,6.62525,56.832,0,10.955,46.1143,16.9427,0.0332329
16,2030.51,111.752,0.0587295,1.5279,94.1144,1685.59,6.62525,56.832,0,10.955,46.1143,16.9427,0.0332329
-1,2030.51,111.752,0.0587295,1.5279,94.1144,1685.59,6.62525,56.832,0,10.955,46.1143,16.9427,0.0232631
-2,2029.55,109.325,0.0584394,1.53535,94.3486,1686.81,6.6127,57.0133,0,10.9573,46.1128,16.7766,0.0232631
17,2029.55,109.325,0.0584394,1.53535,94.3486,1686.81,6.6127,57.0133,0,10.9573,46.1128,16.7766,0.0232631
0,1994.7,137.371,0.0564657,1.3192,63.1059,1688.53,6.49739,25.1395,0,10.8854,46.0998,15.6992,0.0162841
-1,1994.7,137.371,0.0564657,1.3192,63.1059,1688.53,6.49739,25.1395,0,10.8854,46.0998,15.6992,7
-2,1993.12,132.432,0.0562968,1.32735,63.3084,1691.91,6.47466,25.2729,0,10.8879,46.0969,15.3578,7
1,1993.12,132.432,0.0562968,1.32735,63.3084,1691.91,6.47466,25.2729,0,10.8879,46.0969,15.3578,7
0,1986.82,171.012,0.0517166,1.11656,38.5881,1690.05,5.70676,10.1061,0,10.8183,46.008,13.3676,7
-1,1986.82,171.012,0.0517166,1.11656,38.5881,1690.05,5.70676,10.1061,0,10.8183,46.008,13.3676,7
-2,1982.72,160.616,0.0515883,1.12864,38.6688,1696.68,5.67981,10.1937,0,10.822,46.0045,12.8753,7
1,1982.72,160.616,0.0515883,1.12864,38.6688,1696.68,5.67981,10.1937,0,10.822,46.0045,12.8753,7
0,1922.37,210.841,0.0444578,0.947259,22.1125,1612.51,4.54446,3.95572,0,10.7632,45.871,10.7737,7
-1,1922.37,210.841,0.0444578,0.947259,22.1125,1612.51,4.54446,3.95572,0,10.7632,45.871,10.7737,7
-2,1913.78,192.66,0.0442796,0.962343,21.8281,1622.81,4.53289,4.00254,0,10.7678,45.8693,10.3008,7
1,1913.78,192.66,0.0442796,0.962343,21.8281,1622.81,4.53289,4.00254,0,10.7678,45.8693,10.3008,7
0,1546.88,257.246,0.0364013,0.8144,12.6488,1206.07,3.40129,1.59194,0,10.7207,45.7363,8.6166,7
-1,1546.88,257.246,0.0364013,0.8144,12.6488,1206.07,3.40129,1.59194,0,10.7207,45.7363,8.6166,7
-2,1528.43,226.251,0.03657,0.833486,11.83,1219.75,3.41475,1.61781,0,10.7265,45.7377,8.23462,7
1,1528.43,226.251,0.03657,0.833486,11.83,1219.75,3.41475,1.61781,0,10.7265,45.7377,8.23462,7
-1,1528.43,226.251,0.03657,0.833486,11.83,1219.75,3.41475,1.61781,0,10.7265,45.7377,8.23462,4.9
-2,1515.38,202.846,0.0382,0.837077,11.6939,1230.57,3.43052,1.6405,0,10.7276,45.7392,7.85919,4.9
2,1515.38,202.846,0.0382,0.837077,11.6939,1230.57,3.43052,1.6405,0,10.7276,45.7392,7.85919,4.9
-1,1515.38,202.846,0.0382,0.837077,11.6939,1230.57,3.43052,1.6405,0,10.7276,45.7392,7.85919,3.43
-2,1504.72,183.309,0.0395399,0.832169,11.6925,1239.78,3.43503,1.66175,0,10.7262,45.7393,7.50048,3.43
3,1504.72,183.309,0.0395399,0.832169,11.6925,1239.78,3.43503,1.66175,0,10.7262,45.7393,7.50048,3.43
-1,1504.72,183.309,0.0395399,0.832169,11.6925,1239.78,3.43503,1.66175,0,10.7262,45.7393,7.50048,2.401
-2,1496.43,167.597,0.0407534,0.824723,11.7635,1247.47,3.4196,1.68251,0,10.724,45.7373,7.16513,2.401
4,1496.43,167.597,0.0407534,0.824723,11.7635,1247.47,3.4196,1.68251,0,10.724,45.7373,7.16513,2.401
-1,1496.43,167.597,0.0407534,0.824723,11.7635,1247.47,3.4196,1.68251,0,10.724,45.7373,7.16513,1.6807
-2,1489.42,154.694,0.0414227,0.818604,11.8504,1253.61,3.38635,1.7024,0,10.7222,45.7332,6.86025,1.6807
5,1489.42,154.694,0.0414227,0.818604,11.8504,1253.61,3.38635,1.7024,0,10.7222,45.7332,6.86025,1.6807
-1,1489.42,154.694,0.0414227,0.818604,11.8504,1253.61,3.38635,1.7024,0,10.7222,45.7332,6.86025,1.17649
-2,1483.3,143.816,0.0414705,0.815425,11.9361,1258.59,3.34022,1.72172,0,10.7212,45.7278,6.58693,1.17649
6,1483.3,143.816,0.0414705,0.815425,11.9361,1258.59,3.34022,1.72172,0,10.7212,45.7278,6.58693,1.17649
-1,1483.3,143.816,0.0414705,0.815425,11.9361,1258.59,3.34022,1.72172,0,10.7212,45.7278,6.58693,0.823543
-2,1478.1,134.805,0.0412205,0.814851,12.0365,1262.59,3.28653,1.74082,0,10.7211,45.7215,6.34337,0.823543
7,1478.1,134.805,0.0412205,0.814851,12.0365,1262.59,3.28653,1.74082,0,10.7211,45.7215,6.34337,0.823543
-1,1478.1,134.805,0.0412205,0.814851,12.0365,1262.59,3.28653,1.74082,0,10.7211,45.7215,6.34337,0.57648
-2,1473.58,126.871,0.0423159,0.816274,12.3875,1265.91,3.23351,1.75884,0,10.7215,45.7153,6.13003,0.57648
8,1473.58,126.871,0.0423159,0.816274,12.3875,1265.91,3.23351,1.75884,0,10.7215,45.7153,6.13003,0.57648
-1,1473.58,126.871,0.0423159,0.816274,12.3875,1265.91,3.23351,1.75884,0,10.7215,45.7153,6.13003,0.403536
-2,1469.53,120.168,0.0422271,0.818821,12.4938,1268.67,3.18213,1.77593,0,10.7223,45.7093,5.94604,0.403536
9,1469.53,120.168,0.0422271,0.818821,12.4938,1268.67,3.18213,1.77593,0,10.7223,45.7093,5.94604,0.403536
-1,1469.53,120.168,0.0422271,0.818821,12.4938,1268.67,3.18213,1.77593,0,10.7223,45.7093,5.94604,0.282475
-2,1465.86,114.209,0.0417504,0.821992,12.5567,1271.09,3.13324,1.79231,0,10.7233,45.7036,5.7845,0.282475
10,1465.86,114.209,0.0417504,0.821992,12.5567,1271.09,3.13324,1.79231,0,10.7233,45.7036,5.7845,0.282475
-1,1465.86,114.209,0.0417504,0.821992,12.5567,1271.09,3.13324,1.79231,0,10.7233,45.7036,5.7845,0.197733
-2,1462.89,109.286,0.0411791,0.82577,12.6263,1273.15,3.08573,1.80874,0,10.7245,45.698,5.64182,0.197733
11,1462.89,109.286,0.0411791,0.82577,12.6263,1273.15,3.08573,1.80874,0,10.7245,45.698,5.64182,0.197733
-1,1462.89,109.286,0.0411791,0.82577,12.6263,1273.15,3.08573,1.80874,0,10.7245,45.698,5.64182,0.138413
-2,1460.45,105.273,0.0405969,0.830048,12.6897,1274.81,3.04295,1.82423,0,10.7258,45.693,5.51671,0.138413
12,1460.45,105.273,0.0405969,0.830048,12.6897,1274.81,3.04295,1.82423,0,10.7258,45.693,5.51671,0.138413
-1,1460.45,105.273,0.0405969,0.830048,12.6897,1274.81,3.04295,1.82423,0,10.7258,45.693,5.51671,0.096889
-2,1458.55,102.107,0.0400071,0.834638,12.7458,1276.16,3.00455,1.83842,0,10.7272,45.6885,5.40751,0.096889
13,1458.55,102.107,0.0400071,0.834638,12.7458,1276.16,3.00455,1.83842,0,10.7272,45.6885,5.40751,0.096889
-1,1458.55,102.107,0.0400071,0.834638,12.7458,1276.16,3.00455,1.83842,0,10.7272,45.6885,5.40751,0.0678223
-2,1456.24,99.0025,0.0402133,0.839442,12.8684,1276.94,2.96938,1.85154,0,10.7287,45.6844,5.31138,0.0678223
14,1456.24,99.0025,0.0402133,0.839442,12.8684,1276.94,2.96938,1.85154,0,10.7287,45.6844,5.31138,0.0678223
-1,1456.24,99.0025,0.0402133,0.839442,12.8684,1276.94,2.96938,1.85154,0,10.7287,45.6844,5.31138,0.0474756
-2,1454.2,95.9818,0.03967,0.845843,12.9186,1277.98,2.93885,1.86405,0,10.7306,45.6809,5.22595,0.0474756
15,1454.2,95.9818,0.03967,0.845843,12.9186,1277.98,2.93885,1.86405,0,10.7306,45.6809,5.22595,0.0474756
-1,1454.2,95.9818,0.03967,0.845843,12.9186,1277.98,2.93885,1.86405,0,10.7306,45.6809,5.22595,0.0332329
-2,1452.59,93.0412,0.0407542,0.852871,13.19,1279.11,2.91111,1.87602,0,10.7328,45.6776,5.14946,0.0332329
16,1452.59,93.0412,0.0407542,0.852871,13.19,1279.11,2.91111,1.87602,0,10.7328,45.6776,5.14946,0.0332329
-1,1452.59,93.0412,0.0407542,0.852871,13.19,1279.11,2.91111,1.87602,0,10.7328,45.6776,5.14946,0.0232631
-2,1451.1,90.3153,0.0413815,0.859887,13.3434,1280.27,2.88665,1.88659,0,10.7349,45.6748,5.08323,0.0232631
17,1451.1,90.3153,0.0413815,0.859887,13.3434,1280.27,2.88665,1.88659,0,10.7349,45.6748,5.08323,0.0232631
-1,1451.1,90.3153,0.0413815,0.859887,13.3434,1280.27,2.88665,1.88659,0,10.7349,45.6748,5.08323,0.0162841
-2,1449.75,87.7056,0.0424124,0.866763,13.5383,1281.41,2.86409,1.89645,0,10.737,45.6721,5.02315,0.0162841
18,1449.75,87.7056,0.0424124,0.866763,13.5383,1281.41,2.86409,1.89645,0,10.737,45.6721,5.02315,0.0162841
-1,1449.75,87.7056,0.0424124,0.866763,13.5383,1281.41,2.86409,1.89645,0,10.737,45.6721,5.02315,0.0113989
-2,1448.64,85.5225,0.042161,0.873366,13.5911,1282.48,2.84102,1.90599,0,10.739,45.6694,4.96846,0.0113989
19,1448.64,85.5225,0.042161,0.873366,13.5911,1282.48,2.84102,1.90599,0,10.739,45.6694,4.96846,0.0113989
-1,1448.64,85.5225,0.042161,0.873366,13.5911,1282.48,2.84102,1.90599,0,10.739,45.6694,4.96846,0.00797923
-2,1447.67,83.5472,0.0418992,0.88002,13.6389,1283.5,2.82058,1.91471,0,10.741,45.667,4.91831,0.00797923
20,1447.67,83.5472,0.0418992,0.88002,13.6389,1283.5,2.82058,1.91471,0,10.741,45.667,4.91831,0.00797923
0,998.349,106.422,0.0348248,0.779895,8.26062,818.442,2.22897,1.00293,0,10.7095,45.5989,4.87027,0.00558546
-1,998.349,106.422,0.0348248,0.779895,8.26062,818.442,2.22897,1.00293,0,10.7095,45.5989,4.87027,7
-2,995.224,99.2864,0.0350352,0.786053,8.22457,822.517,2.22465,1.00971,0,10.7113,45.5984,4.83066,7
1,995.224,99.2864,0.0350352,0.786053,8.22457,822.517,2.22465,1.00971,0,10.7113,45.5984,4.83066,7
0,646.526,133.799,0.0288883,0.700015,5.0303,443.784,1.69436,0.520756,0,10.6846,45.5375,4.74627,7
-1,646.526,133.799,0.0288883,0.700015,5.0303,443.784,1.69436,0.520756,0,10.6846,45.5375,4.74627,7
-2,636.594,118.506,0.0296445,0.70935,4.89056,449.325,1.70003,0.527354,0,10.6874,45.5381,4.68172,7
1,636.594,118.506,0.0296445,0.70935,4.89056,449.325,1.70003,0.527354,0,10.6874,45.5381,4.68172,7
0,446.061,166.051,0.0242967,0.637324,3.38639,213.692,1.25394,0.272576,0,10.6652,45.4871,4.59063,7
-1,446.061,166.051,0.0242967,0.637324,3.38639,213.692,1.25394,0.272576,0,10.6652,45.4871,4.59063,7
-2,425.048,140.77,0.025835,0.649077,3.02506,218.355,1.27358,0.277782,0,10.6687,45.4893,4.51247,7
1,425.048,140.77,0.025835,0.649077,3.02506,218.355,1.27358,0.277782,0,10.6687,45.4893,4.51247,7
-1,425.048,140.77,0.025835,0.649077,3.02506,218.355,1.27358,0.277782,0,10.6687,45.4893,4.51247,4.9
-2,408.664,121.229,0.0275867,0.64812,2.93865,221.655,1.29704,0.281309,0,10.6684,45.492,4.42724,4.9
2,408.664,121.229,0.0275867,0.64812,2.93865,221.655,1.29704,0.281309,0,10.6684,45.492,4.42724,4.9
-1,408.664,121.229,0.0275867,0.64812,2.93865,221.655,1.29704,0.281309,0,10.6684,45.492,4.42724,3.43
-2,395.796,105.766,0.0294878,0.64369,2.93614,224.33,1.31333,0.284011,0,10.6671,45.4938,4.33132,3.43
3,395.796,105.766,0.0294878,0.64369,2.93614,224.33,1.31333,0.284011,0,10.6671,45.4938,4.33132,3.43
-1,395.796,105.766,0.0294878,0.64369,2.93614,224.33,1.31333,0.284011,0,10.6671,45.4938,4.33132,2.401
-2,384.357,92.6331,0.0303175,0.640106,2.91607,226.149,1.31743,0.285883,0,10.666,45.4942,4.22493,2.401
4,384.357,92.6331,0.0303175,0.640106,2.91607,226.149,1.31743,0.285883,0,10.666,45.4942,4.22493,2.401
0,311.419,132.798,0.0260343,0.594446,1.97718,114.506,0.97789,0.156658,0,10.652,45.4556,4.27582,2.401
-1,311.419,132.798,0.0260343,0.594446,1.97718,114.506,0.97789,0.156658,0,10.652,45.4556,4.27582,7
-2,295.048,115.775,0.0272806,0.593977,1.93054,115.249,1.00272,0.15847,0,10.6518,45.4584,4.20133,7
1,295.048,115.775,0.0272806,0.593977,1.93054,115.249,1.00272,0.15847,0,10.6518,45.4584,4.20133,7
-1,295.048,115.775,0.0272806,0.593977,1.93054,115.249,1.00272,0.15847,0,10.6518,45.4584,4.20133,4.9
-2,280.687,100.981,0.0288452,0.595449,1.95529,115.72,1.02186,0.159961,0,10.6523,45.4606,4.11235,4.9
2,280.687,100.981,0.0288452,0.595449,1.95529,115.72,1.02186,0.159961,0,10.6523,45.4606,4.11235,4.9
0,291.431,144.493,0.0250271,0.555452,1.5211,83.8046,0.748578,0.0893192,0,10.6401,45.4295,4.12471,4.9
-1,291.431,144.493,0.0250271,0.555452,1.5211,83.8046,0.748578,0.0893192,0,10.6401,45.4295,4.12471,7
-2,268.775,122.97,0.0261497,0.559728,1.44203,82.7817,0.783557,0.0907288,0,10.6414,45.4335,4.04579,7
1,268.775,122.97,0.0261497,0.559728,1.44203,82.7817,0.783557,0.0907288,0,10.6414,45.4335,4.04579,7
-1,268.775,122.97,0.0261497,0.559728,1.44203,82.7817,0.783557,0.0907288,0,10.6414,45.4335,4.04579,4.9
-2,248.316,104.019,0.0273598,0.56828,1.43262,81.3349,0.812198,0.0919858,0,10.6439,45.4367,3.94894,4.9
2,248.316,104.019,0.0273598,0.56828,1.43262,81.3349,0.812198,0.0919858,0,10.6439,45.4367,3.94894,4.9
0,302.417,152.743,0.0248483,0.529477,1.35375,87.0894,0.591609,0.0526936,0,10.6322,45.4118,3.98802,4.9
-1,302.417,152.743,0.0248483,0.529477,1.35375,87.0894,0.591609,0.0526936,0,10.6322,45.4118,3.98802,7
-2,274.064,127.204,0.0260036,0.540042,1.26872,84.3778,0.63578,0.0539331,0,10.6353,45.4167,3.90549,7
1,274.064,127.204,0.0260036,0.540042,1.26872,84.3778,0.63578,0.0539331,0,10.6353,45.4167,3.90549,7
0,347.547,187.268,0.024316,0.505692,1.57559,97.7316,0.455505,0.031183,0,10.625,45.3964,3.93368,7
-1,347.547,187.268,0.024316,0.505692,1.57559,97.7316,0.455505,0.031183,0,10.625,45.3964,3.93368,7
-2,308.891,152.685,0.0250289,0.519939,1.27625,93.956,0.514369,0.032373,0,10.6292,45.403,3.84949,7
1,308.891,152.685,0.0250289,0.519939,1.27625,93.956,0.514369,0.032373,0,10.6292,45.403,3.84949,7
0,394.018,226.885,0.0243296,0.486792,2.09165,104.249,0.361119,0.0188266,0,10.6192,45.3857,3.89666,7
-1,394.018,226.885,0.0243296,0.486792,2.09165,104.249,0.361119,0.0188266,0,10.6192,45.3857,3.89666,7
-2,344.513,182.332,0.0247169,0.504738,1.41135,99.9589,0.432666,0.0200035,0,10.6246,45.3938,3.8104,7
1,344.513,182.332,0.0247169,0.504738,1.41135,99.9589,0.432666,0.0200035,0,10.6246,45.3938,3.8104,7
-1,344.513,182.332,0.0247169,0.504738,1.41135,99.9589,0.432666,0.0200035,0,10.6246,45.3938,3.8104,4.9
-2,303.679,146.536,0.0252348,0.529779,1.14383,95.1771,0.508584,0.0219547,0,10.6322,45.4024,3.70129,4.9
2,303.679,146.536,0.0252348,0.529779,1.14383,95.1771,0.508584,0.0219547,0,10.6322,45.4024,3.70129,4.9
0,389.992,221.128,0.0246034,0.489015,1.76876,106.415,0.35442,0.0127674,0,10.6199,45.385,3.79345,4.9
-1,389.992,221.128,0.0246034,0.489015,1.76876,106.415,0.35442,0.0127674,0,10.6199,45.385,3.79345,7
-2,343.235,179.202,0.0244569,0.515717,1.24871,102.065,0.438947,0.0149312,0,10.6279,45.3945,3.70235,7
1,343.235,179.202,0.0244569,0.515717,1.24871,102.065,0.438947,0.0149312,0,10.6279,45.3945,3.70235,7
0,441.094,265.235,0.0248445,0.476332,2.34886,112.929,0.302787,0.00837794,0,10.6161,45.3792,3.77377,7
-1,441.094,265.235,0.0248445,0.476332,2.34886,112.929,0.302787,0.00837794,0,10.6161,45.3792,3.77377,7
-2,381.667,211.559,0.0240692,0.511105,1.42701,108.039,0.400235,0.0109399,0,10.6265,45.3901,3.67896,7
1,381.667,211.559,0.0240692,0.511105,1.42701,108.039,0.400235,0.0109399,0,10.6265,45.3901,3.67896,7
