Iteration,Total_Cost,Position_Cost,Heading_Cost,Gamma_State_Cost,Lateral_Ref_Cost,Velocity_Cost,Gamma_Ctrl_Cost,Obstacle_Cost,Lane_Cost,Gamma_Barrier_Cost,Gamma_Dot_Barrier_Cost,Speed_Rate_Cost,Lambda_Value
0,1277.86,12.4134,0.112832,2.88666,209.469,0,7.65366,959.063,0,11.3652,74.8907,0,7
-1,1277.86,12.4134,0.112832,2.88666,209.469,0,7.65366,959.063,0,11.3652,74.8907,0,7
-2,1031.03,11.8511,0.0954436,3.08004,200.237,0.0944001,6.46575,723.089,0,11.43,74.6758,0.0144679,7
1,1031.03,11.8511,0.0954436,3.08004,200.237,0.0944001,6.46575,723.089,0,11.43,74.6758,0.0144679,7
-1,1031.03,11.8511,0.0954436,3.08004,200.237,0.0944001,6.46575,723.09,0,11.43,74.6758,0.0144679,4.9
-2,899.145,9.17003,0.0884086,3.36667,213.315,0.447878,8.26046,577.886,0,11.5254,75.0137,0.0719422,4.9
2,899.145,9.17003,0.0884086,3.36667,213.315,0.447878,8.26046,577.886,0,11.5254,75.0137,0.0719422,4.9
-1,899.145,9.17003,0.0884086,3.36667,213.315,0.447878,8.26046,577.886,0,11.5254,75.0137,0.0719422,3.43
-2,820.627,11.1803,0.0907136,3.60445,220.758,1.14486,10.3338,486.31,0,11.6047,75.4037,0.196161,3.43
3,820.627,11.1803,0.0907136,3.60445,220.758,1.14486,10.3338,486.31,0,11.6047,75.4037,0.196161,3.43
-1,820.627,11.1803,0.0907136,3.60445,220.758,1.14486,10.3338,486.31,0,11.6047,75.4037,0.196161,2.401
-2,758.092,11.0426,0.0907161,3.79167,217.359,2.24621,11.6137,424.229,0,11.6672,75.645,0.406822,2.401
4,758.092,11.0426,0.0907161,3.79167,217.359,2.24621,11.6137,424.229,0,11.6672,75.645,0.406822,2.401
-1,758.092,11.0426,0.0907161,3.79167,217.359,2.24621,11.6137,424.229,0,11.6672,75.645,0.406822,1.6807
-2,705.452,9.99714,0.0857983,3.90823,207.185,3.77925,12.0978,380.238,0,11.7063,75.7365,0.718486,1.6807
5,705.452,9.99714,0.0857983,3.90823,207.185,3.77925,12.0978,380.238,0,11.7063,75.7365,0.718486,1.6807
-1,705.452,9.99714,0.0857983,3.90823,207.185,3.77925,12.0978,380.238,0,11.7063,75.7365,0.718486,1.17649
-2,663.705,11.2765,0.085232,3.97824,194.596,5.71507,12.0881,347.368,0,11.7298,75.7348,1.13349,1.17649
6,663.705,11.2765,0.085232,3.97824,194.596,5.71507,12.0881,347.368,0,11.7298,75.7348,1.13349,1.17649
-1,663.705,11.2765,0.085232,3.97824,194.596,5.71507,12.0881,347.368,0,11.7298,75.7348,1.13349,0.823543
-2,624.096,9.19347,0.0786761,4.03295,180.666,7.98813,11.8176,321.244,0,11.7477,75.684,1.64268,0.823543
7,624.096,9.19347,0.0786761,4.03295,180.666,7.98813,11.8176,321.244,0,11.7477,75.684,1.64268,0.823543
-1,624.096,9.19347,0.0786761,4.03295,180.666,7.98813,11.8176,321.244,0,11.7477,75.684,1.64268,0.57648
-2,594.529,9.81584,0.0779561,4.06595,168.509,10.5273,11.5273,300.385,0,11.7585,75.6293,2.23337,0.57648
8,594.529,9.81584,0.0779561,4.06595,168.509,10.5273,11.5273,300.385,0,11.7585,75.6293,2.23337,0.57648
-1,594.529,9.81584,0.0779561,4.06595,168.509,10.5273,11.5273,300.385,0,11.7585,75.6293,2.23337,0.403536
-2,569.77,10.1854,0.0773984,4.08876,157.922,13.2506,11.191,282.831,0,11.7654,75.566,2.89272,0.403536
9,569.77,10.1854,0.0773984,4.08876,157.922,13.2506,11.191,282.831,0,11.7654,75.566,2.89272,0.403536
-1,569.77,10.1854,0.0773984,4.08876,157.922,13.2506,11.191,282.831,0,11.7654,75.566,2.89272,0.282475
-2,547.57,9.04983,0.0731566,4.11226,148.603,16.0993,10.8801,267.874,0,11.7723,75.5075,3.59857,0.282475
10,547.57,9.04983,0.0731566,4.11226,148.603,16.0993,10.8801,267.874,0,11.7723,75.5075,3.59857,0.282475
-1,547.57,9.04983,0.0731566,4.11226,148.603,16.0993,10.8801,267.874,0,11.7723,75.5075,3.59857,0.197733
-2,530.427,8.84115,0.0730346,4.11698,141.093,19.0396,10.618,255.074,0,11.7729,75.4582,4.34112,0.197733
11,530.427,8.84115,0.0730346,4.11698,141.093,19.0396,10.618,255.074,0,11.7729,75.4582,4.34112,0.197733
-1,530.427,8.84115,0.0730346,4.11698,141.093,19.0396,10.618,255.074,0,11.7729,75.4582,4.34112,0.138413
-2,514.703,8.19628,0.0689239,4.12048,133.636,21.9843,10.3834,244.026,0,11.7729,75.4142,5.10047,0.138413
12,514.703,8.19628,0.0689239,4.12048,133.636,21.9843,10.3834,244.026,0,11.7729,75.4142,5.10047,0.138413
-1,514.703,8.19628,0.0689239,4.12048,133.636,21.9843,10.3834,244.026,0,11.7729,75.4142,5.10047,0.096889
-2,503.941,9.02048,0.0705703,4.11318,128.221,24.9127,10.1728,234.422,0,11.7694,75.3745,5.86383,0.096889
13,503.941,9.02048,0.0705703,4.11318,128.221,24.9127,10.1728,234.422,0,11.7694,75.3745,5.86383,0.096889
-1,503.941,9.02048,0.0705703,4.11318,128.221,24.9127,10.1728,234.422,0,11.7694,75.3745,5.86383,0.0678223
-2,492.154,7.7602,0.0679609,4.10057,122.838,27.7739,9.9817,225.921,0,11.7641,75.3385,6.60875,0.0678223
14,492.154,7.7602,0.0679609,4.10057,122.838,27.7739,9.9817,225.921,0,11.7641,75.3385,6.60875,0.0678223
-1,492.154,7.7602,0.0679609,4.10057,122.838,27.7739,9.9817,225.921,0,11.7641,75.3385,6.60875,0.0474756
-2,484.78,8.41684,0.0697528,4.08387,118.86,30.5466,9.83281,218.564,0,11.7577,75.3103,7.33804,0.0474756
15,484.78,8.41684,0.0697528,4.08387,118.86,30.5466,9.83281,218.564,0,11.7577,75.3103,7.33804,0.0474756
-1,484.78,8.41684,0.0697528,4.08387,118.86,30.5466,9.83281,218.564,0,11.7577,75.3103,7.33804,0.0332329
-2,476.632,7.72499,0.0684059,4.06079,114.796,33.2286,9.70303,211.967,0,11.7491,75.2857,8.04819,0.0332329
16,476.632,7.72499,0.0684059,4.06079,114.796,33.2286,9.70303,211.967,0,11.7491,75.2857,8.04819,0.0332329
-1,476.632,7.72499,0.0684059,4.06079,114.796,33.2286,9.70303,211.967,0,11.7491,75.2857,8.04819,0.0232631
-2,471.556,8.23073,0.0707756,4.03472,111.909,35.7919,9.60964,206.175,0,11.7398,75.2679,8.72674,0.0232631
17,471.556,8.23073,0.0707756,4.03472,111.909,35.7919,9.60964,206.175,0,11.7398,75.2679,8.72674,0.0232631
-1,471.556,8.23073,0.0707756,4.03472,111.909,35.7919,9.60964,206.175,0,11.7398,75.2679,8.72674,0.0162841
-2,466.254,8.30584,0.0694039,4.00468,108.774,38.242,9.54009,200.96,0,11.7293,75.2545,9.37471,0.0162841
18,466.254,8.30584,0.0694039,4.00468,108.774,38.242,9.54009,200.96,0,11.7293,75.2545,9.37471,0.0162841
-1,466.254,8.30584,0.0694039,4.00468,108.774,38.242,9.54009,200.96,0,11.7293,75.2545,9.37471,0.0113989
-2,461.887,7.99304,0.0721664,3.96932,106.553,40.6082,9.49557,196.251,0,11.7171,75.2458,9.98244,0.0113989
19,461.887,7.99304,0.0721664,3.96932,106.553,40.6082,9.49557,196.251,0,11.7171,75.2458,9.98244,0.0113989
-1,461.887,7.99304,0.0721664,3.96932,106.553,40.6082,9.49557,196.251,0,11.7171,75.2458,9.98244,0.00797923
-2,458.503,8.49024,0.0698429,3.9341,104.126,42.8102,9.48473,192.087,0,11.7053,75.2433,10.5527,0.00797923
20,458.503,8.49024,0.0698429,3.9341,104.126,42.8102,9.48473,192.087,0,11.7053,75.2433,10.5527,0.00797923
-1,458.503,8.49024,0.0698429,3.9341,104.126,42.8102,9.48473,192.087,0,11.7053,75.2433,10.5527,0.00558546
-2,455.482,8.3822,0.0730268,3.89124,102.446,44.9517,9.48648,188.232,0,11.691,75.2433,11.0852,0.00558546
21,455.482,8.3822,0.0730268,3.89124,102.446,44.9517,9.48648,188.232,0,11.691,75.2433,11.0852,0.00558546
-1,455.482,8.3822,0.0730268,3.89124,102.446,44.9517,9.48648,188.232,0,11.691,75.2433,11.0852,0.00390982
-2,452.131,8.1048,0.070021,3.85203,100.345,46.9419,9.52632,184.799,0,11.6782,75.2503,11.5632,0.00390982
22,452.131,8.1048,0.070021,3.85203,100.345,46.9419,9.52632,184.799,0,11.6782,75.2503,11.5632,0.00390982
-1,452.131,8.1048,0.070021,3.85203,100.345,46.9419,9.52632,184.799,0,11.6782,75.2503,11.5632,0.00273687
-2,450.652,8.44103,0.0741832,3.80752,99.3118,48.7941,9.57553,181.711,0,11.6637,75.2591,12.014,0.00273687
23,450.652,8.44103,0.0741832,3.80752,99.3118,48.7941,9.57553,181.711,0,11.6637,75.2591,12.014,0.00273687
-1,450.652,8.44103,0.0741832,3.80752,99.3118,48.7941,9.57553,181.711,0,11.6637,75.2591,12.014,0.00191581
-2,447.425,7.87371,0.0705844,3.76739,97.2635,50.6325,9.66088,178.81,0,11.6509,75.2746,12.4213,0.00191581
24,447.425,7.87371,0.0705844,3.76739,97.2635,50.6325,9.66088,178.81,0,11.6509,75.2746,12.4213,0.00191581
-1,447.425,7.87371,0.0705844,3.76739,97.2635,50.6325,9.66088,178.81,0,11.6509,75.2746,12.4213,0.00134107
-2,446.953,8.44833,0.0752319,3.72738,96.7136,52.3194,9.73278,176.213,0,11.6381,75.2877,12.7976,0.00134107
25,446.953,8.44833,0.0752319,3.72738,96.7136,52.3194,9.73278,176.213,0,11.6381,75.2877,12.7976,0.00134107
0,446.548,8.44568,0.0831475,3.76308,97.6773,52.1468,8.69611,176.211,0,11.649,75.09,12.7855,0.001
-1,446.548,8.44568,0.0831475,3.76308,97.6773,52.1468,8.69611,176.211,0,11.649,75.09,12.7855,7
-2,444.86,8.1993,0.0806072,3.6532,96.3153,52.9953,8.9772,175.009,0,11.6143,75.1419,12.8736,7
1,444.86,8.1993,0.0806072,3.6532,96.3153,52.9953,8.9772,175.009,0,11.6143,75.1419,12.8736,7
-1,444.86,8.1993,0.0806072,3.6532,96.3153,52.9953,8.9772,175.009,0,11.6143,75.1419,12.8736,4.9
-2,443.754,7.77607,0.0741002,3.5832,95.8137,53.9145,9.21535,173.625,0,11.5924,75.186,12.9739,4.9
2,443.754,7.77607,0.0741002,3.5832,95.8137,53.9145,9.21535,173.625,0,11.5924,75.186,12.9739,4.9
-1,443.754,7.77607,0.0741002,3.5832,95.8137,53.9145,9.21535,173.625,0,11.5924,75.186,12.9739,3.43
-2,443.045,7.771,0.078754,3.53455,95.2564,54.8911,9.47033,172.144,0,11.5776,75.2332,13.0879,3.43
3,443.045,7.771,0.078754,3.53455,95.2564,54.8911,9.47033,172.144,0,11.5776,75.2332,13.0879,3.43
0,443.41,7.74947,0.0887193,3.54766,96.5469,54.7904,8.77997,172.142,0,11.5816,75.1034,13.0797,2.401
-1,443.41,7.74947,0.0887193,3.54766,96.5469,54.7904,8.77997,172.142,0,11.5816,75.1034,13.0797,7
-2,442.477,7.86908,0.0847554,3.45684,95.2419,55.5495,9.2145,171.187,0,11.5537,75.184,13.1358,7
1,442.477,7.86908,0.0847554,3.45684,95.2419,55.5495,9.2145,171.187,0,11.5537,75.184,13.1358,7
0,443.55,7.91652,0.100468,3.45885,96.8204,55.4793,8.80631,171.184,0,11.5544,75.1081,13.1224,4.9
-1,443.55,7.91652,0.100468,3.45885,96.8204,55.4793,8.80631,171.184,0,11.5544,75.1081,13.1224,7
-2,443.507,8.12778,0.088661,3.37505,96.1306,56.2615,9.38365,170.225,0,11.529,75.2153,13.1705,7
-2,443.093,7.9416,0.0928018,3.41311,96.1457,55.8685,9.08382,170.702,0,11.5405,75.1596,13.1459,7
1,443.093,7.9416,0.0928018,3.41311,96.1457,55.8685,9.08382,170.702,0,11.5405,75.1596,13.1459,7
0,445.294,8.09559,0.11277,3.40688,98.4893,55.8236,8.87581,170.697,0,11.5386,75.1213,13.1336,4.9
-1,445.294,8.09559,0.11277,3.40688,98.4893,55.8236,8.87581,170.697,0,11.5386,75.1213,13.1336,7
-2,444.347,8.11989,0.0969289,3.32385,96.7985,56.6114,9.6899,169.739,0,11.5139,75.2726,13.1808,7
1,444.347,8.11989,0.0969289,3.32385,96.7985,56.6114,9.6899,169.739,0,11.5139,75.2726,13.1808,7
0,446.905,8.24368,0.118519,3.30828,99.3705,56.5894,9.60487,169.73,0,11.5092,75.257,13.1737,4.9
-1,446.905,8.24368,0.118519,3.30828,99.3705,56.5894,9.60487,169.73,0,11.5092,75.257,13.1737,7
-2,444.058,7.45845,0.100077,3.28643,96.2237,57.4235,10.6296,168.773,0,11.5036,75.4481,13.2114,7
1,444.058,7.45845,0.100077,3.28643,96.2237,57.4235,10.6296,168.773,0,11.5036,75.4481,13.2114,7
-1,444.058,7.45845,0.100077,3.28643,96.2237,57.4235,10.6296,168.773,0,11.5036,75.4481,13.2114,4.9
-2,443.148,7.72188,0.0977395,3.31387,94.2864,58.2676,11.4189,167.677,0,11.5128,75.5958,13.2558,4.9
2,443.148,7.72188,0.0977395,3.31387,94.2864,58.2676,11.4189,167.677,0,11.5128,75.5958,13.2558,4.9
0,445.425,7.7705,0.116959,3.29798,96.5646,58.2644,11.3978,167.661,0,11.508,75.5919,13.2521,3.43
-1,445.425,7.7705,0.116959,3.29798,96.5646,58.2644,11.3978,167.661,0,11.508,75.5919,13.2521,7
-2,444.74,7.99899,0.11391,3.36187,94.5748,59.0529,12.2754,166.798,0,11.5282,75.7565,13.2787,7
1,444.74,7.99899,0.11391,3.36187,94.5748,59.0529,12.2754,166.798,0,11.5282,75.7565,13.2787,7
0,447.687,8.04872,0.135608,3.35066,97.4974,59.0566,12.2748,166.77,0,11.5248,75.7564,13.2719,4.9
-1,447.687,8.04872,0.135608,3.35066,97.4974,59.0566,12.2748,166.77,0,11.5248,75.7564,13.2719,7
-2,445.435,7.67241,0.120055,3.48289,94.1688,59.8909,13.3729,165.908,0,11.5663,75.9628,13.2903,7
1,445.435,7.67241,0.120055,3.48289,94.1688,59.8909,13.3729,165.908,0,11.5663,75.9628,13.2903,7
-1,445.435,7.67241,0.120055,3.48289,94.1688,59.8909,13.3729,165.908,0,11.5663,75.9628,13.2903,4.9
-2,444.293,7.27818,0.107083,3.59814,92.5756,60.7463,14.0879,164.89,0,11.6024,76.0976,13.3105,4.9
2,444.293,7.27818,0.107083,3.59814,92.5756,60.7463,14.0879,164.89,0,11.6024,76.0976,13.3105,4.9
-1,444.293,7.27818,0.107083,3.59814,92.5756,60.7463,14.0879,164.89,0,11.6024,76.0976,13.3105,3.43
-2,444.988,7.89626,0.101562,3.69207,92.178,61.595,14.5637,163.806,0,11.6319,76.1873,13.3361,3.43
-2,443.648,6.86979,0.102758,3.64348,92.1149,61.168,14.3208,164.348,0,11.6166,76.1415,13.322,3.43
3,443.648,6.86979,0.102758,3.64348,92.1149,61.168,14.3208,164.348,0,11.6166,76.1415,13.322,3.43
0,445.968,6.96164,0.130673,3.65621,94.3536,61.178,14.3154,164.296,0,11.6205,76.1405,13.3146,2.401
-1,445.968,6.96164,0.130673,3.65621,94.3536,61.178,14.3154,164.296,0,11.6205,76.1405,13.3146,7
-2,446.912,8.11403,0.118603,3.8238,92.9987,61.8445,15.155,163.562,0,11.6732,76.2991,13.3226,7
-2,446.989,7.90866,0.125121,3.73653,93.871,61.5096,14.7272,163.929,0,11.6457,76.2182,13.318,7
-2,446.252,7.35575,0.126481,3.6955,93.9706,61.3434,14.5193,164.113,0,11.6328,76.179,13.3162,7
-2,445.77,6.86158,0.128351,3.67564,94.1209,61.2606,14.4168,164.205,0,11.6266,76.1596,13.3153,7
1,445.77,6.86158,0.128351,3.67564,94.1209,61.2606,14.4168,164.205,0,11.6266,76.1596,13.3153,7
0,449.641,7.027,0.164155,3.69079,97.9079,61.2689,14.3973,164.11,0,11.6313,76.1561,13.288,4.9
-1,449.641,7.027,0.164155,3.69079,97.9079,61.2689,14.3973,164.11,0,11.6313,76.1561,13.288,7
-2,448.664,8.11712,0.137716,3.96254,94.0892,61.917,15.6552,163.384,0,11.7171,76.3938,13.2908,7
1,448.664,8.11712,0.137716,3.96254,94.0892,61.917,15.6552,163.384,0,11.7171,76.3938,13.2908,7
0,452.61,8.29405,0.175181,4.00056,98.0291,61.9138,15.6243,163.213,0,11.7288,76.3881,13.2426,4.9
-1,452.61,8.29405,0.175181,4.00056,98.0291,61.9138,15.6243,163.213,0,11.7288,76.3881,13.2426,7
-2,449.542,8.05272,0.145265,4.35741,93.1649,62.7117,16.9792,162.414,0,11.8433,76.6449,13.2283,7
1,449.542,8.05272,0.145265,4.35741,93.1649,62.7117,16.9792,162.414,0,11.8433,76.6449,13.2283,7
-1,449.542,8.05272,0.145265,4.35741,93.1649,62.7117,16.9792,162.414,0,11.8433,76.6449,13.2283,4.9
-2,447.843,7.64766,0.129828,4.61272,90.611,63.5998,17.8048,161.504,0,11.9262,76.8016,13.2055,4.9
2,447.843,7.64766,0.129828,4.61272,90.611,63.5998,17.8048,161.504,0,11.9262,76.8016,13.2055,4.9
-1,447.843,7.64766,0.129828,4.61272,90.611,63.5998,17.8048,161.504,0,11.9262,76.8016,13.2055,3.43
-2,446.371,7.08671,0.121263,4.78025,89.0632,64.5131,18.2332,160.528,0,11.9811,76.8827,13.1808,3.43
3,446.371,7.08671,0.121263,4.78025,89.0632,64.5131,18.2332,160.528,0,11.9811,76.8827,13.1808,3.43
-1,446.371,7.08671,0.121263,4.78025,89.0632,64.5131,18.2332,160.528,0,11.9811,76.8827,13.1808,2.401
-2,446.024,7.16749,0.121017,4.87992,88.4635,65.4029,18.3898,159.512,0,12.0139,76.912,13.1612,2.401
4,446.024,7.16749,0.121017,4.87992,88.4635,65.4029,18.3898,159.512,0,12.0139,76.912,13.1612,2.401
0,447.986,7.2754,0.151117,4.9877,90.6162,65.329,18.359,159.205,0,12.0484,76.9063,13.1077,1.6807
-1,447.986,7.2754,0.151117,4.9877,90.6162,65.329,18.359,159.205,0,12.0484,76.9063,13.1077,7
-2,447.475,7.78139,0.135488,5.25672,88.4125,66.0461,19.0915,158.501,0,12.1386,77.0457,13.0655,7
1,447.475,7.78139,0.135488,5.25672,88.4125,66.0461,19.0915,158.501,0,12.1386,77.0457,13.0655,7
0,449.669,7.94345,0.16838,5.38661,91.1738,65.894,19.0719,157.931,0,12.1806,77.0421,12.877,4.9
-1,449.669,7.94345,0.16838,5.38661,91.1738,65.894,19.0719,157.931,0,12.1806,77.0421,12.877,7
-2,447.542,7.75469,0.149671,5.77436,87.591,66.6958,20.0481,157.193,0,12.3131,77.2281,12.794,7
1,447.542,7.75469,0.149671,5.77436,87.591,66.6958,20.0481,157.193,0,12.3131,77.2281,12.794,7
-1,447.542,7.75469,0.149671,5.77436,87.591,66.6958,20.0481,157.193,0,12.3131,77.2281,12.794,4.9
-2,446.262,7.6121,0.136162,6.02123,85.589,67.5916,20.5494,156.347,0,12.3989,77.3234,12.6932,4.9
2,446.262,7.6121,0.136162,6.02123,85.589,67.5916,20.5494,156.347,0,12.3989,77.3234,12.6932,4.9
-1,446.262,7.6121,0.136162,6.02123,85.589,67.5916,20.5494,156.347,0,12.3989,77.3234,12.6932,3.43
-2,445.06,7.19974,0.130548,6.15737,84.5519,68.5455,20.7078,155.387,0,12.4466,77.353,12.5798,3.43
3,445.06,7.19974,0.130548,6.15737,84.5519,68.5455,20.7078,155.387,0,12.4466,77.353,12.5798,3.43
-1,445.06,7.19974,0.130548,6.15737,84.5519,68.5455,20.7078,155.387,0,12.4466,77.353,12.5798,2.401
-2,443.905,6.85966,0.131427,6.21937,83.8346,69.5131,20.673,154.404,0,12.4681,77.3454,12.4564,2.401
4,443.905,6.85966,0.131427,6.21937,83.8346,69.5131,20.673,154.404,0,12.4681,77.3454,12.4564,2.401
-1,443.905,6.85966,0.131427,6.21937,83.8346,69.5131,20.673,154.404,0,12.4681,77.3454,12.4564,1.6807
-2,443.535,7.77531,0.131123,6.25032,82.7978,70.4602,20.5661,153.432,0,12.4785,77.3241,12.3199,1.6807
5,443.535,7.77531,0.131123,6.25032,82.7978,70.4602,20.5661,153.432,0,12.4785,77.3241,12.3199,1.6807
0,443.903,7.83505,0.1532,6.44627,84.6382,69.8673,20.5645,152.384,0,12.5439,77.3238,12.1469,1.17649
-1,443.903,7.83505,0.1532,6.44627,84.6382,69.8673,20.5645,152.384,0,12.5439,77.3238,12.1469,7
-2,442.678,7.79202,0.137105,6.76683,82.3251,70.7006,21.2013,151.654,0,12.6586,77.4453,11.997,7
1,442.678,7.79202,0.137105,6.76683,82.3251,70.7006,21.2013,151.654,0,12.6586,77.4453,11.997,7
-1,442.678,7.79202,0.137105,6.76683,82.3251,70.7006,21.2013,151.654,0,12.6586,77.4453,11.997,4.9
-2,441.383,7.36592,0.128054,6.96067,80.9681,71.649,21.4795,150.788,0,12.7288,77.498,11.8164,4.9
2,441.383,7.36592,0.128054,6.96067,80.9681,71.649,21.4795,150.788,0,12.7288,77.498,11.8164,4.9
-1,441.383,7.36592,0.128054,6.96067,80.9681,71.649,21.4795,150.788,0,12.7288,77.498,11.8164,3.43
-2,440.578,7.18906,0.127028,7.05712,80.3232,72.638,21.5179,149.848,0,12.7636,77.5046,11.61,3.43
3,440.578,7.18906,0.127028,7.05712,80.3232,72.638,21.5179,149.848,0,12.7636,77.5046,11.61,3.43
0,438.375,7.20487,0.148681,7.2982,81.4069,71.4737,21.5119,147.811,0,12.8458,77.5035,11.1708,2.401
-1,438.375,7.20487,0.148681,7.2982,81.4069,71.4737,21.5119,147.811,0,12.8458,77.5035,11.1708,7
-2,437.054,7.05784,0.133302,7.68016,79.0857,72.2826,22.2093,147.065,0,12.9876,77.6364,10.9168,7
1,437.054,7.05784,0.133302,7.68016,79.0857,72.2826,22.2093,147.065,0,12.9876,77.6364,10.9168,7
-1,437.054,7.05784,0.133302,7.68016,79.0857,72.2826,22.2093,147.065,0,12.9876,77.6364,10.9168,4.9
-2,436.269,7.23448,0.12829,7.90833,77.7024,73.1742,22.5423,146.189,0,13.0736,77.6993,10.617,4.9
2,436.269,7.23448,0.12829,7.90833,77.7024,73.1742,22.5423,146.189,0,13.0736,77.6993,10.617,4.9
0,429.909,7.20726,0.149089,8.19206,77.9287,71.0989,22.4963,142.226,0,13.1724,77.6909,9.74678,3.43
-1,429.909,7.20726,0.149089,8.19206,77.9287,71.0989,22.4963,142.226,0,13.1724,77.6909,9.74678,7
-2,428.582,7.82679,0.135443,8.6712,74.7547,71.9156,23.2831,141.402,0,13.3579,77.8411,9.39486,7
1,428.582,7.82679,0.135443,8.6712,74.7547,71.9156,23.2831,141.402,0,13.3579,77.8411,9.39486,7
-1,428.582,7.82679,0.135443,8.6712,74.7547,71.9156,23.2831,141.402,0,13.3579,77.8411,9.39486,4.9
-2,427.434,7.68579,0.12649,8.9271,73.4252,72.9437,23.5839,140.389,0,13.459,77.8978,8.99604,4.9
2,427.434,7.68579,0.12649,8.9271,73.4252,72.9437,23.5839,140.389,0,13.459,77.8978,8.99604,4.9
-1,427.434,7.68579,0.12649,8.9271,73.4252,72.9437,23.5839,140.389,0,13.459,77.8978,8.99604,3.43
-2,426.149,7.23853,0.124426,9.07362,72.7126,74.0968,23.659,139.25,0,13.517,77.9111,8.56603,3.43
3,426.149,7.23853,0.124426,9.07362,72.7126,74.0968,23.659,139.25,0,13.517,77.9111,8.56603,3.43
-1,426.149,7.23853,0.124426,9.07362,72.7126,74.0968,23.659,139.25,0,13.517,77.9111,8.56603,2.401
-2,424.657,6.72854,0.118741,9.14306,72.1484,75.3284,23.6047,138.015,0,13.5436,77.8994,8.12718,2.401
4,424.657,6.72854,0.118741,9.14306,72.1484,75.3284,23.6047,138.015,0,13.5436,77.8994,8.12718,2.401
-1,424.657,6.72854,0.118741,9.14306,72.1484,75.3284,23.6047,138.015,0,13.5436,77.8994,8.12718,1.6807
-2,422.871,6.2804,0.11974,9.1727,71.3989,76.5988,23.4729,136.699,0,13.5543,77.8731,7.70108,1.6807
5,422.871,6.2804,0.11974,9.1727,71.3989,76.5988,23.4729,136.699,0,13.5543,77.8731,7.70108,1.6807
-1,422.871,6.2804,0.11974,9.1727,71.3989,76.5988,23.4729,136.699,0,13.5543,77.8731,7.70108,1.17649
-2,422.48,7.38633,0.120892,9.15863,70.6791,77.8073,23.2689,135.376,0,13.5477,77.8331,7.30176,1.17649
6,422.48,7.38633,0.120892,9.15863,70.6791,77.8073,23.2689,135.376,0,13.5477,77.8331,7.30176,1.17649
0,407.559,7.34569,0.139669,9.50649,68.7594,72.3953,23.1085,127.83,0,13.6729,77.8036,6.99702,0.823543
-1,407.559,7.34569,0.139669,9.50649,68.7594,72.3953,23.1085,127.83,0,13.6729,77.8036,6.99702,7
-2,406.983,7.33458,0.126986,9.88013,67.2463,73.2574,23.6078,127.041,0,13.8238,77.8987,6.76607,7
1,406.983,7.33458,0.126986,9.88013,67.2463,73.2574,23.6078,127.041,0,13.8238,77.8987,6.76607,7
0,383.02,7.24841,0.14143,10.2467,64.8152,66.5665,23.4527,112.65,0,13.9575,77.8702,6.07061,4.9
-1,383.02,7.24841,0.14143,10.2467,64.8152,66.5665,23.4527,112.65,0,13.9575,77.8702,6.07061,7
-2,381.755,7.52098,0.124359,10.8828,61.3872,67.4124,24.3031,111.938,0,14.2227,78.0324,5.93065,7
1,381.755,7.52098,0.124359,10.8828,61.3872,67.4124,24.3031,111.938,0,14.2227,78.0324,5.93065,7
-1,381.755,7.52098,0.124359,10.8828,61.3872,67.4124,24.3031,111.938,0,14.2227,78.0324,5.93065,4.9
-2,380.817,7.02358,0.117687,11.2499,59.9497,68.4168,24.6984,111.063,0,14.3791,78.1073,5.81199,4.9
2,380.817,7.02358,0.117687,11.2499,59.9497,68.4168,24.6984,111.063,0,14.3791,78.1073,5.81199,4.9
0,344.786,6.85532,0.128804,11.6761,55.6103,59.3009,24.6353,88.2599,0,14.5398,78.0958,5.68387,3.43
-1,344.786,6.85532,0.128804,11.6761,55.6103,59.3009,24.6353,88.2599,0,14.5398,78.0958,5.68387,7
-2,343.56,6.43028,0.11294,12.3361,52.6658,59.9543,25.4064,87.8737,0,14.8307,78.243,5.70692,7
1,343.56,6.43028,0.11294,12.3361,52.6658,59.9543,25.4064,87.8737,0,14.8307,78.243,5.70692,7
-1,343.56,6.43028,0.11294,12.3361,52.6658,59.9543,25.4064,87.8737,0,14.8307,78.243,5.70692,4.9
-2,343.279,6.09936,0.10233,12.7439,51.4031,60.6273,25.7813,87.4377,0,15.0151,78.3142,5.7546,4.9
2,343.279,6.09936,0.10233,12.7439,51.4031,60.6273,25.7813,87.4377,0,15.0151,78.3142,5.7546,4.9
0,299.128,5.89173,0.109492,13.2346,45.7721,50.1864,25.7824,58.9205,0,15.2065,78.3144,5.70983,3.43
-1,299.128,5.89173,0.109492,13.2346,45.7721,50.1864,25.7824,58.9205,0,15.2065,78.3144,5.70983,7
-2,299.359,6.68409,0.0970656,13.8546,43.1923,50.5488,26.4463,58.8748,0,15.496,78.4412,5.72352,7
-2,299.289,6.45991,0.100652,13.542,44.3688,50.3671,26.1102,58.8979,0,15.349,78.377,5.71651,7
-2,299.279,6.2821,0.105028,13.3877,45.0369,50.2766,25.9453,58.9093,0,15.2772,78.3455,5.71313,7
-2,299.101,5.98805,0.107249,13.311,45.4021,50.2315,25.8636,58.9149,0,15.2417,78.3299,5.71147,7
1,299.101,5.98805,0.107249,13.311,45.4021,50.2315,25.8636,58.9149,0,15.2417,78.3299,5.71147,7
0,258.844,5.83767,0.112915,13.8046,40.8719,40.263,25.7763,33.0834,0,15.4345,78.3139,5.3459,4.9
-1,258.844,5.83767,0.112915,13.8046,40.8719,40.263,25.7763,33.0834,0,15.4345,78.3139,5.3459,7
-2,256.954,6.3506,0.0913081,14.7198,35.7364,40.5055,26.7687,33.1523,0,15.8695,78.5037,5.25577,7
1,256.954,6.3506,0.0913081,14.7198,35.7364,40.5055,26.7687,33.1523,0,15.8695,78.5037,5.25577,7
-1,256.954,6.3506,0.0913081,14.7198,35.7364,40.5055,26.7687,33.1523,0,15.8695,78.5037,5.25577,4.9
-2,257.815,7.05679,0.0856208,15.246,34.3293,40.8202,27.2184,33.1884,0,16.1293,78.589,5.1515,4.9
-2,257.34,6.77196,0.0867755,14.981,34.9322,40.6619,26.9895,33.171,0,15.9976,78.5456,5.20297,4.9
-2,257.172,6.61678,0.088911,14.8499,35.3067,40.5834,26.8781,33.1618,0,15.9331,78.5245,5.22921,4.9
-2,257.005,6.43514,0.0900369,14.7848,35.5122,40.5444,26.8231,33.1571,0,15.9012,78.514,5.24245,4.9
-2,256.902,6.32232,0.0909502,14.736,35.6654,40.5152,26.7823,33.1535,0,15.8774,78.5063,5.25243,4.9
2,256.902,6.32232,0.0909502,14.736,35.6654,40.5152,26.7823,33.1535,0,15.8774,78.5063,5.25243,4.9
0,227.79,6.19298,0.0928218,15.2909,31.4034,31.9349,26.5606,17.1883,0,16.0995,78.4654,4.56074,3.43
-1,227.79,6.19298,0.0928218,15.2909,31.4034,31.9349,26.5606,17.1883,0,16.0995,78.4654,4.56074,7
-2,226.395,6.49813,0.0784577,16.0755,27.674,32.1704,27.3411,17.0508,0,16.4923,78.6144,4.39998,7
1,226.395,6.49813,0.0784577,16.0755,27.674,32.1704,27.3411,17.0508,0,16.4923,78.6144,4.39998,7
-1,226.395,6.49813,0.0784577,16.0755,27.674,32.1704,27.3411,17.0508,0,16.4923,78.6144,4.39998,4.9
-2,225.972,6.62926,0.0729969,16.5427,25.9503,32.4833,27.7152,16.9351,0,16.7335,78.6847,4.22527,4.9
2,225.972,6.62926,0.0729969,16.5427,25.9503,32.4833,27.7152,16.9351,0,16.7335,78.6847,4.22527,4.9
0,209.685,6.61627,0.0720996,17.183,22.0147,25.8225,27.4613,11.2955,0,16.9989,78.6378,3.58248,3.43
-1,209.685,6.61627,0.0720996,17.183,22.0147,25.8225,27.4613,11.2955,0,16.9989,78.6378,3.58248,7
-2,207.827,6.36534,0.0647146,17.6704,19.6106,26.1208,27.9284,10.6663,0,17.2591,78.7263,3.41548,7
1,207.827,6.36534,0.0647146,17.6704,19.6106,26.1208,27.9284,10.6663,0,17.2591,78.7263,3.41548,7
-1,207.827,6.36534,0.0647146,17.6704,19.6106,26.1208,27.9284,10.6663,0,17.2591,78.7263,3.41548,4.9
-2,206.404,5.92255,0.0622471,17.8955,18.5257,26.4385,28.0439,10.1475,0,17.3853,78.7469,3.2356,4.9
2,206.404,5.92255,0.0622471,17.8955,18.5257,26.4385,28.0439,10.1475,0,17.3853,78.7469,3.2356,4.9
-1,206.404,5.92255,0.0622471,17.8955,18.5257,26.4385,28.0439,10.1475,0,17.3853,78.7469,3.2356,3.43
-2,205.225,5.6288,0.0616287,17.9638,17.9726,26.7615,27.9458,9.69056,0,17.4271,78.7264,3.0472,3.43
3,205.225,5.6288,0.0616287,17.9638,17.9726,26.7615,27.9458,9.69056,0,17.4271,78.7264,3.0472,3.43
-1,205.225,5.6288,0.0616287,17.9638,17.9726,26.7615,27.9458,9.69056,0,17.4271,78.7264,3.0472,2.401
-2,203.991,5.13407,0.0586911,17.9454,17.7943,27.0705,27.728,9.29818,0,17.4199,78.6832,2.85901,2.401
4,203.991,5.13407,0.0586911,17.9454,17.7943,27.0705,27.728,9.29818,0,17.4199,78.6832,2.85901,2.401
-1,203.991,5.13407,0.0586911,17.9454,17.7943,27.0705,27.728,9.29818,0,17.4199,78.6832,2.85901,1.6807
-2,203.365,5.09108,0.0614418,17.8785,17.8851,27.3482,27.4679,8.94123,0,17.3847,78.6322,2.67496,1.6807
5,203.365,5.09108,0.0614418,17.8785,17.8851,27.3482,27.4679,8.94123,0,17.3847,78.6322,2.67496,1.6807
0,196.829,5.05283,0.0596656,18.5784,15.0279,22.9036,27.2876,9.18828,0,17.6815,78.599,2.45024,1.17649
-1,196.829,5.05283,0.0596656,18.5784,15.0279,22.9036,27.2876,9.18828,0,17.6815,78.599,2.45024,7
-2,195.469,5.01238,0.0580225,18.7202,14.2038,23.1325,27.4189,8.19914,0,17.7655,78.6235,2.33475,7
1,195.469,5.01238,0.0580225,18.7202,14.2038,23.1325,27.4189,8.19914,0,17.7655,78.6235,2.33475,7
-1,195.469,5.01238,0.0580225,18.7202,14.2038,23.1325,27.4189,8.19914,0,17.7655,78.6235,2.33475,4.9
-2,195.07,5.76224,0.0558863,18.7469,13.6879,23.3907,27.3681,7.44683,0,17.7874,78.6128,2.21088,4.9
2,195.07,5.76224,0.0558863,18.7469,13.6879,23.3907,27.3681,7.44683,0,17.7874,78.6128,2.21088,4.9
0,194.829,5.73474,0.0538111,19.4666,12.1911,19.852,27.271,11.6986,0,18.0944,78.595,1.8714,3.43
-1,194.829,5.73474,0.0538111,19.4666,12.1911,19.852,27.271,11.6986,0,18.0944,78.595,1.8714,7
-2,192.528,5.81572,0.0514943,19.5618,11.3371,20.1614,27.3783,9.67718,0,18.1602,78.6144,1.77057,7
1,192.528,5.81572,0.0514943,19.5618,11.3371,20.1614,27.3783,9.67718,0,18.1602,78.6144,1.77057,7
0,201.771,5.67338,0.0524947,20.1853,11.908,17.0542,27.2381,21.2636,0,18.4001,78.589,1.40688,7
-1,201.771,5.67338,0.0524947,20.1853,11.908,17.0542,27.2381,21.2636,0,18.4001,78.589,1.40688,7
-2,195.139,5.28238,0.0484066,20.4327,9.95179,17.4032,27.5687,15.9139,0,18.5624,78.651,1.32466,7
1,195.139,5.28238,0.0484066,20.4327,9.95179,17.4032,27.5687,15.9139,0,18.5624,78.651,1.32466,7
0,217.822,5.65116,0.0535359,20.9016,12.2947,15.0154,27.2356,38.3341,0,18.7042,78.5885,1.04329,7
-1,217.822,5.65116,0.0535359,20.9016,12.2947,15.0154,27.2356,38.3341,0,18.7042,78.5885,1.04329,7
-2,203.905,4.84245,0.0463464,21.3082,9.25603,15.3989,27.7719,26.642,0,18.9676,78.6897,0.982167,7
1,203.905,4.84245,0.0463464,21.3082,9.25603,15.3989,27.7719,26.642,0,18.9676,78.6897,0.982167,7
0,245.824,5.63934,0.0588539,21.6148,12.8017,13.5513,27.2375,66.5419,0,19.0064,78.5888,0.783263,7
-1,245.824,5.63934,0.0588539,21.6148,12.8017,13.5513,27.2375,66.5419,0,19.0064,78.5888,0.783263,7
-2,220.946,5.02716,0.0515924,22.1807,8.98443,13.967,27.9545,43.9465,0,19.3711,78.7245,0.738296,7
1,220.946,5.02716,0.0515924,22.1807,8.98443,13.967,27.9545,43.9465,0,19.3711,78.7245,0.738296,7
0,290.102,5.72469,0.0696868,22.3243,13.049,12.5023,27.2325,110.709,0,19.3065,78.5879,0.595551,7
-1,290.102,5.72469,0.0696868,22.3243,13.049,12.5023,27.2325,110.709,0,19.3065,78.5879,0.595551,7
-2,247.407,4.85184,0.0555826,23.0428,8.64202,12.9533,28.1009,70.6778,0,19.7685,78.7524,0.561888,7
1,247.407,4.85184,0.0555826,23.0428,8.64202,12.9533,28.1009,70.6778,0,19.7685,78.7524,0.561888,7
0,355.831,5.69947,0.084831,23.0296,12.9073,11.755,27.2209,176.486,0,19.6044,78.5858,0.457307,7
-1,355.831,5.69947,0.084831,23.0296,12.9073,11.755,27.2209,176.486,0,19.6044,78.5858,0.457307,7
-2,287.367,5.2456,0.0724569,23.8495,8.39263,12.2521,28.1944,110.025,0,20.1335,78.7702,0.431988,7
1,287.367,5.2456,0.0724569,23.8495,8.39263,12.2521,28.1944,110.025,0,20.1335,78.7702,0.431988,7
0,449.163,5.64825,0.107947,23.7305,12.6617,11.229,27.2082,269.737,0,19.9,78.5835,0.35697,7
-1,449.163,5.64825,0.107947,23.7305,12.6617,11.229,27.2082,269.737,0,19.9,78.5835,0.35697,7
-2,343.054,5.09762,0.0891921,24.6696,8.11549,11.784,28.266,165.403,0,20.507,78.7837,0.338366,7
1,343.054,5.09762,0.0891921,24.6696,8.11549,11.784,28.266,165.403,0,20.507,78.7837,0.338366,7
0,575.899,5.68985,0.140608,24.4269,12.8721,10.8643,27.1992,395.649,0,20.1934,78.5819,0.282429,7
-1,575.899,5.68985,0.140608,24.4269,12.8721,10.8643,27.1992,395.649,0,20.1934,78.5819,0.282429,7
-2,418.839,5.31097,0.116331,25.5354,8.49751,11.4903,28.3209,239.595,0,20.9091,78.794,0.269886,7
1,418.839,5.31097,0.116331,25.5354,8.49751,11.4903,28.3209,239.595,0,20.9091,78.794,0.269886,7
-1,418.839,5.31097,0.116331,25.5354,8.49751,11.4903,28.3209,239.595,0,20.9091,78.794,0.269886,4.9
-2,327.433,5.52091,0.090362,25.8378,6.84861,12.3179,28.7633,147.712,0,21.1971,78.8756,0.269438,4.9
2,327.433,5.52091,0.090362,25.8378,6.84861,12.3179,28.7633,147.712,0,21.1971,78.8756,0.269438,4.9
0,531.043,5.37914,0.155644,26.2964,10.0256,11.2729,28.3173,349.332,0,21.2397,78.7933,0.231182,4.9
-1,531.043,5.37914,0.155644,26.2964,10.0256,11.2729,28.3173,349.332,0,21.2397,78.7933,0.231182,7
-2,395.056,5.60798,0.122864,26.7812,8.22826,12.0029,28.9989,212.516,0,21.6488,78.9213,0.227235,7
1,395.056,5.60798,0.122864,26.7812,8.22826,12.0029,28.9989,212.516,0,21.6488,78.9213,0.227235,7
0,676.803,5.46881,0.2015,27.0529,13.9934,11.1261,28.3185,490.085,0,21.5679,78.7936,0.194627,7
-1,676.803,5.46881,0.2015,27.0529,13.9934,11.1261,28.3185,490.085,0,21.5679,78.7936,0.194627,7
-2,482.064,5.66626,0.156818,27.8067,11.4892,11.9535,29.0615,294.646,0,22.1581,78.9328,0.192703,7
1,482.064,5.66626,0.156818,27.8067,11.4892,11.9535,29.0615,294.646,0,22.1581,78.9328,0.192703,7
-1,482.064,5.66626,0.156818,27.8067,11.4892,11.9535,29.0615,294.646,0,22.1581,78.9328,0.192703,4.9
-2,365.265,5.55602,0.113474,27.6377,8.43775,13.0105,29.1919,179.954,0,22.2028,78.9541,0.206731,4.9
2,365.265,5.55602,0.113474,27.6377,8.43775,13.0105,29.1919,179.954,0,22.2028,78.9541,0.206731,4.9
0,608.561,5.88015,0.208429,28.6334,17.1019,11.8909,29.0644,414.145,0,22.5287,78.9334,0.174803,4.9
-1,608.561,5.88015,0.208429,28.6334,17.1019,11.8909,29.0644,414.145,0,22.5287,78.9334,0.174803,7
-2,441.659,6.36458,0.158072,28.7459,12.2351,12.8529,29.4643,249.881,0,22.7699,79.0068,0.180647,7
1,441.659,6.36458,0.158072,28.7459,12.2351,12.8529,29.4643,249.881,0,22.7699,79.0068,0.180647,7
0,766.997,6.05765,0.267823,29.4558,27.0667,11.8616,29.0649,561.235,0,22.8966,78.9335,0.157063,7
-1,766.997,6.05765,0.267823,29.4558,27.0667,11.8616,29.0649,561.235,0,22.8966,78.9335,0.157063,7
-2,535.993,6.44411,0.212533,29.9849,19.3776,12.9403,29.541,334.877,0,23.4323,79.0208,0.162171,7
1,535.993,6.44411,0.212533,29.9849,19.3776,12.9403,29.541,334.877,0,23.4323,79.0208,0.162171,7
-1,535.993,6.44411,0.212533,29.9849,19.3776,12.9403,29.541,334.877,0,23.4323,79.0208,0.162171,4.9
-2,397.356,5.81118,0.143262,29.4819,12.5219,14.2149,29.5319,203.152,0,23.298,79.0163,0.184878,4.9
2,397.356,5.81118,0.143262,29.4819,12.5219,14.2149,29.5319,203.152,0,23.298,79.0163,0.184878,4.9
0,671.146,6.73688,0.276821,30.8912,30.049,12.961,29.5371,457.665,0,23.8536,79.0201,0.155202,4.9
-1,671.146,6.73688,0.276821,30.8912,30.049,12.961,29.5371,457.665,0,23.8536,79.0201,0.155202,7
-2,479.056,6.37989,0.200548,30.7697,20.0133,14.1476,29.8372,274.465,0,24.0011,79.0752,0.166862,7
1,479.056,6.37989,0.200548,30.7697,20.0133,14.1476,29.8372,274.465,0,24.0011,79.0752,0.166862,7
0,836.249,7.13793,0.35029,31.7935,46.904,12.9957,29.5246,604.105,0,24.272,79.0178,0.147814,7
-1,836.249,7.13793,0.35029,31.7935,46.904,12.9957,29.5246,604.105,0,24.272,79.0178,0.147814,7
-2,577.931,6.60194,0.26557,32.2195,32.1316,14.3144,29.9401,358.377,0,24.8306,79.094,0.156205,7
1,577.931,6.60194,0.26557,32.2195,32.1316,14.3144,29.9401,358.377,0,24.8306,79.094,0.156205,7
-1,577.931,6.60194,0.26557,32.2195,32.1316,14.3144,29.9401,358.377,0,24.8306,79.094,0.156205,4.9
-2,420.795,5.75423,0.174402,31.2604,18.322,15.844,29.7587,216.017,0,24.4222,79.0571,0.184969,4.9
2,420.795,5.75423,0.174402,31.2604,18.322,15.844,29.7587,216.017,0,24.4222,79.0571,0.184969,4.9
0,716.981,7.08728,0.343216,33.2192,48.1929,14.3804,29.9213,479.277,0,25.3149,79.0906,0.154048,4.9
-1,716.981,7.08728,0.343216,33.2192,48.1929,14.3804,29.9213,479.277,0,25.3149,79.0906,0.154048,7
-2,504.798,6.27923,0.245364,32.761,29.1598,15.8256,30.1152,285.818,0,25.2994,79.1257,0.168991,7
1,504.798,6.27923,0.245364,32.761,29.1598,15.8256,30.1152,285.818,0,25.2994,79.1257,0.168991,7
0,883.879,7.70937,0.431351,34.2147,72.1244,14.4512,29.894,620.021,0,25.7957,79.0856,0.151109,7
-1,883.879,7.70937,0.431351,34.2147,72.1244,14.4512,29.894,620.021,0,25.7957,79.0856,0.151109,7
-2,605.011,6.34787,0.320348,34.4442,46.0888,16.0424,30.2722,365.848,0,26.332,79.1545,0.160603,7
1,605.011,6.34787,0.320348,34.4442,46.0888,16.0424,30.2722,365.848,0,26.332,79.1545,0.160603,7
-1,605.011,6.34787,0.320348,34.4442,46.0888,16.0424,30.2722,365.848,0,26.332,79.1545,0.160603,4.9
-2,434.878,5.54455,0.203242,33.0015,24.0089,17.8175,29.9248,219.506,0,25.5948,79.086,0.190667,4.9
2,434.878,5.54455,0.203242,33.0015,24.0089,17.8175,29.9248,219.506,0,25.5948,79.086,0.190667,4.9
0,745.181,6.89773,0.403126,35.5482,68.0593,16.1355,30.244,481.692,0,26.8915,79.1494,0.160004,4.9
-1,745.181,6.89773,0.403126,35.5482,68.0593,16.1355,30.244,481.692,0,26.8915,79.1494,0.160004,7
-2,519.509,6.08295,0.274006,34.6638,38.3432,17.8435,30.348,285.988,0,26.624,79.167,0.174216,7
1,519.509,6.08295,0.274006,34.6638,38.3432,17.8435,30.348,285.988,0,26.624,79.167,0.174216,7
-1,519.509,6.08295,0.274006,34.6638,38.3432,17.8435,30.348,285.988,0,26.624,79.167,0.174216,4.9
-2,383.978,5.59513,0.158745,32.5328,18.7341,19.6257,29.636,173.126,0,25.3361,79.0306,0.202833,4.9
2,383.978,5.59513,0.158745,32.5328,18.7341,19.6257,29.636,173.126,0,25.3361,79.0306,0.202833,4.9
-1,383.978,5.59513,0.158745,32.5328,18.7341,19.6257,29.636,173.126,0,25.3361,79.0306,0.202833,3.43
-2,304.355,5.52429,0.0891526,30.1,8.56647,21.3637,28.3916,107.504,0,23.7898,78.7922,0.233486,3.43
3,304.355,5.52429,0.0891526,30.1,8.56647,21.3637,28.3916,107.504,0,23.7898,78.7922,0.233486,3.43
-1,304.355,5.52429,0.0891526,30.1,8.56647,21.3637,28.3916,107.504,0,23.7898,78.7922,0.233486,2.401
-2,258.688,5.22162,0.0514807,28.0646,4.96786,22.9705,27.0659,69.012,0,22.5355,78.5375,0.261407,2.401
4,258.688,5.22162,0.0514807,28.0646,4.96786,22.9705,27.0659,69.012,0,22.5355,78.5375,0.261407,2.401
-1,258.688,5.22162,0.0514807,28.0646,4.96786,22.9705,27.0659,69.012,0,22.5355,78.5375,0.261407,1.6807
-2,231.806,5.07223,0.0390355,26.4033,4.20329,24.4732,25.7783,45.7236,0,21.538,78.2903,0.284134,1.6807
5,231.806,5.07223,0.0390355,26.4033,4.20329,24.4732,25.7783,45.7236,0,21.538,78.2903,0.284134,1.6807
-1,231.806,5.07223,0.0390355,26.4033,4.20329,24.4732,25.7783,45.7236,0,21.538,78.2903,0.284134,1.17649
-2,216.032,5.19598,0.039162,25.1368,4.58887,25.8646,24.6822,31.3446,0,20.7976,78.0802,0.302355,1.17649
6,216.032,5.19598,0.039162,25.1368,4.58887,25.8646,24.6822,31.3446,0,20.7976,78.0802,0.302355,1.17649
-1,216.032,5.19598,0.039162,25.1368,4.58887,25.8646,24.6822,31.3446,0,20.7976,78.0802,0.302355,0.823543
-2,206.314,5.04645,0.0421221,24.1903,5.2533,27.1466,23.7598,22.3932,0,20.2573,77.9036,0.320916,0.823543
7,206.314,5.04645,0.0421221,24.1903,5.2533,27.1466,23.7598,22.3932,0,20.2573,77.9036,0.320916,0.823543
-1,206.314,5.04645,0.0421221,24.1903,5.2533,27.1466,23.7598,22.3932,0,20.2573,77.9036,0.320916,0.57648
-2,200.237,4.97571,0.0466067,23.4235,6.00421,28.3455,22.9777,16.5512,0,19.8224,77.7542,0.335992,0.57648
8,200.237,4.97571,0.0466067,23.4235,6.00421,28.3455,22.9777,16.5512,0,19.8224,77.7542,0.335992,0.57648
-1,200.237,4.97571,0.0466067,23.4235,6.00421,28.3455,22.9777,16.5512,0,19.8224,77.7542,0.335992,0.403536
-2,196.272,4.94525,0.0502062,22.8297,6.50031,29.4519,22.3445,12.6813,0,19.4873,77.6336,0.348426,0.403536
9,196.272,4.94525,0.0502062,22.8297,6.50031,29.4519,22.3445,12.6813,0,19.4873,77.6336,0.348426,0.403536
-1,196.272,4.94525,0.0502062,22.8297,6.50031,29.4519,22.3445,12.6813,0,19.4873,77.6336,0.348426,0.282475
-2,194.649,5.71094,0.0594113,22.3261,7.1857,30.5031,21.7986,9.97388,0,19.2041,77.5298,0.357212,0.282475
10,194.649,5.71094,0.0594113,22.3261,7.1857,30.5031,21.7986,9.97388,0,19.2041,77.5298,0.357212,0.282475
-1,194.649,5.71094,0.0594113,22.3261,7.1857,30.5031,21.7986,9.97388,0,19.2041,77.5298,0.357212,0.197733
-2,193.116,5.63912,0.063806,21.9689,7.62306,31.5302,21.3568,8.11584,0,19.0026,77.4458,0.369309,0.197733
11,193.116,5.63912,0.063806,21.9689,7.62306,31.5302,21.3568,8.11584,0,19.0026,77.4458,0.369309,0.197733
-1,193.116,5.63912,0.063806,21.9689,7.62306,31.5302,21.3568,8.11584,0,19.0026,77.4458,0.369309,0.138413
-2,191.973,5.47906,0.0692791,21.6861,7.8706,32.4932,20.9944,6.78075,0,18.8425,77.3771,0.379642,0.138413
12,191.973,5.47906,0.0692791,21.6861,7.8706,32.4932,20.9944,6.78075,0,18.8425,77.3771,0.379642,0.138413
-1,191.973,5.47906,0.0692791,21.6861,7.8706,32.4932,20.9944,6.78075,0,18.8425,77.3771,0.379642,0.096889
-2,191.694,5.91354,0.0789092,21.4347,8.01148,33.4132,20.6713,5.76551,0,18.7011,77.3158,0.388074,0.096889
13,191.694,5.91354,0.0789092,21.4347,8.01148,33.4132,20.6713,5.76551,0,18.7011,77.3158,0.388074,0.096889
0,198.607,5.98967,0.0796207,22.1033,9.42426,33.5776,20.6469,10.1131,0,18.9782,77.3113,0.382905,0.0678223
-1,198.607,5.98967,0.0796207,22.1033,9.42426,33.5776,20.6469,10.1131,0,18.9782,77.3113,0.382905,7
-2,196.096,5.53278,0.0712402,22.0623,8.63583,34.1911,20.6294,8.31489,0,18.9639,77.3077,0.386802,7
1,196.096,5.53278,0.0712402,22.0623,8.63583,34.1911,20.6294,8.31489,0,18.9639,77.3077,0.386802,7
-1,196.096,5.53278,0.0712402,22.0623,8.63583,34.1911,20.6294,8.31489,0,18.9639,77.3077,0.386802,4.9
-2,194.376,5.33573,0.0754711,21.8707,8.3018,34.8496,20.4805,6.91967,0,18.87,77.2794,0.393438,4.9
2,194.376,5.33573,0.0754711,21.8707,8.3018,34.8496,20.4805,6.91967,0,18.87,77.2794,0.393438,4.9
-1,194.376,5.33573,0.0754711,21.8707,8.3018,34.8496,20.4805,6.91967,0,18.87,77.2794,0.393438,3.43
-2,193.699,5.6121,0.0794186,21.6484,8.29055,35.513,20.2705,5.88224,0,18.7591,77.2396,0.403567,3.43
3,193.699,5.6121,0.0794186,21.6484,8.29055,35.513,20.2705,5.88224,0,18.7591,77.2396,0.403567,3.43
0,200.955,5.6949,0.0802239,22.3114,9.84885,35.6697,20.2455,10.4349,0,19.033,77.2351,0.401511,2.401
-1,200.955,5.6949,0.0802239,22.3114,9.84885,35.6697,20.2455,10.4349,0,19.033,77.2351,0.401511,7
-2,198.593,5.62915,0.0757797,22.3171,8.82809,36.3061,20.2392,8.50732,0,19.0509,77.2336,0.405425,7
1,198.593,5.62915,0.0757797,22.3171,8.82809,36.3061,20.2392,8.50732,0,19.0509,77.2336,0.405425,7
0,211.728,5.72418,0.0804101,22.9719,11.6664,35.8312,20.2255,18.2921,0,19.3054,77.2314,0.39997,7
-1,211.728,5.72418,0.0804101,22.9719,11.6664,35.8312,20.2255,18.2921,0,19.3054,77.2314,0.39997,7
-2,206.16,5.72174,0.074375,23.1769,9.36346,36.6273,20.3627,13.7334,0,19.4436,77.2567,0.400034,7
1,206.16,5.72174,0.074375,23.1769,9.36346,36.6273,20.3627,13.7334,0,19.4436,77.2567,0.400034,7
0,227.834,5.695,0.0803943,23.6298,13.598,35.9963,20.2126,31.4181,0,19.5761,77.2291,0.398612,7
-1,227.834,5.695,0.0803943,23.6298,13.598,35.9963,20.2126,31.4181,0,19.5761,77.2291,0.398612,7
-2,216.526,5.77721,0.07205,24.0349,9.73744,36.9399,20.4838,21.9686,0,19.837,77.2794,0.395503,7
1,216.526,5.77721,0.07205,24.0349,9.73744,36.9399,20.4838,21.9686,0,19.837,77.2794,0.395503,7
-1,216.526,5.77721,0.07205,24.0349,9.73744,36.9399,20.4838,21.9686,0,19.837,77.2794,0.395503,4.9
-2,210.054,5.81991,0.0676939,23.9639,8.36598,37.9094,20.4033,16.0255,0,19.8393,77.2635,0.395408,4.9
2,210.054,5.81991,0.0676939,23.9639,8.36598,37.9094,20.4033,16.0255,0,19.8393,77.2635,0.395408,4.9
0,234.668,5.82312,0.0723143,24.732,11.1555,37.1047,20.4769,37.5022,0,20.1291,77.2781,0.394374,4.9
-1,234.668,5.82312,0.0723143,24.732,11.1555,37.1047,20.4769,37.5022,0,20.1291,77.2781,0.394374,7
-2,222.084,6.1742,0.067714,24.8561,8.49979,38.106,20.5875,25.8498,0,20.2538,77.2981,0.390784,7
1,222.084,6.1742,0.067714,24.8561,8.49979,38.106,20.5875,25.8498,0,20.2538,77.2981,0.390784,7
-1,222.084,6.1742,0.067714,24.8561,8.49979,38.106,20.5875,25.8498,0,20.2538,77.2981,0.390784,4.9
-2,214.008,5.67553,0.0613637,24.6239,7.71705,39.141,20.4214,18.5392,0,20.1724,77.2662,0.390204,4.9
2,214.008,5.67553,0.0613637,24.6239,7.71705,39.141,20.4214,18.5392,0,20.1724,77.2662,0.390204,4.9
-1,214.008,5.67553,0.0613637,24.6239,7.71705,39.141,20.4214,18.5392,0,20.1724,77.2662,0.390204,3.43
-2,208.94,5.53367,0.0621671,24.2158,7.44957,40.1823,20.1165,13.7964,0,19.9822,77.2082,0.392856,3.43
3,208.94,5.53367,0.0621671,24.2158,7.44957,40.1823,20.1165,13.7964,0,19.9822,77.2082,0.392856,3.43
0,229.522,5.64095,0.0615955,25.3639,8.63285,39.2994,20.4211,31.9588,0,20.4887,77.2661,0.389013,3.43
-1,229.522,5.64095,0.0615955,25.3639,8.63285,39.2994,20.4211,31.9588,0,20.4887,77.2661,0.389013,7
-2,219.363,5.73213,0.0601618,25.0914,7.44991,40.3025,20.3406,22.3567,0,20.3925,77.2503,0.386532,7
1,219.363,5.73213,0.0601618,25.0914,7.44991,40.3025,20.3406,22.3567,0,20.3925,77.2503,0.386532,7
-1,219.363,5.73213,0.0601618,25.0914,7.44991,40.3025,20.3406,22.3567,0,20.3925,77.2503,0.386532,4.9
-2,212.911,5.67157,0.0617157,24.6646,7.05638,41.3082,20.095,16.2674,0,20.1964,77.2037,0.386505,4.9
2,212.911,5.67157,0.0617157,24.6646,7.05638,41.3082,20.095,16.2674,0,20.1964,77.2037,0.386505,4.9
-1,212.911,5.67157,0.0617157,24.6646,7.05638,41.3082,20.095,16.2674,0,20.1964,77.2037,0.386505,3.43
-2,208.705,5.66131,0.0664489,24.1606,6.9667,42.3083,19.7405,12.3246,0,19.9492,77.1365,0.390554,3.43
3,208.705,5.66131,0.0664489,24.1606,6.9667,42.3083,19.7405,12.3246,0,19.9492,77.1365,0.390554,3.43
-1,208.705,5.66131,0.0664489,24.1606,6.9667,42.3083,19.7405,12.3246,0,19.9492,77.1365,0.390554,2.401
-2,206.601,5.97239,0.0704732,23.717,7.28603,43.2552,19.3901,9.72062,0,19.7235,77.0704,0.395365,2.401
4,206.601,5.97239,0.0704732,23.717,7.28603,43.2552,19.3901,9.72062,0,19.7235,77.0704,0.395365,2.401
-1,206.601,5.97239,0.0704732,23.717,7.28603,43.2552,19.3901,9.72062,0,19.7235,77.0704,0.395365,1.6807
-2,204.871,5.70597,0.0743583,23.3947,7.4922,44.1836,19.1019,7.94579,0,19.5522,77.0162,0.403945,1.6807
5,204.871,5.70597,0.0743583,23.3947,7.4922,44.1836,19.1019,7.94579,0,19.5522,77.0162,0.403945,1.6807
-1,204.871,5.70597,0.0743583,23.3947,7.4922,44.1836,19.1019,7.94579,0,19.5522,77.0162,0.403945,1.17649
-2,203.923,5.73207,0.0791171,23.1441,7.58358,45.0555,18.8541,6.67705,0,19.4151,76.9697,0.412233,1.17649
6,203.923,5.73207,0.0791171,23.1441,7.58358,45.0555,18.8541,6.67705,0,19.4151,76.9697,0.412233,1.17649
0,211.666,5.74728,0.0795701,23.8538,8.91002,45.1948,18.8561,11.9318,0,19.7141,76.97,0.40867,0.823543
-1,211.666,5.74728,0.0795701,23.8538,8.91002,45.1948,18.8561,11.9318,0,19.7141,76.97,0.40867,7
-2,208.255,5.24041,0.0727583,23.7552,7.78877,45.9065,18.8409,9.59447,0,19.6789,76.967,0.409974,7
1,208.255,5.24041,0.0727583,23.7552,7.78877,45.9065,18.8409,9.59447,0,19.6789,76.967,0.409974,7
-1,208.255,5.24041,0.0727583,23.7552,7.78877,45.9065,18.8409,9.59447,0,19.6789,76.967,0.409974,4.9
-2,206.684,5.3711,0.0777029,23.4701,7.71902,46.631,18.6723,7.85342,0,19.54,76.9352,0.41429,4.9
2,206.684,5.3711,0.0777029,23.4701,7.71902,46.631,18.6723,7.85342,0,19.54,76.9352,0.41429,4.9
0,218.222,5.22918,0.0728897,24.467,9.19225,46.0472,18.8383,17.0221,0,19.9791,76.9665,0.407389,4.9
-1,218.222,5.22918,0.0728897,24.467,9.19225,46.0472,18.8383,17.0221,0,19.9791,76.9665,0.407389,7
-2,214.069,5.68173,0.0772549,24.338,8.05988,46.894,18.8285,12.8753,0,19.9429,76.9642,0.406716,7
1,214.069,5.68173,0.0772549,24.338,8.05988,46.894,18.8285,12.8753,0,19.9429,76.9642,0.406716,7
0,233.435,5.24545,0.0728973,25.1751,10.7174,46.1915,18.8235,29.5641,0,20.2774,76.9638,0.40422,7
-1,233.435,5.24545,0.0728973,25.1751,10.7174,46.1915,18.8235,29.5641,0,20.2774,76.9638,0.40422,7
-2,224.166,5.73378,0.0687013,25.2134,8.45366,47.2218,18.9417,20.7958,0,20.3515,76.9853,0.400375,7
1,224.166,5.73378,0.0687013,25.2134,8.45366,47.2218,18.9417,20.7958,0,20.3515,76.9853,0.400375,7
-1,224.166,5.73378,0.0687013,25.2134,8.45366,47.2218,18.9417,20.7958,0,20.3515,76.9853,0.400375,4.9
-2,218.084,5.65328,0.0689083,24.9917,7.34839,48.2606,18.8523,15.2677,0,20.2723,76.9681,0.400359,4.9
2,218.084,5.65328,0.0689083,24.9917,7.34839,48.2606,18.8523,15.2677,0,20.2723,76.9681,0.400359,4.9
-1,218.084,5.65328,0.0689083,24.9917,7.34839,48.2606,18.8523,15.2677,0,20.2723,76.9681,0.400359,3.43
-2,214.218,5.52332,0.0659989,24.6274,6.98573,49.2556,18.6354,11.6911,0,20.1032,76.927,0.403258,3.43
3,214.218,5.52332,0.0659989,24.6274,6.98573,49.2556,18.6354,11.6911,0,20.1032,76.927,0.403258,3.43
-1,214.218,5.52332,0.0659989,24.6274,6.98573,49.2556,18.6354,11.6911,0,20.1032,76.927,0.403258,2.401
-2,211.941,5.64415,0.0715633,24.2515,6.92576,50.235,18.3786,9.233,0,19.9131,76.8788,0.409657,2.401
4,211.941,5.64415,0.0715633,24.2515,6.92576,50.235,18.3786,9.233,0,19.9131,76.8788,0.409657,2.401
-1,211.941,5.64415,0.0715633,24.2515,6.92576,50.235,18.3786,9.233,0,19.9131,76.8788,0.409657,1.6807
-2,210.385,5.58341,0.0752246,23.9431,6.91901,51.1312,18.1411,7.58932,0,19.7504,76.8343,0.417522,1.6807
5,210.385,5.58341,0.0752246,23.9431,6.91901,51.1312,18.1411,7.58932,0,19.7504,76.8343,0.417522,1.6807
-1,210.385,5.58341,0.0752246,23.9431,6.91901,51.1312,18.1411,7.58932,0,19.7504,76.8343,0.417522,1.17649
-2,209.227,5.2856,0.0738841,23.6661,7.0875,51.9797,17.9194,6.39726,0,19.5986,76.7929,0.426598,1.17649
6,209.227,5.2856,0.0738841,23.6661,7.0875,51.9797,17.9194,6.39726,0,19.5986,76.7929,0.426598,1.17649
-1,209.227,5.2856,0.0738841,23.6661,7.0875,51.9797,17.9194,6.39726,0,19.5986,76.7929,0.426598,0.823543
-2,208.677,5.36134,0.0808277,23.4258,7.14698,52.8162,17.7211,5.46879,0,19.4641,76.7559,0.435823,0.823543
7,208.677,5.36134,0.0808277,23.4258,7.14698,52.8162,17.7211,5.46879,0,19.4641,76.7559,0.435823,0.823543
0,215.653,5.43981,0.0816945,24.1247,8.62772,52.9467,17.6763,9.81924,0,19.7573,76.7477,0.431294,0.57648
-1,215.653,5.43981,0.0816945,24.1247,8.62772,52.9467,17.6763,9.81924,0,19.7573,76.7477,0.431294,7
-2,213.711,5.49671,0.0829221,24.0615,7.7476,53.6277,17.6736,8.10089,0,19.74,76.747,0.43332,7
1,213.711,5.49671,0.0829221,24.0615,7.7476,53.6277,17.6736,8.10089,0,19.74,76.747,0.43332,7
-1,213.711,5.49671,0.0829221,24.0615,7.7476,53.6277,17.6736,8.10089,0,19.74,76.747,0.43332,4.9
-2,212.337,5.30942,0.0801559,23.8912,7.49745,54.3025,17.5835,6.84304,0,19.6616,76.73,0.437873,4.9
2,212.337,5.30942,0.0801559,23.8912,7.49745,54.3025,17.5835,6.84304,0,19.6616,76.73,0.437873,4.9
-1,212.337,5.30942,0.0801559,23.8912,7.49745,54.3025,17.5835,6.84304,0,19.6616,76.73,0.437873,3.43
-2,211.394,5.34757,0.0828108,23.71,7.19878,54.9966,17.4641,5.86949,0,19.5712,76.7077,0.445783,3.43
3,211.394,5.34757,0.0828108,23.71,7.19878,54.9966,17.4641,5.86949,0,19.5712,76.7077,0.445783,3.43
0,218.751,5.42367,0.0835704,24.4073,8.77428,55.1243,17.3867,10.5516,0,19.8638,76.6935,0.442034,2.401
-1,218.751,5.42367,0.0835704,24.4073,8.77428,55.1243,17.3867,10.5516,0,19.8638,76.6935,0.442034,7
-2,216.729,5.5632,0.0847056,24.3701,7.85192,55.836,17.3927,8.62697,0,19.8655,76.6944,0.443807,7
1,216.729,5.5632,0.0847056,24.3701,7.85192,55.836,17.3927,8.62697,0,19.8655,76.6944,0.443807,7
0,229.842,5.54642,0.0836682,25.0998,10.6642,55.2561,17.2721,18.6563,0,20.154,76.6725,0.436938,7
-1,229.842,5.54642,0.0836682,25.0998,10.6642,55.2561,17.2721,18.6563,0,20.154,76.6725,0.436938,7
-2,223.844,5.2295,0.0738749,25.2112,8.34896,56.197,17.3836,14.0154,0,20.2568,76.6928,0.434967,7
1,223.844,5.2295,0.0738749,25.2112,8.34896,56.197,17.3836,14.0154,0,20.2568,76.6928,0.434967,7
-1,223.844,5.2295,0.0738749,25.2112,8.34896,56.197,17.3836,14.0154,0,20.2568,76.6928,0.434967,4.9
-2,220.435,5.52278,0.0764714,25.0245,7.21953,57.1285,17.3237,10.8319,0,20.1901,76.6813,0.436112,4.9
2,220.435,5.52278,0.0764714,25.0245,7.21953,57.1285,17.3237,10.8319,0,20.1901,76.6813,0.436112,4.9
0,237.05,5.30022,0.0737984,25.9234,9.9717,56.3299,17.2335,24.5629,0,20.5587,76.6652,0.430493,4.9
-1,237.05,5.30022,0.0737984,25.9234,9.9717,56.3299,17.2335,24.5629,0,20.5587,76.6652,0.430493,7
-2,229.393,5.48665,0.0737551,25.8568,7.90041,57.398,17.2908,17.7035,0,20.5799,76.6754,0.427628,7
1,229.393,5.48665,0.0737551,25.8568,7.90041,57.398,17.2908,17.7035,0,20.5799,76.6754,0.427628,7
-1,229.393,5.48665,0.0737551,25.8568,7.90041,57.398,17.2908,17.7035,0,20.5799,76.6754,0.427628,4.9
-2,224.346,5.29546,0.0686257,25.5687,6.9252,58.4089,17.2009,13.3235,0,20.4688,76.6583,0.427588,4.9
2,224.346,5.29546,0.0686257,25.5687,6.9252,58.4089,17.2009,13.3235,0,20.4688,76.6583,0.427588,4.9
0,244.792,5.52286,0.0737613,26.5845,9.25758,57.5302,17.1041,30.7635,0,20.8914,76.6411,0.423366,4.9
-1,244.792,5.52286,0.0737613,26.5845,9.25758,57.5302,17.1041,30.7635,0,20.8914,76.6411,0.423366,7
-2,234.575,5.34262,0.0664838,26.3971,7.39005,58.6754,17.1307,21.6478,0,20.8602,76.6455,0.419661,7
1,234.575,5.34262,0.0664838,26.3971,7.39005,58.6754,17.1307,21.6478,0,20.8602,76.6455,0.419661,7
-1,234.575,5.34262,0.0664838,26.3971,7.39005,58.6754,17.1307,21.6478,0,20.8602,76.6455,0.419661,4.9
-2,228.592,5.65867,0.0672175,25.9579,6.58155,59.7815,16.9921,15.8433,0,20.6711,76.6194,0.419166,4.9
2,228.592,5.65867,0.0672175,25.9579,6.58155,59.7815,16.9921,15.8433,0,20.6711,76.6194,0.419166,4.9
0,252.292,5.35544,0.0667558,27.1385,8.51099,58.8048,16.9074,37.3078,0,21.1806,76.6043,0.415732,4.9
-1,252.292,5.35544,0.0667558,27.1385,8.51099,58.8048,16.9074,37.3078,0,21.1806,76.6043,0.415732,7
-2,239.711,5.20809,0.0610398,26.7811,6.99433,60.0402,16.8826,25.6709,0,21.0621,76.5993,0.411597,7
1,239.711,5.20809,0.0610398,26.7811,6.99433,60.0402,16.8826,25.6709,0,21.0621,76.5993,0.411597,7
-1,239.711,5.20809,0.0610398,26.7811,6.99433,60.0402,16.8826,25.6709,0,21.0621,76.5993,0.411597,4.9
-2,231.952,5.26045,0.0586709,26.2353,6.29953,61.2374,16.7181,18.3443,0,20.819,76.5683,0.411262,4.9
2,231.952,5.26045,0.0586709,26.2353,6.29953,61.2374,16.7181,18.3443,0,20.819,76.5683,0.411262,4.9
-1,231.952,5.26045,0.0586709,26.2353,6.29953,61.2374,16.7181,18.3443,0,20.819,76.5683,0.411262,3.43
-2,227.283,5.56462,0.0653194,25.647,6.05055,62.3845,16.4804,13.6198,0,20.5324,76.524,0.414104,3.43
3,227.283,5.56462,0.0653194,25.647,6.05055,62.3845,16.4804,13.6198,0,20.5324,76.524,0.414104,3.43
0,247.371,5.28477,0.058884,26.986,7.28056,61.3585,16.4596,31.8668,0,21.1464,76.5206,0.408587,3.43
-1,247.371,5.28477,0.058884,26.986,7.28056,61.3585,16.4596,31.8668,0,21.1464,76.5206,0.408587,7
-2,237.238,5.34243,0.0593518,26.4353,6.40362,62.5807,16.3486,22.2522,0,20.9096,76.4997,0.406455,7
1,237.238,5.34243,0.0593518,26.4353,6.40362,62.5807,16.3486,22.2522,0,20.9096,76.4997,0.406455,7
-1,237.238,5.34243,0.0593518,26.4353,6.40362,62.5807,16.3486,22.2522,0,20.9096,76.4997,0.406455,4.9
-2,231.109,5.5926,0.0611487,25.8274,6.04504,63.7256,16.1476,16.2156,0,20.6238,76.4622,0.407802,4.9
2,231.109,5.5926,0.0611487,25.8274,6.04504,63.7256,16.1476,16.2156,0,20.6238,76.4622,0.407802,4.9
-1,231.109,5.5926,0.0611487,25.8274,6.04504,63.7256,16.1476,16.2156,0,20.6238,76.4622,0.407802,3.43
-2,227.222,5.74133,0.0665862,25.2612,5.95276,64.7944,15.9138,12.3186,0,20.3432,76.4186,0.411734,3.43
3,227.222,5.74133,0.0665862,25.2612,5.95276,64.7944,15.9138,12.3186,0,20.3432,76.4186,0.411734,3.43
0,245.112,5.63026,0.0612423,26.5681,7.0668,63.8373,15.8567,28.3307,0,20.947,76.4083,0.405439,3.43
-1,245.112,5.63026,0.0612423,26.5681,7.0668,63.8373,15.8567,28.3307,0,20.947,76.4083,0.405439,7
-2,236.283,5.33342,0.0592008,26.0295,6.44567,65.0126,15.7452,20.1541,0,20.7119,76.3875,0.404162,7
1,236.283,5.33342,0.0592008,26.0295,6.44567,65.0126,15.7452,20.1541,0,20.7119,76.3875,0.404162,7
-1,236.283,5.33342,0.0592008,26.0295,6.44567,65.0126,15.7452,20.1541,0,20.7119,76.3875,0.404162,4.9
-2,230.826,5.42621,0.0599159,25.4448,6.11091,66.1135,15.559,14.9167,0,20.4359,76.3527,0.406174,4.9
2,230.826,5.42621,0.0599159,25.4448,6.11091,66.1135,15.559,14.9167,0,20.4359,76.3527,0.406174,4.9
0,252.809,5.34272,0.059536,26.7611,7.42119,65.1176,15.4336,34.9101,0,21.032,76.3298,0.401607,4.9
-1,252.809,5.34272,0.059536,26.7611,7.42119,65.1176,15.4336,34.9101,0,21.032,76.3298,0.401607,7
-2,241.831,5.6843,0.0591053,26.2196,6.37075,66.3904,15.3564,24.2286,0,20.8074,76.3153,0.39948,7
1,241.831,5.6843,0.0591053,26.2196,6.37075,66.3904,15.3564,24.2286,0,20.8074,76.3153,0.39948,7
-1,241.831,5.6843,0.0591053,26.2196,6.37075,66.3904,15.3564,24.2286,0,20.8074,76.3153,0.39948,4.9
-2,234.841,5.63579,0.0604339,25.6086,6.0509,67.5967,15.1693,17.5156,0,20.5216,76.2804,0.401269,4.9
2,234.841,5.63579,0.0604339,25.6086,6.0509,67.5967,15.1693,17.5156,0,20.5216,76.2804,0.401269,4.9
-1,234.841,5.63579,0.0604339,25.6086,6.0509,67.5967,15.1693,17.5156,0,20.5216,76.2804,0.401269,3.43
-2,230.627,5.7218,0.0649115,25.0487,6.05227,68.709,14.9549,13.1811,0,20.2473,76.2405,0.406471,3.43
3,230.627,5.7218,0.0649115,25.0487,6.05227,68.709,14.9549,13.1811,0,20.2473,76.2405,0.406471,3.43
0,249.594,5.65488,0.0606642,26.3301,7.03311,67.6901,14.8452,30.5211,0,20.8384,76.2204,0.399507,3.43
-1,249.594,5.65488,0.0606642,26.3301,7.03311,67.6901,14.8452,30.5211,0,20.8384,76.2204,0.399507,7
-2,240.288,5.67051,0.0581625,25.7743,6.36865,68.9319,14.7482,21.5362,0,20.5981,76.2023,0.399131,7
1,240.288,5.67051,0.0581625,25.7743,6.36865,68.9319,14.7482,21.5362,0,20.5981,76.2023,0.399131,7
-1,240.288,5.67051,0.0581625,25.7743,6.36865,68.9319,14.7482,21.5362,0,20.5981,76.2023,0.399131,4.9
-2,234.201,5.44208,0.0592101,25.1971,6.12397,70.1035,14.5674,15.8131,0,20.3237,76.1687,0.402471,4.9
2,234.201,5.44208,0.0592101,25.1971,6.12397,70.1035,14.5674,15.8131,0,20.3237,76.1687,0.402471,4.9
-1,234.201,5.44208,0.0592101,25.1971,6.12397,70.1035,14.5674,15.8131,0,20.3237,76.1687,0.402471,3.43
-2,230.173,5.34177,0.0602898,24.6809,5.87319,71.1661,14.3771,12.0613,0,20.0709,76.1334,0.408219,3.43
3,230.173,5.34177,0.0602898,24.6809,5.87319,71.1661,14.3771,12.0613,0,20.0709,76.1334,0.408219,3.43
0,247.812,5.4684,0.0593605,25.9007,7.14849,70.1858,14.2389,27.6688,0,20.633,76.1079,0.400831,3.43
-1,247.812,5.4684,0.0593605,25.9007,7.14849,70.1858,14.2389,27.6688,0,20.633,76.1079,0.400831,7
-2,239.679,5.6328,0.0589735,25.3797,6.38523,71.4046,14.1639,19.7492,0,20.4097,76.094,0.400937,7
1,239.679,5.6328,0.0589735,25.3797,6.38523,71.4046,14.1639,19.7492,0,20.4097,76.094,0.400937,7
-1,239.679,5.6328,0.0589735,25.3797,6.38523,71.4046,14.1639,19.7492,0,20.4097,76.094,0.400937,4.9
-2,234.347,5.56743,0.0613877,24.8384,6.01839,72.5284,13.9977,14.7131,0,20.1541,76.0631,0.404925,4.9
2,234.347,5.56743,0.0613877,24.8384,6.01839,72.5284,13.9977,14.7131,0,20.1541,76.0631,0.404925,4.9
0,255.815,5.6251,0.0593403,26.07,7.33186,71.4783,13.8493,34.2523,0,20.7144,76.0357,0.399022,4.9
-1,255.815,5.6251,0.0593403,26.07,7.33186,71.4783,13.8493,34.2523,0,20.7144,76.0357,0.399022,7
-2,244.935,5.54122,0.0596979,25.5437,6.38529,72.8115,13.7919,23.8817,0,20.4963,76.0252,0.398454,7
1,244.935,5.54122,0.0596979,25.5437,6.38529,72.8115,13.7919,23.8817,0,20.4963,76.0252,0.398454,7
-1,244.935,5.54122,0.0596979,25.5437,6.38529,72.8115,13.7919,23.8817,0,20.4963,76.0252,0.398454,4.9
-2,238.251,5.51513,0.0594704,24.954,6.09995,74.0278,13.6248,17.3517,0,20.2227,75.9941,0.401483,4.9
2,238.251,5.51513,0.0594704,24.954,6.09995,74.0278,13.6248,17.3517,0,20.2227,75.9941,0.401483,4.9
-1,238.251,5.51513,0.0594704,24.954,6.09995,74.0278,13.6248,17.3517,0,20.2227,75.9941,0.401483,3.43
-2,233.5,5.1789,0.0588798,24.4378,5.80463,75.1214,13.4413,13.1189,0,19.9708,75.96,0.407099,3.43
3,233.5,5.1789,0.0588798,24.4378,5.80463,75.1214,13.4413,13.1189,0,19.9708,75.96,0.407099,3.43
0,252.761,5.51146,0.0596782,25.6306,7.03501,74.0882,13.3336,30.2393,0,20.5229,75.9402,0.399782,3.43
-1,252.761,5.51146,0.0596782,25.6306,7.03501,74.0882,13.3336,30.2393,0,20.5229,75.9402,0.399782,7
-2,243.639,5.52443,0.0585765,25.0898,6.29693,75.3662,13.2688,21.4147,0,20.2917,75.9283,0.39967,7
1,243.639,5.52443,0.0585765,25.0898,6.29693,75.3662,13.2688,21.4147,0,20.2917,75.9283,0.39967,7
-1,243.639,5.52443,0.0585765,25.0898,6.29693,75.3662,13.2688,21.4147,0,20.2917,75.9283,0.39967,4.9
-2,237.672,5.37713,0.0580515,24.5301,5.93588,76.5392,13.1032,15.7996,0,20.0275,75.8975,0.40345,4.9
2,237.672,5.37713,0.0580515,24.5301,5.93588,76.5392,13.1032,15.7996,0,20.0275,75.8975,0.40345,4.9
0,260.899,5.58911,0.0591754,25.7515,7.21956,75.416,13.0122,36.9866,0,20.5868,75.8809,0.397417,4.9
-1,260.899,5.58911,0.0591754,25.7515,7.21956,75.416,13.0122,36.9866,0,20.5868,75.8809,0.397417,7
-2,249.263,5.67283,0.0592188,25.2152,6.2208,76.8095,12.969,25.6802,0,20.366,75.8731,0.396734,7
1,249.263,5.67283,0.0592188,25.2152,6.2208,76.8095,12.969,25.6802,0,20.366,75.8731,0.396734,7
-1,249.263,5.67283,0.0592188,25.2152,6.2208,76.8095,12.969,25.6802,0,20.366,75.8731,0.396734,4.9
-2,242.023,5.69743,0.0608121,24.6099,5.91239,78.0827,12.8113,18.5189,0,20.0856,75.8437,0.400138,4.9
2,242.023,5.69743,0.0608121,24.6099,5.91239,78.0827,12.8113,18.5189,0,20.0856,75.8437,0.400138,4.9
-1,242.023,5.69743,0.0608121,24.6099,5.91239,78.0827,12.8113,18.5189,0,20.0856,75.8437,0.400138,3.43
-2,237.181,5.51633,0.0625627,24.0924,5.67375,79.1957,12.6153,13.9782,0,19.8326,75.8072,0.406724,3.43
3,237.181,5.51633,0.0625627,24.0924,5.67375,79.1957,12.6153,13.9782,0,19.8326,75.8072,0.406724,3.43
0,257.184,5.661,0.0608405,25.2576,6.76374,78.1162,12.5942,32.1529,0,20.376,75.8037,0.398117,3.43
-1,257.184,5.661,0.0608405,25.2576,6.76374,78.1162,12.5942,32.1529,0,20.376,75.8037,0.398117,7
-2,247.569,5.59297,0.0571825,24.6978,6.19851,79.4425,12.527,22.7273,0,20.1361,75.7914,0.398502,7
1,247.569,5.59297,0.0571825,24.6978,6.19851,79.4425,12.527,22.7273,0,20.1361,75.7914,0.398502,7
-1,247.569,5.59297,0.0571825,24.6978,6.19851,79.4425,12.527,22.7273,0,20.1361,75.7914,0.398502,4.9
-2,241.231,5.66418,0.0586261,24.129,5.64318,80.6747,12.3746,16.6513,0,19.8692,75.7631,0.402788,4.9
2,241.231,5.66418,0.0586261,24.129,5.64318,80.6747,12.3746,16.6513,0,19.8692,75.7631,0.402788,4.9
0,265.548,5.61151,0.057552,25.3314,7.05156,79.463,12.3528,39.103,0,20.4217,75.7593,0.396583,4.9
-1,265.548,5.61151,0.057552,25.3314,7.05156,79.463,12.3528,39.103,0,20.4217,75.7593,0.396583,7
-2,253.216,5.74676,0.0583617,24.7724,6.02929,80.9326,12.3313,27.001,0,20.1919,75.7556,0.396412,7
1,253.216,5.74676,0.0583617,24.7724,6.02929,80.9326,12.3313,27.001,0,20.1919,75.7556,0.396412,7
-1,253.216,5.74676,0.0583617,24.7724,6.02929,80.9326,12.3313,27.001,0,20.1919,75.7556,0.396412,4.9
-2,245.432,5.66316,0.0593913,24.1717,5.67943,82.2552,12.1866,19.3729,0,19.9146,75.7287,0.400313,4.9
2,245.432,5.66316,0.0593913,24.1717,5.67943,82.2552,12.1866,19.3729,0,19.9146,75.7287,0.400313,4.9
-1,245.432,5.66316,0.0593913,24.1717,5.67943,82.2552,12.1866,19.3729,0,19.9146,75.7287,0.400313,3.43
-2,240.554,5.66794,0.0623289,23.6559,5.47651,83.4025,11.9837,14.5452,0,19.6614,75.6908,0.4075,3.43
3,240.554,5.66794,0.0623289,23.6559,5.47651,83.4025,11.9837,14.5452,0,19.6614,75.6908,0.4075,3.43
-1,240.554,5.66794,0.0623289,23.6559,5.47651,83.4025,11.9837,14.5452,0,19.6614,75.6908,0.4075,2.401
-2,237.77,5.92991,0.06641,23.261,5.46912,84.3855,11.7781,11.3547,0,19.457,75.6525,0.416202,2.401
4,237.77,5.92991,0.06641,23.261,5.46912,84.3855,11.7781,11.3547,0,19.457,75.6525,0.416202,2.401
-1,237.77,5.92991,0.06641,23.261,5.46912,84.3855,11.7781,11.3547,0,19.457,75.6525,0.416202,1.6807
-2,235.406,5.54504,0.0653924,23.0232,5.36398,85.2091,11.5957,9.23679,0,19.3222,75.6184,0.4259,1.6807
5,235.406,5.54504,0.0653924,23.0232,5.36398,85.2091,11.5957,9.23679,0,19.3222,75.6184,0.4259,1.6807
-1,235.406,5.54504,0.0653924,23.0232,5.36398,85.2091,11.5957,9.23679,0,19.3222,75.6184,0.4259,1.17649
-2,233.897,5.37373,0.069569,22.8448,5.30707,85.9404,11.4133,7.71776,0,19.2108,75.5844,0.435213,1.17649
6,233.897,5.37373,0.069569,22.8448,5.30707,85.9404,11.4133,7.71776,0,19.2108,75.5844,0.435213,1.17649
-1,233.897,5.37373,0.069569,22.8448,5.30707,85.9404,11.4133,7.71776,0,19.2108,75.5844,0.435213,0.823543
-2,233.236,5.42419,0.0728887,22.7525,5.4245,86.5567,11.2544,6.61431,0,19.1394,75.5548,0.442489,0.823543
7,233.236,5.42419,0.0728887,22.7525,5.4245,86.5567,11.2544,6.61431,0,19.1394,75.5548,0.442489,0.823543
0,240.511,5.50827,0.0733198,23.317,6.93194,86.5908,11.0942,11.6417,0,19.3886,75.5254,0.439632,0.57648
-1,240.511,5.50827,0.0733198,23.317,6.93194,86.5908,11.0942,11.6417,0,19.3886,75.5254,0.439632,7
-2,238.167,5.46498,0.0714162,23.1921,6.1037,87.3678,11.0849,9.57513,0,19.3416,75.5236,0.442054,7
1,238.167,5.46498,0.0714162,23.1921,6.1037,87.3678,11.0849,9.57513,0,19.3416,75.5236,0.442054,7
-1,238.167,5.46498,0.0714162,23.1921,6.1037,87.3678,11.0849,9.57513,0,19.3416,75.5236,0.442054,4.9
-2,236.734,5.45656,0.0709094,23.0269,5.80474,88.0783,11.0221,8.05149,0,19.2632,75.512,0.447396,4.9
2,236.734,5.45656,0.0709094,23.0269,5.80474,88.0783,11.0221,8.05149,0,19.2632,75.512,0.447396,4.9
-1,236.734,5.45656,0.0709094,23.0269,5.80474,88.0783,11.0221,8.05149,0,19.2632,75.512,0.447396,3.43
-2,236.003,5.60541,0.0750445,22.9,5.69751,88.7314,10.9449,6.90043,0,19.1957,75.4976,0.455381,3.43
3,236.003,5.60541,0.0750445,22.9,5.69751,88.7314,10.9449,6.90043,0,19.1957,75.4976,0.455381,3.43
0,243.59,5.67613,0.0753224,23.4466,7.30781,88.7595,10.8294,12.128,0,19.4379,75.4764,0.452687,2.401
-1,243.59,5.67613,0.0753224,23.4466,7.30781,88.7595,10.8294,12.128,0,19.4379,75.4764,0.452687,7
-2,240.794,5.48956,0.0712575,23.3669,6.13169,89.5637,10.8611,9.95104,0,19.4218,75.4823,0.455196,7
1,240.794,5.48956,0.0712575,23.3669,6.13169,89.5637,10.8611,9.95104,0,19.4218,75.4823,0.455196,7
-1,240.794,5.48956,0.0712575,23.3669,6.13169,89.5637,10.8611,9.95104,0,19.4218,75.4823,0.455196,4.9
-2,239.222,5.45219,0.0718911,23.1913,5.797,90.3132,10.8048,8.31767,0,19.3421,75.4718,0.460245,4.9
2,239.222,5.45219,0.0718911,23.1913,5.797,90.3132,10.8048,8.31767,0,19.3421,75.4718,0.460245,4.9
-1,239.222,5.45219,0.0718911,23.1913,5.797,90.3132,10.8048,8.31767,0,19.3421,75.4718,0.460245,3.43
-2,238.359,5.67018,0.0759994,23.0592,5.53248,90.9755,10.7387,7.10494,0,19.2747,75.4595,0.467542,3.43
3,238.359,5.67018,0.0759994,23.0592,5.53248,90.9755,10.7387,7.10494,0,19.2747,75.4595,0.467542,3.43
0,246.117,5.72578,0.0760896,23.5976,7.1602,90.9971,10.6653,12.4703,0,19.5147,75.4461,0.464246,2.401
-1,246.117,5.72578,0.0760896,23.5976,7.1602,90.9971,10.6653,12.4703,0,19.5147,75.4461,0.464246,7
-2,243.684,5.65315,0.075881,23.4999,6.34387,91.817,10.6932,10.1927,0,19.4912,75.4513,0.466019,7
1,243.684,5.65315,0.075881,23.4999,6.34387,91.817,10.6932,10.1927,0,19.4912,75.4513,0.466019,7
-1,243.684,5.65315,0.075881,23.4999,6.34387,91.817,10.6932,10.1927,0,19.4912,75.4513,0.466019,4.9
-2,241.641,5.40663,0.0696208,23.3717,5.65551,92.5269,10.6801,8.57129,0,19.4396,75.4488,0.470795,4.9
2,241.641,5.40663,0.0696208,23.3717,5.65551,92.5269,10.6801,8.57129,0,19.4396,75.4488,0.470795,4.9
-1,241.641,5.40663,0.0696208,23.3717,5.65551,92.5269,10.6801,8.57129,0,19.4396,75.4488,0.470795,3.43
-2,240.625,5.71057,0.0736655,23.2118,5.25103,93.2148,10.6007,7.29469,0,19.3561,75.4341,0.477637,3.43
3,240.625,5.71057,0.0736655,23.2118,5.25103,93.2148,10.6007,7.29469,0,19.3561,75.4341,0.477637,3.43
-1,240.625,5.71057,0.0736655,23.2118,5.25103,93.2148,10.6007,7.29469,0,19.3561,75.4341,0.477637,2.401
-2,239.852,5.52583,0.0771576,23.1092,5.2786,93.8207,10.5045,6.34438,0,19.2902,75.4162,0.485571,2.401
4,239.852,5.52583,0.0771576,23.1092,5.2786,93.8207,10.5045,6.34438,0,19.2902,75.4162,0.485571,2.401
0,247.082,5.58497,0.0773293,23.6364,6.94519,93.8389,10.4632,11.1194,0,19.5259,75.4087,0.481704,1.6807
-1,247.082,5.58497,0.0773293,23.6364,6.94519,93.8389,10.4632,11.1194,0,19.5259,75.4087,0.481704,7
-2,245.447,5.89113,0.0809516,23.5718,6.13856,94.5906,10.4876,9.27646,0,19.5139,75.4132,0.483158,7
1,245.447,5.89113,0.0809516,23.5718,6.13856,94.5906,10.4876,9.27646,0,19.5139,75.4132,0.483158,7
-1,245.447,5.89113,0.0809516,23.5718,6.13856,94.5906,10.4876,9.27646,0,19.5139,75.4132,0.483158,4.9
-2,243.676,5.47882,0.0735911,23.5131,5.55226,95.2167,10.4812,7.96887,0,19.4916,75.412,0.487517,4.9
2,243.676,5.47882,0.0735911,23.5131,5.55226,95.2167,10.4812,7.96887,0,19.4916,75.412,0.487517,4.9
-1,243.676,5.47882,0.0735911,23.5131,5.55226,95.2167,10.4812,7.96887,0,19.4916,75.412,0.487517,3.43
-2,242.333,5.09257,0.0719726,23.4002,5.30191,95.8599,10.4157,6.86845,0,19.4288,75.3998,0.493699,3.43
3,242.333,5.09257,0.0719726,23.4002,5.30191,95.8599,10.4157,6.86845,0,19.4288,75.3998,0.493699,3.43
-1,242.333,5.09257,0.0719726,23.4002,5.30191,95.8599,10.4157,6.86845,0,19.4288,75.3998,0.493699,2.401
-2,241.575,4.93985,0.0728937,23.3185,5.19895,96.4355,10.3446,6.00144,0,19.3759,75.3866,0.500385,2.401
4,241.575,4.93985,0.0728937,23.3185,5.19895,96.4355,10.3446,6.00144,0,19.3759,75.3866,0.500385,2.401
0,248.551,4.99192,0.0730975,23.8382,6.89326,96.4482,10.3276,10.49,0,19.609,75.3835,0.496401,1.6807
-1,248.551,4.99192,0.0730975,23.8382,6.89326,96.4482,10.3276,10.49,0,19.609,75.3835,0.496401,7
-2,246.948,5.25082,0.0754774,23.7597,6.04692,97.1963,10.3552,8.78644,0,19.5919,75.3886,0.497071,7
1,246.948,5.25082,0.0754774,23.7597,6.04692,97.1963,10.3552,8.78644,0,19.5919,75.3886,0.497071,7
-1,246.948,5.25082,0.0754774,23.7597,6.04692,97.1963,10.3552,8.78644,0,19.5919,75.3886,0.497071,4.9
-2,245.897,5.51193,0.0770699,23.6866,5.44073,97.8175,10.3518,7.55913,0,19.5638,75.388,0.500641,4.9
2,245.897,5.51193,0.0770699,23.6866,5.44073,97.8175,10.3518,7.55913,0,19.5638,75.388,0.500641,4.9
-1,245.897,5.51193,0.0770699,23.6866,5.44073,97.8175,10.3518,7.55913,0,19.5638,75.388,0.500641,3.43
-2,245.18,5.55231,0.0749422,23.6156,5.22956,98.3776,10.3123,6.60758,0,19.5232,75.3807,0.505906,3.43
3,245.18,5.55231,0.0749422,23.6156,5.22956,98.3776,10.3123,6.60758,0,19.5232,75.3807,0.505906,3.43
0,252.566,5.56929,0.0749285,24.1368,6.93762,98.3785,10.3103,11.5182,0,19.7581,75.3803,0.501539,2.401
-1,252.566,5.56929,0.0749285,24.1368,6.93762,98.3785,10.3103,11.5182,0,19.7581,75.3803,0.501539,7
-2,250.327,5.58352,0.0755371,24.0493,5.91914,99.1887,10.3411,9.54363,0,19.7385,75.386,0.502037,7
1,250.327,5.58352,0.0755371,24.0493,5.91914,99.1887,10.3411,9.54363,0,19.7385,75.386,0.502037,7
-1,250.327,5.58352,0.0755371,24.0493,5.91914,99.1887,10.3411,9.54363,0,19.7385,75.386,0.502037,4.9
-2,249.24,5.80356,0.0782375,23.9194,5.5544,99.8845,10.3245,8.1048,0,19.6831,75.3829,0.504978,4.9
2,249.24,5.80356,0.0782375,23.9194,5.5544,99.8845,10.3245,8.1048,0,19.6831,75.3829,0.504978,4.9
-1,249.24,5.80356,0.0782375,23.9194,5.5544,99.8845,10.3245,8.1048,0,19.6831,75.3829,0.504978,3.43
-2,248.08,5.65847,0.0757038,23.8521,5.12501,100.47,10.2977,7.06592,0,19.6459,75.378,0.510653,3.43
3,248.08,5.65847,0.0757038,23.8521,5.12501,100.47,10.2977,7.06592,0,19.6459,75.378,0.510653,3.43
-1,248.08,5.65847,0.0757038,23.8521,5.12501,100.47,10.2977,7.06592,0,19.6459,75.378,0.510653,2.401
-2,247.088,5.22128,0.0763978,23.7853,5.04676,101.035,10.2378,6.20363,0,19.5976,75.3669,0.516827,2.401
4,247.088,5.22128,0.0763978,23.7853,5.04676,101.035,10.2378,6.20363,0,19.5976,75.3669,0.516827,2.401
0,254.13,5.2227,0.0764484,24.3069,6.75646,101.028,10.2401,10.7864,0,19.8332,75.3673,0.51277,1.6807
-1,254.13,5.2227,0.0764484,24.3069,6.75646,101.028,10.2401,10.7864,0,19.8332,75.3673,0.51277,7
-2,252.435,5.46987,0.0781701,24.219,5.87031,101.781,10.2658,9.0536,0,19.8125,75.3721,0.512864,7
1,252.435,5.46987,0.0781701,24.219,5.87031,101.781,10.2658,9.0536,0,19.8125,75.3721,0.512864,7
-1,252.435,5.46987,0.0781701,24.219,5.87031,101.781,10.2658,9.0536,0,19.8125,75.3721,0.512864,4.9
-2,251.267,5.4329,0.0786136,24.1285,5.50209,102.419,10.259,7.78461,0,19.7752,75.3708,0.515449,4.9
2,251.267,5.4329,0.0786136,24.1285,5.50209,102.419,10.259,7.78461,0,19.7752,75.3708,0.515449,4.9
-1,251.267,5.4329,0.0786136,24.1285,5.50209,102.419,10.259,7.78461,0,19.7752,75.3708,0.515449,3.43
-2,250.532,5.54109,0.0780567,24.0706,5.19138,102.98,10.2346,6.80715,0,19.7427,75.3663,0.520053,3.43
3,250.532,5.54109,0.0780567,24.0706,5.19138,102.98,10.2346,6.80715,0,19.7427,75.3663,0.520053,3.43
0,258.046,5.60799,0.0781949,24.6001,6.90414,102.959,10.2311,11.8022,0,19.9827,75.3657,0.515338,2.401
-1,258.046,5.60799,0.0781949,24.6001,6.90414,102.959,10.2311,11.8022,0,19.9827,75.3657,0.515338,7
-2,255.742,5.53904,0.0752125,24.5008,5.94326,103.764,10.2692,9.80195,0,19.9604,75.3727,0.515191,7
1,255.742,5.53904,0.0752125,24.5008,5.94326,103.764,10.2692,9.80195,0,19.9604,75.3727,0.515191,7
-1,255.742,5.53904,0.0752125,24.5008,5.94326,103.764,10.2692,9.80195,0,19.9604,75.3727,0.515191,4.9
-2,254.367,5.63463,0.0761352,24.3808,5.43993,104.479,10.2574,8.30146,0,19.9098,75.3705,0.517447,4.9
2,254.367,5.63463,0.0761352,24.3808,5.43993,104.479,10.2574,8.30146,0,19.9098,75.3705,0.517447,4.9
-1,254.367,5.63463,0.0761352,24.3808,5.43993,104.479,10.2574,8.30146,0,19.9098,75.3705,0.517447,3.43
-2,253.313,5.57793,0.0790091,24.2894,5.10554,105.091,10.2244,7.19972,0,19.8591,75.3644,0.522139,3.43
3,253.313,5.57793,0.0790091,24.2894,5.10554,105.091,10.2244,7.19972,0,19.8591,75.3644,0.522139,3.43
-1,253.313,5.57793,0.0790091,24.2894,5.10554,105.091,10.2244,7.19972,0,19.8591,75.3644,0.522139,2.401
-2,252.663,5.48414,0.0775082,24.2355,5.02176,105.606,10.1814,6.35447,0,19.8185,75.3565,0.527383,2.401
4,252.663,5.48414,0.0775082,24.2355,5.02176,105.606,10.1814,6.35447,0,19.8185,75.3565,0.527383,2.401
0,259.763,5.54374,0.0776888,24.7712,6.70545,105.572,10.1635,10.9924,0,20.0614,75.3533,0.522296,1.6807
-1,259.763,5.54374,0.0776888,24.7712,6.70545,105.572,10.1635,10.9924,0,20.0614,75.3533,0.522296,7
-2,257.866,5.58969,0.0784219,24.6817,5.82973,106.34,10.1907,9.23641,0,20.0389,75.3583,0.522083,7
1,257.866,5.58969,0.0784219,24.6817,5.82973,106.34,10.1907,9.23641,0,20.0389,75.3583,0.522083,7
-1,257.866,5.58969,0.0784219,24.6817,5.82973,106.34,10.1907,9.23641,0,20.0389,75.3583,0.522083,4.9
-2,256.863,5.78381,0.0796272,24.5851,5.42022,106.988,10.1888,7.93773,0,19.9985,75.3579,0.524182,4.9
2,256.863,5.78381,0.0796272,24.5851,5.42022,106.988,10.1888,7.93773,0,19.9985,75.3579,0.524182,4.9
-1,256.863,5.78381,0.0796272,24.5851,5.42022,106.988,10.1888,7.93773,0,19.9985,75.3579,0.524182,3.43
-2,256.125,5.83078,0.0844947,24.5476,5.12774,107.541,10.1696,6.96783,0,19.9727,75.3544,0.528537,3.43
3,256.125,5.83078,0.0844947,24.5476,5.12774,107.541,10.1696,6.96783,0,19.9727,75.3544,0.528537,3.43
0,263.548,5.85622,0.0845297,25.0946,6.78064,107.49,10.131,12.0208,0,20.221,75.3473,0.522555,2.401
-1,263.548,5.85622,0.0845297,25.0946,6.78064,107.49,10.131,12.0208,0,20.221,75.3473,0.522555,7
-2,260.985,5.54883,0.0752898,25.005,5.77927,108.255,10.1778,10.0614,0,20.2052,75.356,0.521578,7
1,260.985,5.54883,0.0752898,25.005,5.77927,108.255,10.1778,10.0614,0,20.2052,75.356,0.521578,7
-1,260.985,5.54883,0.0752898,25.005,5.77927,108.255,10.1778,10.0614,0,20.2052,75.356,0.521578,4.9
-2,259.389,5.4968,0.0761422,24.8489,5.31101,109.001,10.1518,8.49652,0,20.1335,75.3512,0.522905,4.9
2,259.389,5.4968,0.0761422,24.8489,5.31101,109.001,10.1518,8.49652,0,20.1335,75.3512,0.522905,4.9
-1,259.389,5.4968,0.0761422,24.8489,5.31101,109.001,10.1518,8.49652,0,20.1335,75.3512,0.522905,3.43
-2,258.481,5.50828,0.0807882,24.7345,5.13065,109.623,10.1166,7.3453,0,20.0712,75.3447,0.525963,3.43
3,258.481,5.50828,0.0807882,24.7345,5.13065,109.623,10.1166,7.3453,0,20.0712,75.3447,0.525963,3.43
0,266.042,5.49938,0.0807504,25.2944,6.74501,109.548,10.0529,12.6436,0,20.3252,75.333,0.5197,2.401
-1,266.042,5.49938,0.0807504,25.2944,6.74501,109.548,10.0529,12.6436,0,20.3252,75.333,0.5197,7
-2,263.281,5.23544,0.0722174,25.1529,5.74479,110.37,10.0929,10.4675,0,20.2866,75.3404,0.517962,7
1,263.281,5.23544,0.0722174,25.1529,5.74479,110.37,10.0929,10.4675,0,20.2866,75.3404,0.517962,7
-1,263.281,5.23544,0.0722174,25.1529,5.74479,110.37,10.0929,10.4675,0,20.2866,75.3404,0.517962,4.9
-2,261.764,5.46304,0.0776638,24.9535,5.23731,111.155,10.063,8.76528,0,20.1954,75.3349,0.518589,4.9
2,261.764,5.46304,0.0776638,24.9535,5.23731,111.155,10.063,8.76528,0,20.1954,75.3349,0.518589,4.9
0,272.914,5.23567,0.0720604,25.7281,7.36782,110.269,10.0023,17.8588,0,20.5473,75.3238,0.509698,4.9
-1,272.914,5.23567,0.0720604,25.7281,7.36782,110.269,10.0023,17.8588,0,20.5473,75.3238,0.509698,7
-2,269.034,5.61441,0.0765485,25.4497,6.21117,111.414,10.0406,13.9328,0,20.4573,75.3308,0.505913,7
1,269.034,5.61441,0.0765485,25.4497,6.21117,111.414,10.0406,13.9328,0,20.4573,75.3308,0.505913,7
-1,269.034,5.61441,0.0765485,25.4497,6.21117,111.414,10.0406,13.9328,0,20.4573,75.3308,0.505913,4.9
-2,266.04,5.48615,0.0709551,25.2064,5.40448,112.338,10.0617,11.2716,0,20.3615,75.3347,0.504733,4.9
2,266.04,5.48615,0.0709551,25.2064,5.40448,112.338,10.0617,11.2716,0,20.3615,75.3347,0.504733,4.9
-1,266.04,5.48615,0.0709551,25.2064,5.40448,112.338,10.0617,11.2716,0,20.3615,75.3347,0.504733,3.43
-2,264.197,5.4666,0.0754809,24.9857,5.09768,113.18,10.0094,9.30168,0,20.2491,75.3251,0.50594,3.43
3,264.197,5.4666,0.0754809,24.9857,5.09768,113.18,10.0094,9.30168,0,20.2491,75.3251,0.50594,3.43
-1,264.197,5.4666,0.0754809,24.9857,5.09768,113.18,10.0094,9.30168,0,20.2491,75.3251,0.50594,2.401
-2,263.069,5.48305,0.079402,24.8714,4.90086,113.831,9.96472,7.93323,0,20.1806,75.3169,0.507928,2.401
4,263.069,5.48305,0.079402,24.8714,4.90086,113.831,9.96472,7.93323,0,20.1806,75.3169,0.507928,2.401
-1,263.069,5.48305,0.079402,24.8714,4.90086,113.831,9.96472,7.93323,0,20.1806,75.3169,0.507928,1.6807
-2,262.285,5.36575,0.0777082,24.8493,4.82186,114.319,9.92225,6.95947,0,20.1496,75.3091,0.510383,1.6807
5,262.285,5.36575,0.0777082,24.8493,4.82186,114.319,9.92225,6.95947,0,20.1496,75.3091,0.510383,1.6807
0,269.378,5.40332,0.0777543,25.4382,6.34056,114.185,9.80339,11.9216,0,20.4157,75.2873,0.505471,1.17649
-1,269.378,5.40332,0.0777543,25.4382,6.34056,114.185,9.80339,11.9216,0,20.4157,75.2873,0.505471,7
-2,267.089,5.26062,0.0744667,25.2876,5.55316,114.988,9.81567,9.95316,0,20.3626,75.2895,0.504084,7
1,267.089,5.26062,0.0744667,25.2876,5.55316,114.988,9.81567,9.95316,0,20.3626,75.2895,0.504084,7
-1,267.089,5.26062,0.0744667,25.2876,5.55316,114.988,9.81567,9.95316,0,20.3626,75.2895,0.504084,4.9
-2,265.839,5.4799,0.0794214,25.1213,5.1308,115.702,9.79309,8.45735,0,20.2847,75.2854,0.50473,4.9
2,265.839,5.4799,0.0794214,25.1213,5.1308,115.702,9.79309,8.45735,0,20.2847,75.2854,0.50473,4.9
-1,265.839,5.4799,0.0794214,25.1213,5.1308,115.702,9.79309,8.45735,0,20.2847,75.2854,0.50473,3.43
-2,264.989,5.43744,0.080011,25.0411,4.99679,116.259,9.76552,7.38475,0,20.2373,75.2803,0.506932,3.43
3,264.989,5.43744,0.080011,25.0411,4.99679,116.259,9.76552,7.38475,0,20.2373,75.2803,0.506932,3.43
0,272.276,5.44148,0.080013,25.642,6.51643,116.095,9.62165,12.6166,0,20.5078,75.2539,0.500907,2.401
-1,272.276,5.44148,0.080013,25.642,6.51643,116.095,9.62165,12.6166,0,20.5078,75.2539,0.500907,7
-2,269.862,5.32697,0.0775888,25.4874,5.66333,116.911,9.65714,10.5187,0,20.4603,75.2604,0.498927,7
1,269.862,5.32697,0.0775888,25.4874,5.66333,116.911,9.65714,10.5187,0,20.4603,75.2604,0.498927,7
-1,269.862,5.32697,0.0775888,25.4874,5.66333,116.911,9.65714,10.5187,0,20.4603,75.2604,0.498927,4.9
-2,268.229,5.27162,0.0765227,25.3256,5.20135,117.622,9.65849,8.92312,0,20.3907,75.2607,0.49917,4.9
2,268.229,5.27162,0.0765227,25.3256,5.20135,117.622,9.65849,8.92312,0,20.3907,75.2607,0.49917,4.9
-1,268.229,5.27162,0.0765227,25.3256,5.20135,117.622,9.65849,8.92312,0,20.3907,75.2607,0.49917,3.43
-2,267.308,5.43299,0.0796236,25.2179,4.91472,118.246,9.62554,7.70556,0,20.3301,75.2546,0.500951,3.43
3,267.308,5.43299,0.0796236,25.2179,4.91472,118.246,9.62554,7.70556,0,20.3301,75.2546,0.500951,3.43
0,274.788,5.49288,0.0795868,25.8355,6.41227,118.047,9.45771,13.1369,0,20.6073,75.2238,0.495198,2.401
-1,274.788,5.49288,0.0795868,25.8355,6.41227,118.047,9.45771,13.1369,0,20.6073,75.2238,0.495198,7
-2,272.266,5.40226,0.0788389,25.6541,5.55182,118.879,9.49229,10.9373,0,20.5476,75.2301,0.493245,7
1,272.266,5.40226,0.0788389,25.6541,5.55182,118.879,9.49229,10.9373,0,20.5476,75.2301,0.493245,7
-1,272.266,5.40226,0.0788389,25.6541,5.55182,118.879,9.49229,10.9373,0,20.5476,75.2301,0.493245,4.9
-2,270.467,5.27777,0.0759708,25.482,5.10604,119.613,9.48376,9.23559,0,20.4714,75.2286,0.493261,4.9
2,270.467,5.27777,0.0759708,25.482,5.10604,119.613,9.48376,9.23559,0,20.4714,75.2286,0.493261,4.9
-1,270.467,5.27777,0.0759708,25.482,5.10604,119.613,9.48376,9.23559,0,20.4714,75.2286,0.493261,3.43
-2,269.504,5.3652,0.0793694,25.3482,4.95065,120.267,9.44548,7.9347,0,20.397,75.2216,0.494946,3.43
3,269.504,5.3652,0.0793694,25.3482,4.95065,120.267,9.44548,7.9347,0,20.397,75.2216,0.494946,3.43
0,277.086,5.4771,0.0793547,25.9814,6.40631,120.03,9.2575,13.4981,0,20.6803,75.1869,0.488922,2.401
-1,277.086,5.4771,0.0793547,25.9814,6.40631,120.03,9.2575,13.4981,0,20.6803,75.1869,0.488922,7
-2,274.253,5.25199,0.0748408,25.7925,5.4553,120.886,9.29524,11.1974,0,20.6186,75.1939,0.486888,7
1,274.253,5.25199,0.0748408,25.7925,5.4553,120.886,9.29524,11.1974,0,20.6186,75.1939,0.486888,7
-1,274.253,5.25199,0.0748408,25.7925,5.4553,120.886,9.29524,11.1974,0,20.6186,75.1939,0.486888,4.9
-2,272.484,5.18628,0.0750828,25.5681,5.10226,121.655,9.28157,9.42036,0,20.5167,75.1914,0.486589,4.9
2,272.484,5.18628,0.0750828,25.5681,5.10226,121.655,9.28157,9.42036,0,20.5167,75.1914,0.486589,4.9
0,283.743,5.27118,0.0749787,26.4422,6.83047,120.613,9.09198,18.8766,0,20.9084,75.1565,0.478168,4.9
-1,283.743,5.27118,0.0749787,26.4422,6.83047,120.613,9.09198,18.8766,0,20.9084,75.1565,0.478168,7
-2,279.569,5.43393,0.0786849,26.0746,5.85479,121.775,9.14132,14.7927,0,20.7786,75.1656,0.473945,7
1,279.569,5.43393,0.0786849,26.0746,5.85479,121.775,9.14132,14.7927,0,20.7786,75.1656,0.473945,7
-1,279.569,5.43393,0.0786849,26.0746,5.85479,121.775,9.14132,14.7927,0,20.7786,75.1656,0.473945,4.9
-2,276.497,5.16645,0.0727357,25.788,5.29377,122.705,9.16173,12.0061,0,20.6622,75.1694,0.471916,4.9
2,276.497,5.16645,0.0727357,25.788,5.29377,122.705,9.16173,12.0061,0,20.6622,75.1694,0.471916,4.9
-1,276.497,5.16645,0.0727357,25.788,5.29377,122.705,9.16173,12.0061,0,20.6622,75.1694,0.471916,3.43
-2,274.478,5.1443,0.0738648,25.5586,4.92357,123.546,9.1243,9.92446,0,20.5477,75.1625,0.471913,3.43
3,274.478,5.1443,0.0738648,25.5586,4.92357,123.546,9.1243,9.92446,0,20.5477,75.1625,0.471913,3.43
-1,274.478,5.1443,0.0738648,25.5586,4.92357,123.546,9.1243,9.92446,0,20.5477,75.1625,0.471913,2.401
-2,273.713,5.645,0.082044,25.4325,4.72801,124.216,9.08181,8.42756,0,20.4721,75.1547,0.473276,2.401
4,273.713,5.645,0.082044,25.4325,4.72801,124.216,9.08181,8.42756,0,20.4721,75.1547,0.473276,2.401
0,281.248,5.65711,0.0820731,26.0991,6.04289,123.884,8.86281,14.2686,0,20.7688,75.1143,0.468996,1.6807
-1,281.248,5.65711,0.0820731,26.0991,6.04289,123.884,8.86281,14.2686,0,20.7688,75.1143,0.468996,7
-2,278.32,5.23804,0.0728169,25.8757,5.42714,124.742,8.89161,11.7979,0,20.6873,75.1197,0.467195,7
1,278.32,5.23804,0.0728169,25.8757,5.42714,124.742,8.89161,11.7979,0,20.6873,75.1197,0.467195,7
-1,278.32,5.23804,0.0728169,25.8757,5.42714,124.742,8.89161,11.7979,0,20.6873,75.1197,0.467195,4.9
-2,276.502,5.39315,0.0770595,25.6461,4.90162,125.551,8.8688,9.9017,0,20.5789,75.1155,0.467654,4.9
2,276.502,5.39315,0.0770595,25.6461,4.90162,125.551,8.8688,9.9017,0,20.5789,75.1155,0.467654,4.9
0,287.911,5.26075,0.0731277,26.5565,6.66712,124.374,8.66681,19.7847,0,20.9891,75.0782,0.460092,4.9
-1,287.911,5.26075,0.0731277,26.5565,6.66712,124.374,8.66681,19.7847,0,20.9891,75.0782,0.460092,7
-2,283.274,5.16171,0.0758656,26.1495,5.7524,125.591,8.70745,15.4581,0,20.8363,75.0857,0.456599,7
1,283.274,5.16171,0.0758656,26.1495,5.7524,125.591,8.70745,15.4581,0,20.8363,75.0857,0.456599,7
-1,283.274,5.16171,0.0758656,26.1495,5.7524,125.591,8.70745,15.4581,0,20.8363,75.0857,0.456599,4.9
-2,280.364,5.33602,0.0748902,25.8194,5.12497,126.562,8.73226,12.4696,0,20.6993,75.0904,0.454912,4.9
2,280.364,5.33602,0.0748902,25.8194,5.12497,126.562,8.73226,12.4696,0,20.6993,75.0904,0.454912,4.9
-1,280.364,5.33602,0.0748902,25.8194,5.12497,126.562,8.73226,12.4696,0,20.6993,75.0904,0.454912,3.43
-2,278.388,5.36191,0.0775946,25.6061,4.79081,127.378,8.69088,10.3543,0,20.5905,75.0828,0.455741,3.43
3,278.388,5.36191,0.0775946,25.6061,4.79081,127.378,8.69088,10.3543,0,20.5905,75.0828,0.455741,3.43
-1,278.388,5.36191,0.0775946,25.6061,4.79081,127.378,8.69088,10.3543,0,20.5905,75.0828,0.455741,2.401
-2,277.329,5.41859,0.0792418,25.5036,4.78373,128.008,8.64711,8.8328,0,20.5245,75.0747,0.457296,2.401
4,277.329,5.41859,0.0792418,25.5036,4.78373,128.008,8.64711,8.8328,0,20.5245,75.0747,0.457296,2.401
-1,277.329,5.41859,0.0792418,25.5036,4.78373,128.008,8.64711,8.8328,0,20.5245,75.0747,0.457296,1.6807
-2,276.527,5.37984,0.0823104,25.5257,4.66521,128.523,8.61359,7.69713,0,20.5113,75.0686,0.460056,1.6807
5,276.527,5.37984,0.0823104,25.5257,4.66521,128.523,8.61359,7.69713,0,20.5113,75.0686,0.460056,1.6807
0,283.404,5.41862,0.082339,26.2167,5.94559,128.101,8.37671,12.9656,0,20.8162,75.0248,0.456842,1.17649
-1,283.404,5.41862,0.082339,26.2167,5.94559,128.101,8.37671,12.9656,0,20.8162,75.0248,0.456842,7
-2,281.113,5.24923,0.0754933,26.0412,5.27694,128.87,8.41041,10.9472,0,20.7551,75.0311,0.455861,7
1,281.113,5.24923,0.0754933,26.0412,5.27694,128.87,8.41041,10.9472,0,20.7551,75.0311,0.455861,7
-1,281.113,5.24923,0.0754933,26.0412,5.27694,128.87,8.41041,10.9472,0,20.7551,75.0311,0.455861,4.9
-2,279.506,5.2692,0.0797923,25.8767,4.78485,129.59,8.38897,9.35684,0,20.6753,75.0271,0.457324,4.9
2,279.506,5.2692,0.0797923,25.8767,4.78485,129.59,8.38897,9.35684,0,20.6753,75.0271,0.457324,4.9
-1,279.506,5.2692,0.0797923,25.8767,4.78485,129.59,8.38897,9.35684,0,20.6753,75.0271,0.457324,3.43
-2,278.647,5.26854,0.0800312,25.7745,4.76434,130.16,8.35974,8.14291,0,20.6154,75.0218,0.459832,3.43
3,278.647,5.26854,0.0800312,25.7745,4.76434,130.16,8.35974,8.14291,0,20.6154,75.0218,0.459832,3.43
0,285.788,5.33996,0.0801015,26.4756,6.03544,129.703,8.1213,13.676,0,20.9235,74.9778,0.455949,2.401
-1,285.788,5.33996,0.0801015,26.4756,6.03544,129.703,8.1213,13.676,0,20.9235,74.9778,0.455949,7
-2,283.54,5.47626,0.0786658,26.2518,5.30004,130.548,8.16793,11.4311,0,20.8449,74.9864,0.455087,7
1,283.54,5.47626,0.0786658,26.2518,5.30004,130.548,8.16793,11.4311,0,20.8449,74.9864,0.455087,7
-1,283.54,5.47626,0.0786658,26.2518,5.30004,130.548,8.16793,11.4311,0,20.8449,74.9864,0.455087,4.9
-2,281.831,5.42413,0.0789724,26.0869,4.84821,131.282,8.15887,9.74201,0,20.7687,74.9848,0.456503,4.9
2,281.831,5.42413,0.0789724,26.0869,4.84821,131.282,8.15887,9.74201,0,20.7687,74.9848,0.456503,4.9
-1,281.831,5.42413,0.0789724,26.0869,4.84821,131.282,8.15887,9.74201,0,20.7687,74.9848,0.456503,3.43
-2,280.761,5.36459,0.0796004,25.9881,4.7093,131.896,8.1334,8.44033,0,20.7108,74.9801,0.459234,3.43
3,280.761,5.36459,0.0796004,25.9881,4.7093,131.896,8.1334,8.44033,0,20.7108,74.9801,0.459234,3.43
-1,280.761,5.36459,0.0796004,25.9881,4.7093,131.896,8.1334,8.44033,0,20.7108,74.9801,0.459234,2.401
-2,280.245,5.52333,0.0841944,25.9816,4.57105,132.389,8.11816,7.44619,0,20.6912,74.9773,0.462877,2.401
4,280.245,5.52333,0.0841944,25.9816,4.57105,132.389,8.11816,7.44619,0,20.6912,74.9773,0.462877,2.401
0,286.825,5.56471,0.0842331,26.6915,5.83537,131.896,7.87441,12.4845,0,21.0019,74.9323,0.459737,1.6807
-1,286.825,5.56471,0.0842331,26.6915,5.83537,131.896,7.87441,12.4845,0,21.0019,74.9323,0.459737,7
-2,284.872,5.52871,0.0810007,26.5343,5.17536,132.641,7.91489,10.6479,0,20.95,74.9398,0.459321,7
1,284.872,5.52871,0.0810007,26.5343,5.17536,132.641,7.91489,10.6479,0,20.95,74.9398,0.459321,7
-1,284.872,5.52871,0.0810007,26.5343,5.17536,132.641,7.91489,10.6479,0,20.95,74.9398,0.459321,4.9
-2,283.347,5.37726,0.0802616,26.4097,4.76625,133.314,7.9039,9.20632,0,20.8903,74.9378,0.461065,4.9
2,283.347,5.37726,0.0802616,26.4097,4.76625,133.314,7.9039,9.20632,0,20.8903,74.9378,0.461065,4.9
-1,283.347,5.37726,0.0802616,26.4097,4.76625,133.314,7.9039,9.20632,0,20.8903,74.9378,0.461065,3.43
-2,282.46,5.26447,0.0806182,26.332,4.71014,133.889,7.88353,8.05944,0,20.8422,74.9341,0.464053,3.43
3,282.46,5.26447,0.0806182,26.332,4.71014,133.889,7.88353,8.05944,0,20.8422,74.9341,0.464053,3.43
0,289.374,5.32738,0.0807379,27.0531,5.92981,133.364,7.63978,13.4724,0,21.1571,74.8891,0.46055,2.401
-1,289.374,5.32738,0.0807379,27.0531,5.92981,133.364,7.63978,13.4724,0,21.1571,74.8891,0.46055,7
-2,287.213,5.43794,0.0843678,26.8315,5.21515,134.217,7.68784,11.2995,0,21.0813,74.898,0.460019,7
1,287.213,5.43794,0.0843678,26.8315,5.21515,134.217,7.68784,11.2995,0,21.0813,74.898,0.460019,7
-1,287.213,5.43794,0.0843678,26.8315,5.21515,134.217,7.68784,11.2995,0,21.0813,74.898,0.460019,4.9
-2,285.786,5.42989,0.082672,26.6765,4.89833,134.889,7.70285,9.73072,0,21.0147,74.9008,0.460967,4.9
2,285.786,5.42989,0.082672,26.6765,4.89833,134.889,7.70285,9.73072,0,21.0147,74.9008,0.460967,4.9
-1,285.786,5.42989,0.082672,26.6765,4.89833,134.889,7.70285,9.73072,0,21.0147,74.9008,0.460967,3.43
-2,284.481,5.23187,0.0827809,26.6162,4.5289,135.457,7.69786,8.52481,0,20.9785,74.8999,0.46385,3.43
3,284.481,5.23187,0.0827809,26.6162,4.5289,135.457,7.69786,8.52481,0,20.9785,74.8999,0.46385,3.43
-1,284.481,5.23187,0.0827809,26.6162,4.5289,135.457,7.69786,8.52481,0,20.9785,74.8999,0.46385,2.401
-2,283.928,5.25242,0.0821561,26.5956,4.53344,135.949,7.67187,7.5297,0,20.9512,74.8952,0.467023,2.401
4,283.928,5.25242,0.0821561,26.5956,4.53344,135.949,7.67187,7.5297,0,20.9512,74.8952,0.467023,2.401
0,290.372,5.28095,0.0822567,27.3278,5.72251,135.387,7.42238,12.5653,0,21.2704,74.8491,0.464377,1.6807
-1,290.372,5.28095,0.0822567,27.3278,5.72251,135.387,7.42238,12.5653,0,21.2704,74.8491,0.464377,7
-2,288.675,5.49753,0.0870809,27.1278,5.1234,136.18,7.45797,10.6826,0,21.1987,74.8557,0.463977,7
1,288.675,5.49753,0.0870809,27.1278,5.1234,136.18,7.45797,10.6826,0,21.1987,74.8557,0.463977,7
-1,288.675,5.49753,0.0870809,27.1278,5.1234,136.18,7.45797,10.6826,0,21.1987,74.8557,0.463977,4.9
-2,287.379,5.42428,0.0833827,27.0115,4.8109,136.789,7.4738,9.31313,0,21.1491,74.8586,0.465211,4.9
2,287.379,5.42428,0.0833827,27.0115,4.8109,136.789,7.4738,9.31313,0,21.1491,74.8586,0.465211,4.9
-1,287.379,5.42428,0.0833827,27.0115,4.8109,136.789,7.4738,9.31313,0,21.1491,74.8586,0.465211,3.43
-2,286.18,5.21642,0.082803,26.9599,4.46401,137.338,7.46209,8.21773,0,21.1147,74.8565,0.46838,3.43
3,286.18,5.21642,0.082803,26.9599,4.46401,137.338,7.46209,8.21773,0,21.1147,74.8565,0.46838,3.43
-1,286.18,5.21642,0.082803,26.9599,4.46401,137.338,7.46209,8.21773,0,21.1147,74.8565,0.46838,2.401
-2,285.584,5.13792,0.0830142,26.9358,4.46336,137.822,7.43769,7.29478,0,21.0854,74.852,0.47168,2.401
4,285.584,5.13792,0.0830142,26.9358,4.46336,137.822,7.43769,7.29478,0,21.0854,74.852,0.47168,2.401
0,291.733,5.10072,0.0830934,27.6762,5.62973,137.229,7.18892,12.143,0,21.4075,74.8061,0.469103,1.6807
-1,291.733,5.10072,0.0830934,27.6762,5.62973,137.229,7.18892,12.143,0,21.4075,74.8061,0.469103,7
-2,290.386,5.46749,0.0896587,27.4871,5.11183,138.005,7.21998,10.3843,0,21.3404,74.8118,0.468746,7
1,290.386,5.46749,0.0896587,27.4871,5.11183,138.005,7.21998,10.3843,0,21.3404,74.8118,0.468746,7
-1,290.386,5.46749,0.0896587,27.4871,5.11183,138.005,7.21998,10.3843,0,21.3404,74.8118,0.468746,4.9
-2,289.188,5.34273,0.0871228,27.3959,4.8128,138.572,7.25844,9.12326,0,21.3066,74.819,0.470142,4.9
2,289.188,5.34273,0.0871228,27.3959,4.8128,138.572,7.25844,9.12326,0,21.3066,74.819,0.470142,4.9
-1,289.188,5.34273,0.0871228,27.3959,4.8128,138.572,7.25844,9.12326,0,21.3066,74.819,0.470142,3.43
-2,288.22,5.30247,0.0855937,27.3718,4.43,139.075,7.26184,8.1126,0,21.2881,74.8196,0.473225,3.43
3,288.22,5.30247,0.0855937,27.3718,4.43,139.075,7.26184,8.1126,0,21.2881,74.8196,0.473225,3.43
0,294.816,5.3053,0.08587,28.1237,5.50694,138.448,7.01799,13.4682,0,21.6153,74.7746,0.470655,2.401
-1,294.816,5.3053,0.08587,28.1237,5.50694,138.448,7.01799,13.4682,0,21.6153,74.7746,0.470655,7
-2,292.669,5.16954,0.0859708,27.8611,5.07958,139.29,7.04121,11.3801,0,21.5131,74.7789,0.46995,7
1,292.669,5.16954,0.0859708,27.8611,5.07958,139.29,7.04121,11.3801,0,21.5131,74.7789,0.46995,7
-1,292.669,5.16954,0.0859708,27.8611,5.07958,139.29,7.04121,11.3801,0,21.5131,74.7789,0.46995,4.9
-2,291.726,5.60544,0.0932471,27.6795,4.80452,139.991,7.06583,9.79516,0,21.4368,74.7835,0.470947,4.9
2,291.726,5.60544,0.0932471,27.6795,4.80452,139.991,7.06583,9.79516,0,21.4368,74.7835,0.470947,4.9
0,299.403,5.71003,0.09421,28.4393,5.84016,139.326,6.83331,16.1849,0,21.7673,74.7406,0.467853,3.43
-1,299.403,5.71003,0.09421,28.4393,5.84016,139.326,6.83331,16.1849,0,21.7673,74.7406,0.467853,7
-2,296.195,5.32182,0.088042,28.1501,5.12575,140.215,6.91116,13.4923,0,21.6691,74.755,0.466464,7
1,296.195,5.32182,0.088042,28.1501,5.12575,140.215,6.91116,13.4923,0,21.6691,74.755,0.466464,7
-1,296.195,5.32182,0.088042,28.1501,5.12575,140.215,6.91116,13.4923,0,21.6691,74.755,0.466464,4.9
-2,294.377,5.44539,0.0900756,27.8847,4.87187,141.06,6.91929,11.3315,0,21.5514,74.7566,0.466645,4.9
2,294.377,5.44539,0.0900756,27.8847,4.87187,141.06,6.91929,11.3315,0,21.5514,74.7566,0.466645,4.9
-1,294.377,5.44539,0.0900756,27.8847,4.87187,141.06,6.91929,11.3315,0,21.5514,74.7566,0.466645,3.43
-2,293.215,5.58651,0.0936172,27.767,4.64535,141.739,6.92695,9.73816,0,21.4921,74.758,0.46874,3.43
3,293.215,5.58651,0.0936172,27.767,4.64535,141.739,6.92695,9.73816,0,21.4921,74.758,0.46874,3.43
-1,293.215,5.58651,0.0936172,27.767,4.64535,141.739,6.92695,9.73816,0,21.4921,74.758,0.46874,2.401
-2,292.285,5.51401,0.0919289,27.7665,4.4404,142.231,6.93008,8.60145,0,21.4786,74.7586,0.471732,2.401
4,292.285,5.51401,0.0919289,27.7665,4.4404,142.231,6.93008,8.60145,0,21.4786,74.7586,0.471732,2.401
0,299.106,5.59292,0.0927683,28.5368,5.4439,141.528,6.69655,14.215,0,21.8141,74.7155,0.46957,1.6807
-1,299.106,5.59292,0.0927683,28.5368,5.4439,141.528,6.69655,14.215,0,21.8141,74.7155,0.46957,7
-2,296.527,5.22331,0.0898569,28.2911,4.85107,142.328,6.7275,12.1061,0,21.7194,74.7213,0.46919,7
1,296.527,5.22331,0.0898569,28.2911,4.85107,142.328,6.7275,12.1061,0,21.7194,74.7213,0.46919,7
-1,296.527,5.22331,0.0898569,28.2911,4.85107,142.328,6.7275,12.1061,0,21.7194,74.7213,0.46919,4.9
-2,295.333,5.50156,0.0938099,28.0654,4.71744,143.073,6.72258,10.3534,0,21.615,74.7204,0.470148,4.9
2,295.333,5.50156,0.0938099,28.0654,4.71744,143.073,6.72258,10.3534,0,21.615,74.7204,0.470148,4.9
-1,295.333,5.50156,0.0938099,28.0654,4.71744,143.073,6.72258,10.3534,0,21.615,74.7204,0.470148,3.43
-2,294.389,5.51301,0.0959091,28.002,4.55677,143.649,6.72867,9.07052,0,21.5789,74.7215,0.473109,3.43
3,294.389,5.51301,0.0959091,28.002,4.55677,143.649,6.72867,9.07052,0,21.5789,74.7215,0.473109,3.43
0,301.408,5.60499,0.0970144,28.776,5.49824,142.913,6.50458,14.947,0,21.9157,74.6802,0.470674,2.401
-1,301.408,5.60499,0.0970144,28.776,5.49824,142.913,6.50458,14.947,0,21.9157,74.6802,0.470674,7
-2,298.912,5.39811,0.0912241,28.5027,4.97987,143.723,6.56387,12.6767,0,21.8151,74.6912,0.470085,7
1,298.912,5.39811,0.0912241,28.5027,4.97987,143.723,6.56387,12.6767,0,21.8151,74.6912,0.470085,7
-1,298.912,5.39811,0.0912241,28.5027,4.97987,143.723,6.56387,12.6767,0,21.8151,74.6912,0.470085,4.9
-2,297.135,5.31204,0.0914827,28.2828,4.67304,144.493,6.56638,10.8391,0,21.7138,74.6916,0.471271,4.9
2,297.135,5.31204,0.0914827,28.2828,4.67304,144.493,6.56638,10.8391,0,21.7138,74.6916,0.471271,4.9
-1,297.135,5.31204,0.0914827,28.2828,4.67304,144.493,6.56638,10.8391,0,21.7138,74.6916,0.471271,3.43
-2,296.176,5.50826,0.0970018,28.1665,4.47395,145.128,6.57089,9.41171,0,21.6533,74.6925,0.473935,3.43
3,296.176,5.50826,0.0970018,28.1665,4.47395,145.128,6.57089,9.41171,0,21.6533,74.6925,0.473935,3.43
0,303.208,5.52984,0.0982858,28.9438,5.33753,144.357,6.35548,15.4705,0,21.9915,74.6528,0.471753,2.401
-1,303.208,5.52984,0.0982858,28.9438,5.33753,144.357,6.35548,15.4705,0,21.9915,74.6528,0.471753,7
-2,300.826,5.46856,0.0953232,28.6391,4.96612,145.204,6.40441,13.041,0,21.8748,74.6619,0.471131,7
1,300.826,5.46856,0.0953232,28.6391,4.96612,145.204,6.40441,13.041,0,21.8748,74.6619,0.471131,7
-1,300.826,5.46856,0.0953232,28.6391,4.96612,145.204,6.40441,13.041,0,21.8748,74.6619,0.471131,4.9
-2,299.158,5.55054,0.0967756,28.4338,4.58543,145.94,6.41794,11.2133,0,21.7834,74.6644,0.472321,4.9
2,299.158,5.55054,0.0967756,28.4338,4.58543,145.94,6.41794,11.2133,0,21.7834,74.6644,0.472321,4.9
-1,299.158,5.55054,0.0967756,28.4338,4.58543,145.94,6.41794,11.2133,0,21.7834,74.6644,0.472321,3.43
-2,297.889,5.32686,0.0957774,28.324,4.54894,146.558,6.41858,9.7528,0,21.7246,74.6645,0.474827,3.43
3,297.889,5.32686,0.0957774,28.324,4.54894,146.558,6.41858,9.7528,0,21.7246,74.6645,0.474827,3.43
-1,297.889,5.32686,0.0957774,28.324,4.54894,146.558,6.41858,9.7528,0,21.7246,74.6645,0.474827,2.401
-2,297.29,5.4733,0.0998026,28.3131,4.43722,147.083,6.42115,8.61225,0,21.7062,74.665,0.478513,2.401
4,297.29,5.4733,0.0998026,28.3131,4.43722,147.083,6.42115,8.61225,0,21.7062,74.665,0.478513,2.401
0,303.812,5.5427,0.101073,29.0936,5.29605,146.284,6.20718,14.139,0,22.0459,74.6255,0.476437,1.6807
-1,303.812,5.5427,0.101073,29.0936,5.29605,146.284,6.20718,14.139,0,22.0459,74.6255,0.476437,7
-2,301.901,5.53756,0.0983082,28.8469,4.92383,147.046,6.25361,12.1311,0,21.9527,74.6341,0.476395,7
1,301.901,5.53756,0.0983082,28.8469,4.92383,147.046,6.25361,12.1311,0,21.9527,74.6341,0.476395,7
-1,301.901,5.53756,0.0983082,28.8469,4.92383,147.046,6.25361,12.1311,0,21.9527,74.6341,0.476395,4.9
-2,300.317,5.5112,0.0996581,28.6968,4.4482,147.719,6.26706,10.5748,0,21.8856,74.6366,0.478379,4.9
2,300.317,5.5112,0.0996581,28.6968,4.4482,147.719,6.26706,10.5748,0,21.8856,74.6366,0.478379,4.9
-1,300.317,5.5112,0.0996581,28.6968,4.4482,147.719,6.26706,10.5748,0,21.8856,74.6366,0.478379,3.43
-2,299.386,5.41575,0.100021,28.6097,4.45581,148.281,6.26713,9.30167,0,21.8368,74.6366,0.481263,3.43
3,299.386,5.41575,0.100021,28.6097,4.45581,148.281,6.26713,9.30167,0,21.8368,74.6366,0.481263,3.43
0,306.11,5.39816,0.101582,29.3918,5.22452,147.452,6.06436,15.2214,0,22.1773,74.5993,0.479439,2.401
-1,306.11,5.39816,0.101582,29.3918,5.22452,147.452,6.06436,15.2214,0,22.1773,74.5993,0.479439,7
-2,303.966,5.41531,0.102055,29.0762,4.93524,148.305,6.11787,12.8702,0,22.0556,74.6092,0.4794,7
1,303.966,5.41531,0.102055,29.0762,4.93524,148.305,6.11787,12.8702,0,22.0556,74.6092,0.4794,7
-1,303.966,5.41531,0.102055,29.0762,4.93524,148.305,6.11787,12.8702,0,22.0556,74.6092,0.4794,4.9
-2,302.301,5.37223,0.100139,28.8805,4.58232,148.998,6.15387,11.145,0,21.9725,74.6159,0.480965,4.9
2,302.301,5.37223,0.100139,28.8805,4.58232,148.998,6.15387,11.145,0,21.9725,74.6159,0.480965,4.9
-1,302.301,5.37223,0.100139,28.8805,4.58232,148.998,6.15387,11.145,0,21.9725,74.6159,0.480965,3.43
-2,301.191,5.45352,0.104686,28.779,4.31198,149.602,6.1637,9.75503,0,21.9197,74.6177,0.483832,3.43
3,301.191,5.45352,0.104686,28.779,4.31198,149.602,6.1637,9.75503,0,21.9197,74.6177,0.483832,3.43
-1,301.191,5.45352,0.104686,28.779,4.31198,149.602,6.1637,9.75503,0,21.9197,74.6177,0.483832,2.401
-2,300.618,5.4584,0.103961,28.7814,4.35099,150.07,6.1645,8.67604,0,21.9083,74.6178,0.487277,2.401
4,300.618,5.4584,0.103961,28.7814,4.35099,150.07,6.1645,8.67604,0,21.9083,74.6178,0.487277,2.401
0,306.937,5.48872,0.10558,29.5649,5.1036,149.218,5.96262,14.1771,0,22.2498,74.5806,0.485535,1.6807
-1,306.937,5.48872,0.10558,29.5649,5.1036,149.218,5.96262,14.1771,0,22.2498,74.5806,0.485535,7
-2,305.135,5.497,0.106024,29.2933,4.85517,150,6.00419,12.1621,0,22.143,74.5883,0.485758,7
1,305.135,5.497,0.106024,29.2933,4.85517,150,6.00419,12.1621,0,22.143,74.5883,0.485758,7
-1,305.135,5.497,0.106024,29.2933,4.85517,150,6.00419,12.1621,0,22.143,74.5883,0.485758,4.9
-2,303.619,5.38117,0.103115,29.1328,4.52312,150.65,6.02863,10.6469,0,22.0725,74.5928,0.487661,4.9
2,303.619,5.38117,0.103115,29.1328,4.52312,150.65,6.02863,10.6469,0,22.0725,74.5928,0.487661,4.9
-1,303.619,5.38117,0.103115,29.1328,4.52312,150.65,6.02863,10.6469,0,22.0725,74.5928,0.487661,3.43
-2,302.689,5.52447,0.107216,29.045,4.24237,151.232,6.03573,9.39178,0,22.0247,74.5942,0.490802,3.43
3,302.689,5.52447,0.107216,29.045,4.24237,151.232,6.03573,9.39178,0,22.0247,74.5942,0.490802,3.43
0,309.206,5.45873,0.109153,29.8277,4.8933,150.356,5.84889,15.2977,0,22.366,74.5598,0.489076,2.401
-1,309.206,5.45873,0.109153,29.8277,4.8933,150.356,5.84889,15.2977,0,22.366,74.5598,0.489076,7
-2,307.289,5.50259,0.111985,29.4869,4.83555,151.186,5.88522,12.9985,0,22.2271,74.5665,0.488736,7
1,307.289,5.50259,0.111985,29.4869,4.83555,151.186,5.88522,12.9985,0,22.2271,74.5665,0.488736,7
-1,307.289,5.50259,0.111985,29.4869,4.83555,151.186,5.88522,12.9985,0,22.2271,74.5665,0.488736,4.9
-2,305.765,5.4296,0.11041,29.2982,4.63493,151.87,5.92734,11.2804,0,22.1492,74.5743,0.490287,4.9
2,305.765,5.4296,0.11041,29.2982,4.63493,151.87,5.92734,11.2804,0,22.1492,74.5743,0.490287,4.9
-1,305.765,5.4296,0.11041,29.2982,4.63493,151.87,5.92734,11.2804,0,22.1492,74.5743,0.490287,3.43
-2,304.52,5.28577,0.108718,29.2243,4.35773,152.445,5.94922,9.96557,0,22.112,74.5783,0.493384,3.43
3,304.52,5.28577,0.108718,29.2243,4.35773,152.445,5.94922,9.96557,0,22.112,74.5783,0.493384,3.43
-1,304.52,5.28577,0.108718,29.2243,4.35773,152.445,5.94922,9.96557,0,22.112,74.5783,0.493384,2.401
-2,303.848,5.42984,0.112692,29.2151,4.12977,152.939,5.96324,8.88429,0,22.0971,74.5809,0.496809,2.401
4,303.848,5.42984,0.112692,29.2151,4.12977,152.939,5.96324,8.88429,0,22.0971,74.5809,0.496809,2.401
0,310.032,5.4153,0.114758,29.9977,4.75691,152.041,5.77792,14.4471,0,22.4389,74.5468,0.49535,1.6807
-1,310.032,5.4153,0.114758,29.9977,4.75691,152.041,5.77792,14.4471,0,22.4389,74.5468,0.49535,7
-2,308.385,5.46841,0.117866,29.6877,4.72163,152.818,5.8034,12.4112,0,22.3102,74.5515,0.495262,7
1,308.385,5.46841,0.117866,29.6877,4.72163,152.818,5.8034,12.4112,0,22.3102,74.5515,0.495262,7
-1,308.385,5.46841,0.117866,29.6877,4.72163,152.818,5.8034,12.4112,0,22.3102,74.5515,0.495262,4.9
-2,307.111,5.42339,0.118193,29.5241,4.57899,153.466,5.83903,10.8643,0,22.2421,74.5581,0.497155,4.9
2,307.111,5.42339,0.118193,29.5241,4.57899,153.466,5.83903,10.8643,0,22.2421,74.5581,0.497155,4.9
-1,307.111,5.42339,0.118193,29.5241,4.57899,153.466,5.83903,10.8643,0,22.2421,74.5581,0.497155,3.43
-2,306.187,5.407,0.117602,29.467,4.3666,153.997,5.86874,9.68546,0,22.2135,74.5636,0.500476,3.43
3,306.187,5.407,0.117602,29.467,4.3666,153.997,5.86874,9.68546,0,22.2135,74.5636,0.500476,3.43
0,312.737,5.40958,0.120281,30.2486,4.90195,153.078,5.69707,15.6945,0,22.5555,74.532,0.498717,2.401
-1,312.737,5.40958,0.120281,30.2486,4.90195,153.078,5.69707,15.6945,0,22.5555,74.532,0.498717,7
-2,310.551,5.44866,0.124028,29.9031,4.57057,153.91,5.7396,13.4028,0,22.4139,74.5398,0.498659,7
1,310.551,5.44866,0.124028,29.9031,4.57057,153.91,5.7396,13.4028,0,22.4139,74.5398,0.498659,7
-1,310.551,5.44866,0.124028,29.9031,4.57057,153.91,5.7396,13.4028,0,22.4139,74.5398,0.498659,4.9
-2,309.154,5.4522,0.125635,29.6732,4.55127,154.613,5.77652,11.5996,0,22.3158,74.5467,0.499931,4.9
2,309.154,5.4522,0.125635,29.6732,4.55127,154.613,5.77652,11.5996,0,22.3158,74.5467,0.499931,4.9
-1,309.154,5.4522,0.125635,29.6732,4.55127,154.613,5.77652,11.5996,0,22.3158,74.5467,0.499931,3.43
-2,308.229,5.4763,0.125937,29.5836,4.4568,155.18,5.82152,10.2506,0,22.2758,74.555,0.502894,3.43
3,308.229,5.4763,0.125937,29.5836,4.4568,155.18,5.82152,10.2506,0,22.2758,74.555,0.502894,3.43
0,315.052,5.48863,0.129974,30.3625,4.97649,154.235,5.6615,16.5542,0,22.6171,74.5255,0.501417,2.401
-1,315.052,5.48863,0.129974,30.3625,4.97649,154.235,5.6615,16.5542,0,22.6171,74.5255,0.501417,7
-2,312.561,5.38496,0.127093,30.0034,4.61439,155.079,5.71434,14.1303,0,22.4703,74.5353,0.50165,7
1,312.561,5.38496,0.127093,30.0034,4.61439,155.079,5.71434,14.1303,0,22.4703,74.5353,0.50165,7
-1,312.561,5.38496,0.127093,30.0034,4.61439,155.079,5.71434,14.1303,0,22.4703,74.5353,0.50165,4.9
-2,310.872,5.37866,0.129266,29.7339,4.48733,155.867,5.73846,12.1447,0,22.3495,74.5398,0.503231,4.9
2,310.872,5.37866,0.129266,29.7339,4.48733,155.867,5.73846,12.1447,0,22.3495,74.5398,0.503231,4.9
-1,310.872,5.37866,0.129266,29.7339,4.48733,155.867,5.73846,12.1447,0,22.3495,74.5398,0.503231,3.43
-2,309.888,5.53417,0.13372,29.6054,4.3558,156.498,5.78195,10.6336,0,22.2913,74.5478,0.506363,3.43
3,309.888,5.53417,0.13372,29.6054,4.3558,156.498,5.78195,10.6336,0,22.2913,74.5478,0.506363,3.43
0,316.822,5.56659,0.138299,30.379,4.79949,155.53,5.63554,17.117,0,22.6306,74.5209,0.505002,2.401
-1,316.822,5.56659,0.138299,30.379,4.79949,155.53,5.63554,17.117,0,22.6306,74.5209,0.505002,7
-2,314.672,5.64691,0.138093,29.9917,4.75313,156.366,5.6993,14.5671,0,22.4725,74.5327,0.505088,7
1,314.672,5.64691,0.138093,29.9917,4.75313,156.366,5.6993,14.5671,0,22.4725,74.5327,0.505088,7
-1,314.672,5.64691,0.138093,29.9917,4.75313,156.366,5.6993,14.5671,0,22.4725,74.5327,0.505088,4.9
-2,312.826,5.56758,0.139118,29.7757,4.41477,157.083,5.7443,12.6719,0,22.3815,74.541,0.506999,4.9
2,312.826,5.56758,0.139118,29.7757,4.41477,157.083,5.7443,12.6719,0,22.3815,74.541,0.506999,4.9
-1,312.826,5.56758,0.139118,29.7757,4.41477,157.083,5.7443,12.6719,0,22.3815,74.541,0.506999,3.43
-2,311.503,5.42522,0.138428,29.6366,4.36043,157.734,5.77268,11.0645,0,22.315,74.5462,0.510223,3.43
3,311.503,5.42522,0.138428,29.6366,4.36043,157.734,5.77268,11.0645,0,22.315,74.5462,0.510223,3.43
-1,311.503,5.42522,0.138428,29.6366,4.36043,157.734,5.77268,11.0645,0,22.315,74.5462,0.510223,2.401
-2,310.621,5.32133,0.139918,29.6144,4.25043,158.235,5.82973,9.85711,0,22.3019,74.5567,0.514374,2.401
4,310.621,5.32133,0.139918,29.6144,4.25043,158.235,5.82973,9.85711,0,22.3019,74.5567,0.514374,2.401
0,317.067,5.38376,0.144562,30.3854,4.68311,157.259,5.68389,15.8444,0,22.6407,74.5299,0.512835,1.6807
-1,317.067,5.38376,0.144562,30.3854,4.68311,157.259,5.68389,15.8444,0,22.6407,74.5299,0.512835,7
-2,315.086,5.25133,0.141508,30.0436,4.64092,157.992,5.75145,13.7077,0,22.502,74.5424,0.513176,7
1,315.086,5.25133,0.141508,30.0436,4.64092,157.992,5.75145,13.7077,0,22.502,74.5424,0.513176,7
-1,315.086,5.25133,0.141508,30.0436,4.64092,157.992,5.75145,13.7077,0,22.502,74.5424,0.513176,4.9
-2,313.565,5.26191,0.141057,29.8379,4.34047,158.661,5.78965,12.0558,0,22.413,74.5494,0.515273,4.9
2,313.565,5.26191,0.141057,29.8379,4.34047,158.661,5.78965,12.0558,0,22.413,74.5494,0.515273,4.9
-1,313.565,5.26191,0.141057,29.8379,4.34047,158.661,5.78965,12.0558,0,22.413,74.5494,0.515273,3.43
-2,312.527,5.23011,0.141352,29.7035,4.30003,159.261,5.8163,10.6535,0,22.3481,74.5543,0.518574,3.43
3,312.527,5.23011,0.141352,29.7035,4.30003,159.261,5.8163,10.6535,0,22.3481,74.5543,0.518574,3.43
-1,312.527,5.23011,0.141352,29.7035,4.30003,159.261,5.8163,10.6535,0,22.3481,74.5543,0.518574,2.401
-2,311.874,5.26609,0.143656,29.6692,4.22074,159.754,5.86762,9.53573,0,22.3295,74.5638,0.523272,2.401
4,311.874,5.26609,0.143656,29.6692,4.22074,159.754,5.86762,9.53573,0,22.3295,74.5638,0.523272,2.401
0,317.971,5.263,0.148342,30.4349,4.61425,158.768,5.72572,15.2906,0,22.6665,74.5377,0.521977,1.6807
-1,317.971,5.263,0.148342,30.4349,4.61425,158.768,5.72572,15.2906,0,22.6665,74.5377,0.521977,7
-2,316.458,5.39072,0.150723,30.0937,4.65839,159.486,5.78589,13.2948,0,22.5261,74.5488,0.522743,7
1,316.458,5.39072,0.150723,30.0937,4.65839,159.486,5.78589,13.2948,0,22.5261,74.5488,0.522743,7
-1,316.458,5.39072,0.150723,30.0937,4.65839,159.486,5.78589,13.2948,0,22.5261,74.5488,0.522743,4.9
-2,314.892,5.13406,0.14535,29.9209,4.43167,160.073,5.84078,11.8059,0,22.4564,74.5589,0.525259,4.9
2,314.892,5.13406,0.14535,29.9209,4.43167,160.073,5.84078,11.8059,0,22.4564,74.5589,0.525259,4.9
-1,314.892,5.13406,0.14535,29.9209,4.43167,160.073,5.84078,11.8059,0,22.4564,74.5589,0.525259,3.43
-2,313.737,5.08805,0.147359,29.8118,4.14694,160.625,5.87778,10.5398,0,22.4056,74.5657,0.528762,3.43
3,313.737,5.08805,0.147359,29.8118,4.14694,160.625,5.87778,10.5398,0,22.4056,74.5657,0.528762,3.43
-1,313.737,5.08805,0.147359,29.8118,4.14694,160.625,5.87778,10.5398,0,22.4056,74.5657,0.528762,2.401
-2,312.987,4.8553,0.144412,29.774,4.23834,161.068,5.91513,9.50231,0,22.3839,74.5726,0.532841,2.401
4,312.987,4.8553,0.144412,29.774,4.23834,161.068,5.91513,9.50231,0,22.3839,74.5726,0.532841,2.401
0,318.995,4.87727,0.149521,30.5346,4.58667,160.079,5.77996,15.1897,0,22.7194,74.5478,0.531295,1.6807
-1,318.995,4.87727,0.149521,30.5346,4.58667,160.079,5.77996,15.1897,0,22.7194,74.5478,0.531295,7
-2,317.775,5.32475,0.157543,30.1682,4.62596,160.827,5.83075,13.1866,0,22.5651,74.5572,0.532027,7
1,317.775,5.32475,0.157543,30.1682,4.62596,160.827,5.83075,13.1866,0,22.5651,74.5572,0.532027,7
-1,317.775,5.32475,0.157543,30.1682,4.62596,160.827,5.83075,13.1866,0,22.5651,74.5572,0.532027,4.9
-2,316.621,5.34221,0.156622,30.0106,4.49055,161.372,5.88964,11.752,0,22.5047,74.568,0.534429,4.9
2,316.621,5.34221,0.156622,30.0106,4.49055,161.372,5.88964,11.752,0,22.5047,74.568,0.534429,4.9
-1,316.621,5.34221,0.156622,30.0106,4.49055,161.372,5.88964,11.752,0,22.5047,74.568,0.534429,3.43
-2,315.275,4.95206,0.150738,29.9631,4.21937,161.843,5.92139,10.629,0,22.4835,74.5738,0.538423,3.43
3,315.275,4.95206,0.150738,29.9631,4.21937,161.843,5.92139,10.629,0,22.4835,74.5738,0.538423,3.43
-1,315.275,4.95206,0.150738,29.9631,4.21937,161.843,5.92139,10.629,0,22.4835,74.5738,0.538423,2.401
-2,314.365,4.76018,0.150817,29.9301,4.09872,162.295,5.95164,9.59362,0,22.4629,74.5794,0.542449,2.401
4,314.365,4.76018,0.150817,29.9301,4.09872,162.295,5.95164,9.59362,0,22.4629,74.5794,0.542449,2.401
0,320.219,4.69263,0.156176,30.6845,4.3783,161.3,5.82703,15.2866,0,22.7963,74.5565,0.541035,1.6807
-1,320.219,4.69263,0.156176,30.6845,4.3783,161.3,5.82703,15.2866,0,22.7963,74.5565,0.541035,7
-2,318.537,4.62188,0.155562,30.3127,4.52646,161.997,5.87051,13.3093,0,22.6373,74.5646,0.541204,7
1,318.537,4.62188,0.155562,30.3127,4.52646,161.997,5.87051,13.3093,0,22.6373,74.5646,0.541204,7
-1,318.537,4.62188,0.155562,30.3127,4.52646,161.997,5.87051,13.3093,0,22.6373,74.5646,0.541204,4.9
-2,317.681,4.9347,0.16067,30.0991,4.50999,162.61,5.90941,11.7952,0,22.547,74.5717,0.543062,4.9
2,317.681,4.9347,0.16067,30.0991,4.50999,162.61,5.90941,11.7952,0,22.547,74.5717,0.543062,4.9
0,324.715,4.96901,0.169457,30.8428,4.71212,161.587,5.80937,18.6541,0,22.8757,74.5534,0.541639,3.43
-1,324.715,4.96901,0.169457,30.8428,4.71212,161.587,5.80937,18.6541,0,22.8757,74.5534,0.541639,7
-2,321.95,4.66676,0.163772,30.4246,4.62705,162.359,5.87458,16.0265,0,22.7009,74.5654,0.541236,7
1,321.95,4.66676,0.163772,30.4246,4.62705,162.359,5.87458,16.0265,0,22.7009,74.5654,0.541236,7
-1,321.95,4.66676,0.163772,30.4246,4.62705,162.359,5.87458,16.0265,0,22.7009,74.5654,0.541236,4.9
-2,320.061,4.66634,0.16472,30.1166,4.58882,163.124,5.90304,13.8184,0,22.5664,74.5707,0.541831,4.9
2,320.061,4.66634,0.16472,30.1166,4.58882,163.124,5.90304,13.8184,0,22.5664,74.5707,0.541831,4.9
-1,320.061,4.66634,0.16472,30.1166,4.58882,163.124,5.90304,13.8184,0,22.5664,74.5707,0.541831,3.43
-2,318.881,4.79374,0.16625,29.9621,4.50766,163.772,5.92893,12.1306,0,22.5001,74.5754,0.544219,3.43
3,318.881,4.79374,0.16625,29.9621,4.50766,163.772,5.92893,12.1306,0,22.5001,74.5754,0.544219,3.43
-1,318.881,4.79374,0.16625,29.9621,4.50766,163.772,5.92893,12.1306,0,22.5001,74.5754,0.544219,2.401
-2,318.143,4.86327,0.167095,29.9541,4.42313,164.231,5.97367,10.9004,0,22.4997,74.5836,0.547641,2.401
4,318.143,4.86327,0.167095,29.9541,4.42313,164.231,5.97367,10.9004,0,22.4997,74.5836,0.547641,2.401
0,324.649,4.93209,0.175942,30.6912,4.62185,163.192,5.88623,17.2101,0,22.826,74.5676,0.546013,1.6807
-1,324.649,4.93209,0.175942,30.6912,4.62185,163.192,5.88623,17.2101,0,22.826,74.5676,0.546013,7
-2,322.349,4.59421,0.168285,30.3516,4.60195,163.858,5.93298,15.0394,0,22.6808,74.5762,0.545988,7
1,322.349,4.59421,0.168285,30.3516,4.60195,163.858,5.93298,15.0394,0,22.6808,74.5762,0.545988,7
-1,322.349,4.59421,0.168285,30.3516,4.60195,163.858,5.93298,15.0394,0,22.6808,74.5762,0.545988,4.9
-2,320.661,4.58412,0.16975,30.1069,4.43143,164.533,5.9486,13.1909,0,22.5707,74.5791,0.546983,4.9
2,320.661,4.58412,0.16975,30.1069,4.43143,164.533,5.9486,13.1909,0,22.5707,74.5791,0.546983,4.9
-1,320.661,4.58412,0.16975,30.1069,4.43143,164.533,5.9486,13.1909,0,22.5707,74.5791,0.546983,3.43
-2,319.506,4.45345,0.166752,29.997,4.47076,165.089,5.96654,11.708,0,22.5232,74.5824,0.549321,3.43
3,319.506,4.45345,0.166752,29.997,4.47076,165.089,5.96654,11.708,0,22.5232,74.5824,0.549321,3.43
-1,319.506,4.45345,0.166752,29.997,4.47076,165.089,5.96654,11.708,0,22.5232,74.5824,0.549321,2.401
-2,319.083,4.75099,0.169756,29.9866,4.40706,165.544,5.99853,10.5654,0,22.5194,74.5882,0.552846,2.401
4,319.083,4.75099,0.169756,29.9866,4.40706,165.544,5.99853,10.5654,0,22.5194,74.5882,0.552846,2.401
0,325.204,4.73705,0.178627,30.7157,4.56494,164.487,5.9224,16.6296,0,22.8425,74.5743,0.551437,1.6807
-1,325.204,4.73705,0.178627,30.7157,4.56494,164.487,5.9224,16.6296,0,22.8425,74.5743,0.551437,7
-2,323.592,4.86437,0.178308,30.3817,4.64561,165.142,5.95774,14.593,0,22.6963,74.5808,0.551801,7
1,323.592,4.86437,0.178308,30.3817,4.64561,165.142,5.95774,14.593,0,22.6963,74.5808,0.551801,7
-1,323.592,4.86437,0.178308,30.3817,4.64561,165.142,5.95774,14.593,0,22.6963,74.5808,0.551801,4.9
-2,321.839,4.53296,0.174495,30.2055,4.48211,165.69,5.98482,13.0097,0,22.6203,74.5858,0.553208,4.9
2,321.839,4.53296,0.174495,30.2055,4.48211,165.69,5.98482,13.0097,0,22.6203,74.5858,0.553208,4.9
-1,321.839,4.53296,0.174495,30.2055,4.48211,165.69,5.98482,13.0097,0,22.6203,74.5858,0.553208,3.43
-2,320.815,4.579,0.174686,30.1019,4.41154,166.214,6.00207,11.6125,0,22.5748,74.5889,0.555799,3.43
3,320.815,4.579,0.174686,30.1019,4.41154,166.214,6.00207,11.6125,0,22.5748,74.5889,0.555799,3.43
-1,320.815,4.579,0.174686,30.1019,4.41154,166.214,6.00207,11.6125,0,22.5748,74.5889,0.555799,2.401
-2,319.818,4.24481,0.167806,30.1218,4.36299,166.597,6.0283,10.5576,0,22.5849,74.5937,0.55913,2.401
4,319.818,4.24481,0.167806,30.1218,4.36299,166.597,6.0283,10.5576,0,22.5849,74.5937,0.55913,2.401
0,325.849,4.25659,0.177268,30.8428,4.48686,165.53,5.96336,16.5481,0,22.9047,74.5818,0.557583,1.6807
-1,325.849,4.25659,0.177268,30.8428,4.48686,165.53,5.96336,16.5481,0,22.9047,74.5818,0.557583,7
-2,324.661,4.70226,0.183228,30.4796,4.71054,166.222,5.9851,14.4946,0,22.7402,74.5859,0.557576,7
1,324.661,4.70226,0.183228,30.4796,4.71054,166.222,5.9851,14.4946,0,22.7402,74.5859,0.557576,7
-1,324.661,4.70226,0.183228,30.4796,4.71054,166.222,5.9851,14.4946,0,22.7402,74.5859,0.557576,4.9
-2,323.358,4.55568,0.179601,30.3463,4.66733,166.718,6.01867,13.0343,0,22.6872,74.592,0.559055,4.9
2,323.358,4.55568,0.179601,30.3463,4.66733,166.718,6.01867,13.0343,0,22.6872,74.592,0.559055,4.9
-1,323.358,4.55568,0.179601,30.3463,4.66733,166.718,6.01867,13.0343,0,22.6872,74.592,0.559055,3.43
-2,321.942,4.25953,0.175541,30.2933,4.41152,167.149,6.05911,11.7645,0,22.6681,74.5995,0.561257,3.43
3,321.942,4.25953,0.175541,30.2933,4.41152,167.149,6.05911,11.7645,0,22.6681,74.5995,0.561257,3.43
-1,321.942,4.25953,0.175541,30.2933,4.41152,167.149,6.05911,11.7645,0,22.6681,74.5995,0.561257,2.401
-2,321.492,4.65744,0.185671,30.2999,4.2227,167.543,6.06614,10.683,0,22.6698,74.6007,0.563955,2.401
4,321.492,4.65744,0.185671,30.2999,4.2227,167.543,6.06614,10.683,0,22.6698,74.6007,0.563955,2.401
0,327.472,4.68216,0.195771,31.0115,4.30705,166.457,6.01141,16.6687,0,22.9855,74.5907,0.562136,1.6807
-1,327.472,4.68216,0.195771,31.0115,4.30705,166.457,6.01141,16.6687,0,22.9855,74.5907,0.562136,7
-2,325.869,4.68107,0.194446,30.6577,4.61584,167.133,6.00449,14.6084,0,22.8219,74.5894,0.562348,7
1,325.869,4.68107,0.194446,30.6577,4.61584,167.133,6.00449,14.6084,0,22.8219,74.5894,0.562348,7
-1,325.869,4.68107,0.194446,30.6577,4.61584,167.133,6.00449,14.6084,0,22.8219,74.5894,0.562348,4.9
-2,325.203,5.16363,0.203891,30.483,4.64937,167.712,6.02116,13.0663,0,22.747,74.5925,0.564105,4.9
2,325.203,5.16363,0.203891,30.483,4.64937,167.712,6.02116,13.0663,0,22.747,74.5925,0.564105,4.9
0,332.226,5.1762,0.218259,31.1789,4.66514,166.598,5.9891,20.197,0,23.055,74.5866,0.561886,3.43
-1,332.226,5.1762,0.218259,31.1789,4.66514,166.598,5.9891,20.197,0,23.055,74.5866,0.561886,7
-2,329.737,5.0501,0.21463,30.756,4.83691,167.331,6.0282,17.5012,0,22.8634,74.5938,0.561951,7
1,329.737,5.0501,0.21463,30.756,4.83691,167.331,6.0282,17.5012,0,22.8634,74.5938,0.561951,7
-1,329.737,5.0501,0.21463,30.756,4.83691,167.331,6.0282,17.5012,0,22.8634,74.5938,0.561951,4.9
-2,327.754,5.01638,0.216318,30.4881,4.77819,168,6.07873,15.2604,0,22.7497,74.6031,0.562921,4.9
2,327.754,5.01638,0.216318,30.4881,4.77819,168,6.07873,15.2604,0,22.7497,74.6031,0.562921,4.9
-1,327.754,5.01638,0.216318,30.4881,4.77819,168,6.07873,15.2604,0,22.7497,74.6031,0.562921,3.43
-2,326.621,5.18417,0.220911,30.3804,4.7188,168.61,6.09637,13.5315,0,22.7071,74.6064,0.565418,3.43
3,326.621,5.18417,0.220911,30.3804,4.7188,168.61,6.09637,13.5315,0,22.7071,74.6064,0.565418,3.43
-1,326.621,5.18417,0.220911,30.3804,4.7188,168.61,6.09637,13.5315,0,22.7071,74.6064,0.565418,2.401
-2,325.957,5.41283,0.227428,30.4058,4.55668,169.105,6.12293,12.2205,0,22.7248,74.6112,0.569469,2.401
4,325.957,5.41283,0.227428,30.4058,4.55668,169.105,6.12293,12.2205,0,22.7248,74.6112,0.569469,2.401
0,332.485,5.4611,0.24183,31.0909,4.57739,167.986,6.10144,18.825,0,23.0275,74.6073,0.566951,1.6807
-1,332.485,5.4611,0.24183,31.0909,4.57739,167.986,6.10144,18.825,0,23.0275,74.6073,0.566951,7
-2,330.365,5.29699,0.237803,30.732,4.72886,168.648,6.13699,16.5394,0,22.8627,74.6138,0.567699,7
1,330.365,5.29699,0.237803,30.732,4.72886,168.648,6.13699,16.5394,0,22.8627,74.6138,0.567699,7
-1,330.365,5.29699,0.237803,30.732,4.72886,168.648,6.13699,16.5394,0,22.8627,74.6138,0.567699,4.9
-2,328.696,5.2458,0.240878,30.5101,4.71187,169.265,6.18611,14.5765,0,22.7681,74.6229,0.569481,4.9
2,328.696,5.2458,0.240878,30.5101,4.71187,169.265,6.18611,14.5765,0,22.7681,74.6229,0.569481,4.9
-1,328.696,5.2458,0.240878,30.5101,4.71187,169.265,6.18611,14.5765,0,22.7681,74.6229,0.569481,3.43
-2,327.472,5.10153,0.238169,30.4353,4.67516,169.795,6.21702,13.0668,0,22.7415,74.6286,0.572538,3.43
3,327.472,5.10153,0.238169,30.4353,4.67516,169.795,6.21702,13.0668,0,22.7415,74.6286,0.572538,3.43
-1,327.472,5.10153,0.238169,30.4353,4.67516,169.795,6.21702,13.0668,0,22.7415,74.6286,0.572538,2.401
-2,326.964,5.3946,0.241746,30.4732,4.4985,170.242,6.24938,11.8895,0,22.7642,74.6345,0.576317,2.401
4,326.964,5.3946,0.241746,30.4732,4.4985,170.242,6.24938,11.8895,0,22.7642,74.6345,0.576317,2.401
0,333.231,5.45782,0.256595,31.1502,4.50929,169.12,6.23155,18.2383,0,23.0632,74.6312,0.573075,1.6807
-1,333.231,5.45782,0.256595,31.1502,4.50929,169.12,6.23155,18.2383,0,23.0632,74.6312,0.573075,7
-2,331.617,5.56027,0.255896,30.8102,4.7751,169.746,6.25494,16.1033,0,22.9014,74.6355,0.573736,7
1,331.617,5.56027,0.255896,30.8102,4.7751,169.746,6.25494,16.1033,0,22.9014,74.6355,0.573736,7
-1,331.617,5.56027,0.255896,30.8102,4.7751,169.746,6.25494,16.1033,0,22.9014,74.6355,0.573736,4.9
-2,329.944,5.23794,0.252764,30.6243,4.80961,170.297,6.29144,14.3949,0,22.8191,74.6422,0.575312,4.9
2,329.944,5.23794,0.252764,30.6243,4.80961,170.297,6.29144,14.3949,0,22.8191,74.6422,0.575312,4.9
-1,329.944,5.23794,0.252764,30.6243,4.80961,170.297,6.29144,14.3949,0,22.8191,74.6422,0.575312,3.43
-2,329.157,5.46485,0.258834,30.5562,4.77311,170.796,6.3354,12.9478,0,22.7964,74.6503,0.57829,3.43
3,329.157,5.46485,0.258834,30.5562,4.77311,170.796,6.3354,12.9478,0,22.7964,74.6503,0.57829,3.43
0,335.648,5.41862,0.274322,31.2181,4.75269,169.652,6.32453,19.6972,0,23.0875,74.6484,0.574912,2.401
-1,335.648,5.41862,0.274322,31.2181,4.75269,169.652,6.32453,19.6972,0,23.0875,74.6484,0.574912,7
-2,333.494,5.27126,0.267377,30.8266,5.1339,170.293,6.36882,17.1978,0,22.9034,74.6565,0.575189,7
1,333.494,5.27126,0.267377,30.8266,5.1339,170.293,6.36882,17.1978,0,22.9034,74.6565,0.575189,7
-1,333.494,5.27126,0.267377,30.8266,5.1339,170.293,6.36882,17.1978,0,22.9034,74.6565,0.575189,4.9
-2,332.28,5.47317,0.267746,30.6567,5.18116,170.909,6.38688,15.3408,0,22.8274,74.6598,0.576624,4.9
2,332.28,5.47317,0.267746,30.6567,5.18116,170.909,6.38688,15.3408,0,22.8274,74.6598,0.576624,4.9
-1,332.28,5.47317,0.267746,30.6567,5.18116,170.909,6.38688,15.3408,0,22.8274,74.6598,0.576624,3.43
-2,330.837,5.31233,0.264856,30.6586,4.76579,171.383,6.41323,13.9602,0,22.8352,74.6647,0.579121,3.43
3,330.837,5.31233,0.264856,30.6586,4.76579,171.383,6.41323,13.9602,0,22.8352,74.6647,0.579121,3.43
-1,330.837,5.31233,0.264856,30.6586,4.76579,171.383,6.41323,13.9602,0,22.8352,74.6647,0.579121,2.401
-2,329.838,5.11804,0.262273,30.6955,4.78037,171.788,6.44375,12.6404,0,22.8584,74.6702,0.581245,2.401
4,329.838,5.11804,0.262273,30.6955,4.78037,171.788,6.44375,12.6404,0,22.8584,74.6702,0.581245,2.401
0,336.078,5.10069,0.278191,31.3472,4.77219,170.629,6.43373,19.1263,0,23.1443,74.6684,0.577962,1.6807
-1,336.078,5.10069,0.278191,31.3472,4.77219,170.629,6.43373,19.1263,0,23.1443,74.6684,0.577962,7
-2,334.571,5.42329,0.282177,30.9753,5.20595,171.263,6.45696,16.7512,0,22.9632,74.6727,0.577557,7
1,334.571,5.42329,0.282177,30.9753,5.20595,171.263,6.45696,16.7512,0,22.9632,74.6727,0.577557,7
-1,334.571,5.42329,0.282177,30.9753,5.20595,171.263,6.45696,16.7512,0,22.9632,74.6727,0.577557,4.9
-2,333.16,5.21866,0.274924,30.8445,5.32442,171.742,6.49726,15.0903,0,22.9088,74.6801,0.578427,4.9
2,333.16,5.21866,0.274924,30.8445,5.32442,171.742,6.49726,15.0903,0,22.9088,74.6801,0.578427,4.9
-1,333.16,5.21866,0.274924,30.8445,5.32442,171.742,6.49726,15.0903,0,22.9088,74.6801,0.578427,3.43
-2,332.106,5.12498,0.270979,30.8528,5.1801,172.189,6.52305,13.7807,0,22.9196,74.6849,0.580207,3.43
3,332.106,5.12498,0.270979,30.8528,5.1801,172.189,6.52305,13.7807,0,22.9196,74.6849,0.580207,3.43
-1,332.106,5.12498,0.270979,30.8528,5.1801,172.189,6.52305,13.7807,0,22.9196,74.6849,0.580207,2.401
-2,330.859,4.88118,0.26624,30.943,4.68663,172.563,6.53735,12.7451,0,22.9666,74.6875,0.582366,2.401
4,330.859,4.88118,0.26624,30.943,4.68663,172.563,6.53735,12.7451,0,22.9666,74.6875,0.582366,2.401
-1,330.859,4.88118,0.26624,30.943,4.68663,172.563,6.53735,12.7451,0,22.9666,74.6875,0.582366,1.6807
-2,330.166,4.78862,0.264562,31.0188,4.68459,172.902,6.55432,11.6727,0,23.0057,74.6906,0.583579,1.6807
5,330.166,4.78862,0.264562,31.0188,4.68459,172.902,6.55432,11.6727,0,23.0057,74.6906,0.583579,1.6807
0,335.848,4.80085,0.280544,31.6657,4.68443,171.723,6.5402,17.596,0,23.2896,74.688,0.580132,1.17649
-1,335.848,4.80085,0.280544,31.6657,4.68443,171.723,6.5402,17.596,0,23.2896,74.688,0.580132,7
-2,334.445,4.98081,0.280172,31.322,5.06117,172.301,6.53971,15.5767,0,23.1164,74.6879,0.579321,7
1,334.445,4.98081,0.280172,31.322,5.06117,172.301,6.53971,15.5767,0,23.1164,74.6879,0.579321,7
-1,334.445,4.98081,0.280172,31.322,5.06117,172.301,6.53971,15.5767,0,23.1164,74.6879,0.579321,4.9
-2,333.677,5.16535,0.281546,31.1942,5.24466,172.748,6.56457,14.1474,0,23.06,74.6924,0.579412,4.9
2,333.677,5.16535,0.281546,31.1942,5.24466,172.748,6.56457,14.1474,0,23.06,74.6924,0.579412,4.9
0,340.293,5.15461,0.302443,31.82,5.27395,171.521,6.56003,21.0625,0,23.3328,74.6916,0.575033,3.43
-1,340.293,5.15461,0.302443,31.82,5.27395,171.521,6.56003,21.0625,0,23.3328,74.6916,0.575033,7
-2,338.453,5.20615,0.293534,31.4289,5.9139,172.083,6.60517,18.5119,0,23.1372,74.6999,0.573364,7
1,338.453,5.20615,0.293534,31.4289,5.9139,172.083,6.60517,18.5119,0,23.1372,74.6999,0.573364,7
-1,338.453,5.20615,0.293534,31.4289,5.9139,172.083,6.60517,18.5119,0,23.1372,74.6999,0.573364,4.9
-2,336.156,4.77367,0.283724,31.2844,5.57874,172.589,6.65682,16.6373,0,23.0714,74.7094,0.572206,4.9
2,336.156,4.77367,0.283724,31.2844,5.57874,172.589,6.65682,16.6373,0,23.0714,74.7094,0.572206,4.9
-1,336.156,4.77367,0.283724,31.2844,5.57874,172.589,6.65682,16.6373,0,23.0714,74.7094,0.572206,3.43
-2,334.729,4.61042,0.280471,31.2111,5.58975,173.137,6.66355,14.9105,0,23.044,74.7106,0.571338,3.43
3,334.729,4.61042,0.280471,31.2111,5.58975,173.137,6.66355,14.9105,0,23.044,74.7106,0.571338,3.43
-1,334.729,4.61042,0.280471,31.2111,5.58975,173.137,6.66355,14.9105,0,23.044,74.7106,0.571338,2.401
-2,333.885,4.82164,0.28156,31.257,5.32993,173.591,6.6812,13.56,0,23.0782,74.7139,0.57143,2.401
4,333.885,4.82164,0.28156,31.257,5.32993,173.591,6.6812,13.56,0,23.0782,74.7139,0.57143,2.401
0,340.017,4.83507,0.302307,31.8633,5.37489,172.307,6.67984,20.0326,0,23.3406,74.7136,0.568224,1.6807
-1,340.017,4.83507,0.302307,31.8633,5.37489,172.307,6.67984,20.0326,0,23.3406,74.7136,0.568224,7
-2,338.594,5.07461,0.300193,31.5132,5.94835,172.88,6.6936,17.7381,0,23.1629,74.7161,0.566436,7
1,338.594,5.07461,0.300193,31.5132,5.94835,172.88,6.6936,17.7381,0,23.1629,74.7161,0.566436,7
-1,338.594,5.07461,0.300193,31.5132,5.94835,172.88,6.6936,17.7381,0,23.1629,74.7161,0.566436,4.9
-2,337.02,4.8151,0.288571,31.4065,5.88499,173.314,6.74054,16.1611,0,23.1188,74.7248,0.56548,4.9
2,337.02,4.8151,0.288571,31.4065,5.88499,173.314,6.74054,16.1611,0,23.1188,74.7248,0.56548,4.9
-1,337.02,4.8151,0.288571,31.4065,5.88499,173.314,6.74054,16.1611,0,23.1188,74.7248,0.56548,3.43
-2,335.924,4.95693,0.290359,31.3801,5.66447,173.757,6.7722,14.6928,0,23.1152,74.7306,0.56435,3.43
3,335.924,4.95693,0.290359,31.3801,5.66447,173.757,6.7722,14.6928,0,23.1152,74.7306,0.56435,3.43
-1,335.924,4.95693,0.290359,31.3801,5.66447,173.757,6.7722,14.6928,0,23.1152,74.7306,0.56435,2.401
-2,334.994,4.8599,0.290829,31.4826,5.51543,174.107,6.7856,13.4812,0,23.1742,74.7331,0.563758,2.401
4,334.994,4.8599,0.290829,31.4826,5.51543,174.107,6.7856,13.4812,0,23.1742,74.7331,0.563758,2.401
0,340.91,4.88282,0.312055,32.075,5.60447,172.771,6.78621,19.7558,0,23.4293,74.7332,0.560468,1.6807
-1,340.91,4.88282,0.312055,32.075,5.60447,172.771,6.78621,19.7558,0,23.4293,74.7332,0.560468,7
-2,339.336,5.09068,0.307891,31.75,6.00122,173.33,6.80094,17.4985,0,23.2618,74.7359,0.558837,7
1,339.336,5.09068,0.307891,31.75,6.00122,173.33,6.80094,17.4985,0,23.2618,74.7359,0.558837,7
-1,339.336,5.09068,0.307891,31.75,6.00122,173.33,6.80094,17.4985,0,23.2618,74.7359,0.558837,4.9
-2,338.12,5.0419,0.30357,31.6553,6.06165,173.78,6.82155,15.9398,0,23.2189,74.7396,0.557787,4.9
2,338.12,5.0419,0.30357,31.6553,6.06165,173.78,6.82155,15.9398,0,23.2189,74.7396,0.557787,4.9
-1,338.12,5.0419,0.30357,31.6553,6.06165,173.78,6.82155,15.9398,0,23.2189,74.7396,0.557787,3.43
-2,337.05,4.87799,0.296458,31.6765,5.91213,174.149,6.8313,14.7712,0,23.2371,74.7414,0.557017,3.43
3,337.05,4.87799,0.296458,31.6765,5.91213,174.149,6.8313,14.7712,0,23.2371,74.7414,0.557017,3.43
-1,337.05,4.87799,0.296458,31.6765,5.91213,174.149,6.8313,14.7712,0,23.2371,74.7414,0.557017,2.401
-2,336.011,4.82225,0.295134,31.74,5.61444,174.503,6.84807,13.6108,0,23.2768,74.7445,0.556097,2.401
4,336.011,4.82225,0.295134,31.74,5.61444,174.503,6.84807,13.6108,0,23.2768,74.7445,0.556097,2.401
-1,336.011,4.82225,0.295134,31.74,5.61444,174.503,6.84807,13.6108,0,23.2768,74.7445,0.556097,1.6807
-2,335.377,4.89868,0.296061,31.8578,5.40941,174.78,6.85606,12.6333,0,23.3446,74.746,0.555295,1.6807
5,335.377,4.89868,0.296061,31.8578,5.40941,174.78,6.85606,12.6333,0,23.3446,74.746,0.555295,1.6807
0,340.762,4.93807,0.31737,32.4438,5.517,173.389,6.85722,18.4051,0,23.5964,74.7462,0.551796,1.17649
-1,340.762,4.93807,0.31737,32.4438,5.517,173.389,6.85722,18.4051,0,23.5964,74.7462,0.551796,7
-2,339.378,4.96786,0.311386,32.1377,6.01023,173.855,6.86464,16.5001,0,23.4342,74.7475,0.549794,7
1,339.378,4.96786,0.311386,32.1377,6.01023,173.855,6.86464,16.5001,0,23.4342,74.7475,0.549794,7
-1,339.378,4.96786,0.311386,32.1377,6.01023,173.855,6.86464,16.5001,0,23.4342,74.7475,0.549794,4.9
-2,338.54,5.08519,0.309469,32.0518,6.10253,174.27,6.88512,15.1423,0,23.3936,74.7513,0.548657,4.9
2,338.54,5.08519,0.309469,32.0518,6.10253,174.27,6.88512,15.1423,0,23.3936,74.7513,0.548657,4.9
0,344.783,5.11246,0.33589,32.6134,6.35914,172.821,6.8872,21.726,0,23.6325,74.7517,0.5435,3.43
-1,344.783,5.11246,0.33589,32.6134,6.35914,172.821,6.8872,21.726,0,23.6325,74.7517,0.5435,7
-2,342.943,5.21491,0.321692,32.2484,6.85587,173.351,6.95156,19.2563,0,23.4384,74.7635,0.541142,7
1,342.943,5.21491,0.321692,32.2484,6.85587,173.351,6.95156,19.2563,0,23.4384,74.7635,0.541142,7
-1,342.943,5.21491,0.321692,32.2484,6.85587,173.351,6.95156,19.2563,0,23.4384,74.7635,0.541142,4.9
-2,341.12,4.93805,0.314126,32.0932,6.78796,173.767,7.04324,17.4913,0,23.3669,74.7803,0.538348,4.9
2,341.12,4.93805,0.314126,32.0932,6.78796,173.767,7.04324,17.4913,0,23.3669,74.7803,0.538348,4.9
-1,341.12,4.93805,0.314126,32.0932,6.78796,173.767,7.04324,17.4913,0,23.3669,74.7803,0.538348,3.43
-2,339.788,4.93137,0.313645,32.0724,6.53648,174.21,7.07685,15.9564,0,23.3679,74.7865,0.536137,3.43
3,339.788,4.93137,0.313645,32.0724,6.53648,174.21,7.07685,15.9564,0,23.3679,74.7865,0.536137,3.43
-1,339.788,4.93137,0.313645,32.0724,6.53648,174.21,7.07685,15.9564,0,23.3679,74.7865,0.536137,2.401
-2,339.102,5.13084,0.316352,32.1639,6.36717,174.58,7.06376,14.7383,0,23.4239,74.7841,0.534309,2.401
4,339.102,5.13084,0.316352,32.1639,6.36717,174.58,7.06376,14.7383,0,23.4239,74.7841,0.534309,2.401
0,344.811,5.16221,0.342132,32.6984,6.63919,173.051,7.06455,20.8893,0,23.6484,74.7843,0.530746,1.6807
-1,344.811,5.16221,0.342132,32.6984,6.63919,173.051,7.06455,20.8893,0,23.6484,74.7843,0.530746,7
-2,343.073,5.10846,0.330384,32.3914,7.0792,173.496,7.12203,18.7345,0,23.4874,74.7948,0.528265,7
1,343.073,5.10846,0.330384,32.3914,7.0792,173.496,7.12203,18.7345,0,23.4874,74.7948,0.528265,7
-1,343.073,5.10846,0.330384,32.3914,7.0792,173.496,7.12203,18.7345,0,23.4874,74.7948,0.528265,4.9
-2,342.08,5.16176,0.322496,32.3023,7.18693,173.925,7.16146,17.2456,0,23.4461,74.802,0.526072,4.9
2,342.08,5.16176,0.322496,32.3023,7.18693,173.925,7.16146,17.2456,0,23.4461,74.802,0.526072,4.9
0,348.66,5.16679,0.350079,32.8103,7.84988,172.334,7.15908,24.0111,0,23.6567,74.8016,0.520801,3.43
-1,348.66,5.16679,0.350079,32.8103,7.84988,172.334,7.15908,24.0111,0,23.6567,74.8016,0.520801,7
-2,345.702,5.0523,0.33513,32.3998,7.83535,172.857,7.30296,21.1323,0,23.4424,74.8281,0.51725,7
1,345.702,5.0523,0.33513,32.3998,7.83535,172.857,7.30296,21.1323,0,23.4424,74.8281,0.51725,7
-1,345.702,5.0523,0.33513,32.3998,7.83535,172.857,7.30296,21.1323,0,23.4424,74.8281,0.51725,4.9
-2,344.22,5.139,0.334539,32.2249,7.97313,173.35,7.40066,19.0726,0,23.3658,74.8461,0.513615,4.9
2,344.22,5.139,0.334539,32.2249,7.97313,173.35,7.40066,19.0726,0,23.3658,74.8461,0.513615,4.9
-1,344.22,5.139,0.334539,32.2249,7.97313,173.35,7.40066,19.0726,0,23.3658,74.8461,0.513615,3.43
-2,343.308,5.40452,0.337627,32.2641,7.77699,173.763,7.45038,17.5455,0,23.4001,74.8553,0.510683,3.43
3,343.308,5.40452,0.337627,32.2641,7.77699,173.763,7.45038,17.5455,0,23.4001,74.8553,0.510683,3.43
0,349.882,5.88163,0.377895,32.7362,8.3994,172.089,7.44344,24.003,0,23.5922,74.854,0.505032,2.401
-1,349.882,5.88163,0.377895,32.7362,8.3994,172.089,7.44344,24.003,0,23.5922,74.854,0.505032,7
-2,347.999,5.90948,0.366268,32.5009,8.82433,172.489,7.56993,21.4964,0,23.4638,74.8773,0.50185,7
1,347.999,5.90948,0.366268,32.5009,8.82433,172.489,7.56993,21.4964,0,23.4638,74.8773,0.50185,7
-1,347.999,5.90948,0.366268,32.5009,8.82433,172.489,7.56993,21.4964,0,23.4638,74.8773,0.50185,4.9
-2,346.318,5.44785,0.345332,32.4889,8.80141,172.829,7.65953,19.8945,0,23.4591,74.8938,0.498354,4.9
2,346.318,5.44785,0.345332,32.4889,8.80141,172.829,7.65953,19.8945,0,23.4591,74.8938,0.498354,4.9
-1,346.318,5.44785,0.345332,32.4889,8.80141,172.829,7.65953,19.8945,0,23.4591,74.8938,0.498354,3.43
-2,344.48,5.20706,0.336726,32.542,8.15891,173.233,7.69471,18.4207,0,23.492,74.9003,0.493914,3.43
3,344.48,5.20706,0.336726,32.542,8.15891,173.233,7.69471,18.4207,0,23.492,74.9003,0.493914,3.43
-1,344.48,5.20706,0.336726,32.542,8.15891,173.233,7.69471,18.4207,0,23.492,74.9003,0.493914,2.401
-2,343.394,5.26647,0.336646,32.6613,7.81486,173.663,7.65751,17.0496,0,23.5623,74.8934,0.489314,2.401
4,343.394,5.26647,0.336646,32.6613,7.81486,173.663,7.65751,17.0496,0,23.5623,74.8934,0.489314,2.401
-1,343.394,5.26647,0.336646,32.6613,7.81486,173.663,7.65751,17.0496,0,23.5623,74.8934,0.489314,1.6807
-2,342.475,5.24049,0.33535,32.8473,7.43793,173.99,7.61457,15.9709,0,23.6673,74.8856,0.484872,1.6807
5,342.475,5.24049,0.33535,32.8473,7.43793,173.99,7.61457,15.9709,0,23.6673,74.8856,0.484872,1.6807
0,347.603,5.24921,0.363761,33.3081,7.96595,172.22,7.60679,21.6702,0,23.8535,74.8841,0.481381,1.17649
-1,347.603,5.24921,0.363761,33.3081,7.96595,172.22,7.60679,21.6702,0,23.8535,74.8841,0.481381,7
-2,346.123,5.24536,0.351278,33.0307,8.39067,172.617,7.72473,19.6687,0,23.7109,74.9059,0.478118,7
1,346.123,5.24536,0.351278,33.0307,8.39067,172.617,7.72473,19.6687,0,23.7109,74.9059,0.478118,7
-1,346.123,5.24536,0.351278,33.0307,8.39067,172.617,7.72473,19.6687,0,23.7109,74.9059,0.478118,4.9
-2,345.122,5.34287,0.343303,32.945,8.36017,172.962,7.8049,18.2954,0,23.6732,74.9207,0.474544,4.9
2,345.122,5.34287,0.343303,32.945,8.36017,172.962,7.8049,18.2954,0,23.6732,74.9207,0.474544,4.9
-1,345.122,5.34287,0.343303,32.945,8.36017,172.962,7.8049,18.2954,0,23.6732,74.9207,0.474544,3.43
-2,343.931,5.13828,0.337914,32.9779,8.11227,173.254,7.84317,17.1708,0,23.6983,74.9278,0.470571,3.43
3,343.931,5.13828,0.337914,32.9779,8.11227,173.254,7.84317,17.1708,0,23.6983,74.9278,0.470571,3.43
-1,343.931,5.13828,0.337914,32.9779,8.11227,173.254,7.84317,17.1708,0,23.6983,74.9278,0.470571,2.401
-2,343.075,5.22204,0.337709,33.0918,7.73531,173.56,7.82883,16.1419,0,23.7658,74.9252,0.466973,2.401
4,343.075,5.22204,0.337709,33.0918,7.73531,173.56,7.82883,16.1419,0,23.7658,74.9252,0.466973,2.401
0,347.991,5.22274,0.366032,33.5325,8.43256,171.7,7.81736,21.5909,0,23.9418,74.9231,0.463592,1.6807
-1,347.991,5.22274,0.366032,33.5325,8.43256,171.7,7.81736,21.5909,0,23.9418,74.9231,0.463592,7
-2,346.604,5.44205,0.360524,33.2394,8.72168,172.045,7.97729,19.6131,0,23.7925,74.9526,0.460285,7
1,346.604,5.44205,0.360524,33.2394,8.72168,172.045,7.97729,19.6131,0,23.7925,74.9526,0.460285,7
-1,346.604,5.44205,0.360524,33.2394,8.72168,172.045,7.97729,19.6131,0,23.7925,74.9526,0.460285,4.9
-2,345.647,5.34971,0.354544,33.1879,8.80802,172.307,8.07914,18.3606,0,23.7721,74.9714,0.457092,4.9
2,345.647,5.34971,0.354544,33.1879,8.80802,172.307,8.07914,18.3606,0,23.7721,74.9714,0.457092,4.9
0,351.232,5.32919,0.38388,33.5984,10.092,170.375,8.06323,24.0359,0,23.9334,74.9685,0.45242,3.43
-1,351.232,5.32919,0.38388,33.5984,10.092,170.375,8.06323,24.0359,0,23.9334,74.9685,0.45242,7
-2,349.184,5.3225,0.367005,33.2574,10.2489,170.682,8.37132,21.6978,0,23.7622,75.0255,0.448995,7
1,349.184,5.3225,0.367005,33.2574,10.2489,170.682,8.37132,21.6978,0,23.7622,75.0255,0.448995,7
-1,349.184,5.3225,0.367005,33.2574,10.2489,170.682,8.37132,21.6978,0,23.7622,75.0255,0.448995,4.9
-2,347.95,5.15634,0.352682,33.1755,10.185,170.966,8.56451,20.3167,0,23.7262,75.0612,0.445175,4.9
2,347.95,5.15634,0.352682,33.1755,10.185,170.966,8.56451,20.3167,0,23.7262,75.0612,0.445175,4.9
-1,347.95,5.15634,0.352682,33.1755,10.185,170.966,8.56451,20.3167,0,23.7262,75.0612,0.445175,3.43
-2,346.727,5.06303,0.344609,33.2059,9.73445,171.247,8.65025,19.2151,0,23.7484,75.0771,0.440879,3.43
3,346.727,5.06303,0.344609,33.2059,9.73445,171.247,8.65025,19.2151,0,23.7484,75.0771,0.440879,3.43
-1,346.727,5.06303,0.344609,33.2059,9.73445,171.247,8.65025,19.2151,0,23.7484,75.0771,0.440879,2.401
-2,345.596,5.05896,0.342931,33.3249,9.14108,171.541,8.63425,18.2287,0,23.8142,75.0741,0.436627,2.401
4,345.596,5.05896,0.342931,33.3249,9.14108,171.541,8.63425,18.2287,0,23.8142,75.0741,0.436627,2.401
-1,345.596,5.05896,0.342931,33.3249,9.14108,171.541,8.63425,18.2287,0,23.8142,75.0741,0.436627,1.6807
-2,344.736,5.02892,0.342529,33.5029,8.75759,171.81,8.54293,17.3533,0,23.9077,75.0572,0.432648,1.6807
5,344.736,5.02892,0.342529,33.5029,8.75759,171.81,8.54293,17.3533,0,23.9077,75.0572,0.432648,1.6807
0,349.167,5.09891,0.37461,33.8785,9.67758,169.767,8.52386,22.3095,0,24.0524,75.0537,0.430772,1.17649
-1,349.167,5.09891,0.37461,33.8785,9.67758,169.767,8.52386,22.3095,0,24.0524,75.0537,0.430772,7
-2,347.588,4.98861,0.360625,33.6248,9.85268,170.049,8.7345,20.5304,0,23.9264,75.0927,0.428259,7
1,347.588,4.98861,0.360625,33.6248,9.85268,170.049,8.7345,20.5304,0,23.9264,75.0927,0.428259,7
-1,347.588,4.98861,0.360625,33.6248,9.85268,170.049,8.7345,20.5304,0,23.9264,75.0927,0.428259,4.9
-2,346.906,5.03816,0.352101,33.5648,9.91878,170.336,8.82577,19.4377,0,23.8984,75.1096,0.425601,4.9
2,346.906,5.03816,0.352101,33.5648,9.91878,170.336,8.82577,19.4377,0,23.8984,75.1096,0.425601,4.9
0,353.403,5.01976,0.394938,33.9792,11.9567,167.954,8.7127,25.8109,0,24.0612,75.0887,0.42462,4.9
-1,353.403,5.01976,0.394938,33.9792,11.9567,167.954,8.7127,25.8109,0,24.0612,75.0887,0.42462,7
-2,350.966,5.06076,0.37266,33.5444,11.9372,168.243,9.18652,23.1731,0,23.85,75.1766,0.421494,7
1,350.966,5.06076,0.37266,33.5444,11.9372,168.243,9.18652,23.1731,0,23.85,75.1766,0.421494,7
0,362.666,5.147,0.441304,34.335,16.702,165.798,8.68916,31.8529,0,24.1962,75.0844,0.420373,7
-1,362.666,5.147,0.441304,34.335,16.702,165.798,8.68916,31.8529,0,24.1962,75.0844,0.420373,7
-2,355.783,5.17021,0.402084,33.5505,14.6034,166.065,9.60278,26.8935,0,23.8246,75.254,0.416945,7
1,355.783,5.17021,0.402084,33.5505,14.6034,166.065,9.60278,26.8935,0,23.8246,75.254,0.416945,7
-1,355.783,5.17021,0.402084,33.5505,14.6034,166.065,9.60278,26.8935,0,23.8246,75.254,0.416945,4.9
-2,353.561,5.11936,0.377006,33.24,14.1768,166.21,10.3293,24.6082,0,23.6977,75.3893,0.413467,4.9
2,353.561,5.11936,0.377006,33.24,14.1768,166.21,10.3293,24.6082,0,23.6977,75.3893,0.413467,4.9
-1,353.561,5.11936,0.377006,33.24,14.1768,166.21,10.3293,24.6082,0,23.6977,75.3893,0.413467,3.43
-2,352.609,5.14376,0.364402,33.1702,13.8718,166.318,10.7779,23.3985,0,23.6821,75.473,0.4095,3.43
3,352.609,5.14376,0.364402,33.1702,13.8718,166.318,10.7779,23.3985,0,23.6821,75.473,0.4095,3.43
0,357.334,5.24464,0.403443,33.3942,16.4231,164.074,10.7537,27.4028,0,23.7617,75.4686,0.407922,2.401
-1,357.334,5.24464,0.403443,33.3942,16.4231,164.074,10.7537,27.4028,0,23.7617,75.4686,0.407922,7
-2,355.358,5.26785,0.381753,33.1117,15.9923,164.114,11.5204,25.3001,0,23.6527,75.612,0.405358,7
1,355.358,5.26785,0.381753,33.1117,15.9923,164.114,11.5204,25.3001,0,23.6527,75.612,0.405358,7
-1,355.358,5.26785,0.381753,33.1117,15.9923,164.114,11.5204,25.3001,0,23.6527,75.612,0.405358,4.9
-2,354.193,5.08113,0.3676,33.0662,15.4727,164.118,12.042,24.2795,0,23.6542,75.7098,0.402499,4.9
2,354.193,5.08113,0.3676,33.0662,15.4727,164.118,12.042,24.2795,0,23.6542,75.7098,0.402499,4.9
-1,354.193,5.08113,0.3676,33.0662,15.4727,164.118,12.042,24.2795,0,23.6542,75.7098,0.402499,3.43
-2,353.719,5.23043,0.363935,33.1339,15.0091,164.165,12.2716,23.695,0,23.698,75.7528,0.399391,3.43
3,353.719,5.23043,0.363935,33.1339,15.0091,164.165,12.2716,23.695,0,23.698,75.7528,0.399391,3.43
0,357.344,5.3751,0.403998,33.2983,17.4112,161.866,12.2482,26.8394,0,23.7546,75.7486,0.398264,2.401
-1,357.344,5.3751,0.403998,33.2983,17.4112,161.866,12.2482,26.8394,0,23.7546,75.7486,0.398264,7
-2,355.636,5.12394,0.38373,33.1495,16.8754,161.831,12.971,25.3077,0,23.7128,75.8844,0.396398,7
1,355.636,5.12394,0.38373,33.1495,16.8754,161.831,12.971,25.3077,0,23.7128,75.8844,0.396398,7
-1,355.636,5.12394,0.38373,33.1495,16.8754,161.831,12.971,25.3077,0,23.7128,75.8844,0.396398,4.9
-2,355.118,5.13178,0.374325,33.1578,16.5593,161.825,13.3845,24.5934,0,23.7348,75.9622,0.394718,4.9
2,355.118,5.13178,0.374325,33.1578,16.5593,161.825,13.3845,24.5934,0,23.7348,75.9622,0.394718,4.9
0,359.011,5.21967,0.411215,33.284,20.0162,159.485,13.3628,27.1028,0,23.7773,75.9583,0.393642,3.43
-1,359.011,5.21967,0.411215,33.284,20.0162,159.485,13.3628,27.1028,0,23.7773,75.9583,0.393642,7
-2,357.606,5.26814,0.390452,33.1124,19.2887,159.399,14.3005,25.5853,0,23.7343,76.1353,0.392467,7
1,357.606,5.26814,0.390452,33.1124,19.2887,159.399,14.3005,25.5853,0,23.7343,76.1353,0.392467,7
-1,357.606,5.26814,0.390452,33.1124,19.2887,159.399,14.3005,25.5853,0,23.7343,76.1353,0.392467,4.9
-2,356.965,5.16971,0.376765,33.1086,18.7037,159.232,14.9315,25.0371,0,23.7588,76.2546,0.391641,4.9
2,356.965,5.16971,0.376765,33.1086,18.7037,159.232,14.9315,25.0371,0,23.7588,76.2546,0.391641,4.9
0,360.627,5.28856,0.415163,33.1899,22.7079,156.851,14.912,26.8345,0,23.7855,76.2511,0.390854,3.43
-1,360.627,5.28856,0.415163,33.1899,22.7079,156.851,14.912,26.8345,0,23.7855,76.2511,0.390854,7
-2,359.014,5.11792,0.388351,33.0546,21.5695,156.677,16.0148,25.5752,0,23.7666,76.4604,0.390317,7
1,359.014,5.11792,0.388351,33.0546,21.5695,156.677,16.0148,25.5752,0,23.7666,76.4604,0.390317,7
-1,359.014,5.11792,0.388351,33.0546,21.5695,156.677,16.0148,25.5752,0,23.7666,76.4604,0.390317,4.9
-2,358.645,5.14467,0.37424,33.0663,20.8429,156.47,16.7494,25.204,0,23.8027,76.6001,0.390655,4.9
2,358.645,5.14467,0.37424,33.0663,20.8429,156.47,16.7494,25.204,0,23.8027,76.6001,0.390655,4.9
0,362.108,5.29175,0.412947,33.1062,25.3321,154.054,16.7327,26.3749,0,23.8155,76.597,0.390124,3.43
-1,362.108,5.29175,0.412947,33.1062,25.3321,154.054,16.7327,26.3749,0,23.8155,76.597,0.390124,7
-2,360.199,5.05356,0.388342,33.0367,23.4332,153.836,17.9845,25.4048,0,23.8356,76.8359,0.390591,7
1,360.199,5.05356,0.388342,33.0367,23.4332,153.836,17.9845,25.4048,0,23.8356,76.8359,0.390591,7
-1,360.199,5.05356,0.388342,33.0367,23.4332,153.836,17.9845,25.4048,0,23.8356,76.8359,0.390591,4.9
-2,359.744,5.0637,0.373791,33.0794,22.3695,153.615,18.7426,25.242,0,23.8855,76.9807,0.392343,4.9
2,359.744,5.0637,0.373791,33.0794,22.3695,153.615,18.7426,25.242,0,23.8855,76.9807,0.392343,4.9
0,363.157,5.24028,0.411967,33.0857,27.3145,151.171,18.7289,25.9465,0,23.8875,76.9782,0.392001,3.43
-1,363.157,5.24028,0.411967,33.0857,27.3145,151.171,18.7289,25.9465,0,23.8875,76.9782,0.392001,7
-2,361.845,5.27414,0.384686,33.0531,25.3492,150.957,20.019,25.2684,0,23.9201,77.2258,0.393545,7
1,361.845,5.27414,0.384686,33.0531,25.3492,150.957,20.019,25.2684,0,23.9201,77.2258,0.393545,7
-1,361.845,5.27414,0.384686,33.0531,25.3492,150.957,20.019,25.2684,0,23.9201,77.2258,0.393545,4.9
-2,361.311,5.16124,0.366456,33.1105,24.1222,150.661,20.8386,25.297,0,23.974,77.3834,0.39625,4.9
2,361.311,5.16124,0.366456,33.1105,24.1222,150.661,20.8386,25.297,0,23.974,77.3834,0.39625,4.9
0,364.733,5.36484,0.402916,33.0911,29.4217,148.195,20.8279,25.684,0,23.968,77.3814,0.396046,3.43
-1,364.733,5.36484,0.402916,33.0911,29.4217,148.195,20.8279,25.684,0,23.968,77.3814,0.396046,7
-2,363.005,5.30693,0.378096,33.107,26.6773,147.94,22.2151,25.3125,0,24.0211,77.6491,0.398234,7
1,363.005,5.30693,0.378096,33.107,26.6773,147.94,22.2151,25.3125,0,24.0211,77.6491,0.398234,7
-1,363.005,5.30693,0.378096,33.107,26.6773,147.94,22.2151,25.3125,0,24.0211,77.6491,0.398234,4.9
-2,362.216,5.01156,0.359584,33.2129,25.1269,147.663,23.0294,25.5091,0,24.0957,77.8061,0.402215,4.9
2,362.216,5.01156,0.359584,33.2129,25.1269,147.663,23.0294,25.5091,0,24.0957,77.8061,0.402215,4.9
0,365.671,5.24177,0.393269,33.1768,30.6607,145.179,23.0216,25.7061,0,24.0846,77.8047,0.402098,3.43
-1,365.671,5.24177,0.393269,33.1768,30.6607,145.179,23.0216,25.7061,0,24.0846,77.8047,0.402098,7
-2,364.27,5.226,0.363741,33.2433,27.862,144.959,24.4166,25.5657,0,24.1527,78.0752,0.405573,7
1,364.27,5.226,0.363741,33.2433,27.862,144.959,24.4166,25.5657,0,24.1527,78.0752,0.405573,7
-1,364.27,5.226,0.363741,33.2433,27.862,144.959,24.4166,25.5657,0,24.1527,78.0752,0.405573,4.9
-2,363.755,5.28331,0.348161,33.3433,26.0964,144.681,25.2295,25.9141,0,24.2158,78.2328,0.410848,4.9
2,363.755,5.28331,0.348161,33.3433,26.0964,144.681,25.2295,25.9141,0,24.2158,78.2328,0.410848,4.9
0,367.467,5.43083,0.373862,33.2997,32.1044,142.182,25.2244,26.0072,0,24.2025,78.2318,0.410797,3.43
-1,367.467,5.43083,0.373862,33.2997,32.1044,142.182,25.2244,26.0072,0,24.2025,78.2318,0.410797,7
-2,365.508,5.34523,0.346723,33.4318,28.3897,141.875,26.7445,26.1369,0,24.2948,78.528,0.414928,7
1,365.508,5.34523,0.346723,33.4318,28.3897,141.875,26.7445,26.1369,0,24.2948,78.528,0.414928,7
-1,365.508,5.34523,0.346723,33.4318,28.3897,141.875,26.7445,26.1369,0,24.2948,78.528,0.414928,4.9
-2,364.878,5.09459,0.328517,33.5748,26.6685,141.593,27.5302,26.6133,0,24.3732,78.6805,0.421265,4.9
2,364.878,5.09459,0.328517,33.5748,26.6685,141.593,27.5302,26.6133,0,24.3732,78.6805,0.421265,4.9
0,368.365,5.24612,0.350301,33.5324,32.5087,139.086,27.5272,26.6534,0,24.3603,78.68,0.421241,3.43
-1,368.365,5.24612,0.350301,33.5324,32.5087,139.086,27.5272,26.6534,0,24.3603,78.68,0.421241,7
-2,366.69,5.07783,0.324437,33.7147,28.8658,138.785,29.0327,27.0273,0,24.4621,78.9747,0.426158,7
1,366.69,5.07783,0.324437,33.7147,28.8658,138.785,29.0327,27.0273,0,24.4621,78.9747,0.426158,7
-1,366.69,5.07783,0.324437,33.7147,28.8658,138.785,29.0327,27.0273,0,24.4621,78.9747,0.426158,4.9
-2,366.672,5.37606,0.309688,33.8663,27.0476,138.494,29.8353,27.6429,0,24.535,79.1311,0.433825,4.9
-2,366.907,5.36678,0.317853,33.7898,28.0518,138.638,29.4315,27.3305,0,24.4986,79.0524,0.429833,4.9
-2,367.052,5.3229,0.321188,33.7521,28.6132,138.711,29.2314,27.1778,0,24.4804,79.0134,0.427956,4.9
-2,366.672,5.09839,0.322781,33.7334,28.6434,138.748,29.1319,27.1022,0,24.4712,78.994,0.427047,4.9
2,366.672,5.09839,0.322781,33.7334,28.6434,138.748,29.1319,27.1022,0,24.4712,78.994,0.427047,4.9
0,370.767,5.27608,0.342178,33.6975,35.0851,136.235,29.1304,27.1193,0,24.4603,78.9938,0.427031,3.43
-1,370.767,5.27608,0.342178,33.6975,35.0851,136.235,29.1304,27.1193,0,24.4603,78.9938,0.427031,7
-2,368.732,5.51867,0.31036,33.9688,29.9706,135.873,31.0232,27.6711,0,24.5979,79.3658,0.432281,7
1,368.732,5.51867,0.31036,33.9688,29.9706,135.873,31.0232,27.6711,0,24.5979,79.3658,0.432281,7
-1,368.732,5.51867,0.31036,33.9688,29.9706,135.873,31.0232,27.6711,0,24.5979,79.3658,0.432281,4.9
-2,368.035,5.21869,0.288379,34.1965,27.5412,135.464,32.0919,28.5167,0,24.7025,79.5749,0.439736,4.9
2,368.035,5.21869,0.288379,34.1965,27.5412,135.464,32.0919,28.5167,0,24.7025,79.5749,0.439736,4.9
0,370.948,5.3667,0.300985,34.1829,32.8223,132.948,32.0916,28.5223,0,24.6983,79.5749,0.439734,3.43
-1,370.948,5.3667,0.300985,34.1829,32.8223,132.948,32.0916,28.5223,0,24.6983,79.5749,0.439734,7
-2,369.772,5.24673,0.276392,34.5195,28.919,132.503,33.7147,29.4057,0,24.8466,79.8951,0.44542,7
1,369.772,5.24673,0.276392,34.5195,28.919,132.503,33.7147,29.4057,0,24.8466,79.8951,0.44542,7
-1,369.772,5.24673,0.276392,34.5195,28.919,132.503,33.7147,29.4057,0,24.8466,79.8951,0.44542,4.9
-2,369.965,5.35566,0.260645,34.7402,27.0046,132.044,34.6263,30.473,0,24.9322,80.0739,0.455004,4.9
-2,369.549,5.19984,0.268919,34.6287,27.7562,132.273,34.1683,29.9306,0,24.8893,79.984,0.450082,4.9
2,369.549,5.19984,0.268919,34.6287,27.7562,132.273,34.1683,29.9306,0,24.8893,79.984,0.450082,4.9
0,372.11,5.3388,0.276926,34.6396,32.6725,129.754,34.1684,29.9324,0,24.8928,79.984,0.450082,3.43
-1,372.11,5.3388,0.276926,34.6396,32.6725,129.754,34.1684,29.9324,0,24.8928,79.984,0.450082,7
-2,371.433,5.63421,0.25298,35.0535,28.5121,129.222,35.8793,31.0345,0,25.0654,80.3225,0.457115,7
1,371.433,5.63421,0.25298,35.0535,28.5121,129.222,35.8793,31.0345,0,25.0654,80.3225,0.457115,7
0,373.81,5.76843,0.257364,35.0886,33.2198,126.706,35.8791,31.035,0,25.0766,80.3225,0.457115,4.9
-1,373.81,5.76843,0.257364,35.0886,33.2198,126.706,35.8791,31.035,0,25.0766,80.3225,0.457115,7
-2,371.646,5.30779,0.227315,35.626,27.7558,126.004,37.7501,32.5262,0,25.2905,80.6934,0.464758,7
1,371.646,5.30779,0.227315,35.626,27.7558,126.004,37.7501,32.5262,0,25.2905,80.6934,0.464758,7
-1,371.646,5.30779,0.227315,35.626,27.7558,126.004,37.7501,32.5262,0,25.2905,80.6934,0.464758,4.9
-2,371.872,5.38851,0.213731,35.9511,25.4476,125.41,38.7606,33.9261,0,25.4066,80.8921,0.475704,4.9
-2,371.844,5.33835,0.220976,35.7866,26.7139,125.706,38.2535,33.2142,0,25.348,80.7923,0.470137,4.9
-2,371.386,5.13567,0.222401,35.7058,27.0691,125.855,38.0014,32.8673,0,25.3191,80.7428,0.467424,4.9
2,371.386,5.13567,0.222401,35.7058,27.0691,125.855,38.0014,32.8673,0,25.3191,80.7428,0.467424,4.9
0,372.811,5.23488,0.222556,35.7784,30.8135,123.342,37.9999,32.8674,0,25.3425,80.7425,0.467423,3.43
-1,372.811,5.23488,0.222556,35.7784,30.8135,123.342,37.9999,32.8674,0,25.3425,80.7425,0.467423,7
-2,371.926,5.3246,0.202063,36.3121,26.3416,122.681,39.6085,34.3738,0,25.5449,81.0619,0.475753,7
1,371.926,5.3246,0.202063,36.3121,26.3416,122.681,39.6085,34.3738,0,25.5449,81.0619,0.475753,7
0,372.565,5.39737,0.199519,36.4178,29.2855,120.17,39.605,34.3738,0,25.5795,81.0612,0.475749,4.9
-1,372.565,5.39737,0.199519,36.4178,29.2855,120.17,39.605,34.3738,0,25.5795,81.0612,0.475749,7
-2,371.346,5.26999,0.178777,36.9802,24.7693,119.412,41.0581,36.0513,0,25.792,81.3493,0.484463,7
1,371.346,5.26999,0.178777,36.9802,24.7693,119.412,41.0581,36.0513,0,25.792,81.3493,0.484463,7
-1,371.346,5.26999,0.178777,36.9802,24.7693,119.412,41.0581,36.0513,0,25.792,81.3493,0.484463,4.9
-2,372.084,5.27855,0.171279,37.3037,23.2902,118.726,41.7984,37.6247,0,25.9024,81.4936,0.495672,4.9
-2,371.41,5.14074,0.172384,37.1408,23.8747,119.069,41.4291,36.8251,0,25.8467,81.4216,0.490005,4.9
-2,371.595,5.25045,0.175185,37.0602,24.4984,119.24,41.2438,36.4351,0,25.8192,81.3855,0.487218,4.9
-2,371.5,5.3059,0.17713,37.0202,24.6184,119.326,41.151,36.2424,0,25.8056,81.3674,0.485836,4.9
-2,371.465,5.31999,0.17939,36.9902,24.7704,119.391,41.0814,36.0989,0,25.7953,81.3538,0.484805,4.9
-2,371.331,5.26064,0.178622,36.9827,24.7474,119.407,41.0639,36.0632,0,25.7928,81.3504,0.484548,4.9
2,371.331,5.26064,0.178622,36.9827,24.7474,119.407,41.0639,36.0632,0,25.7928,81.3504,0.484548,4.9
0,371.067,5.30229,0.174333,37.1223,26.7753,116.899,41.0576,36.0632,0,25.8394,81.3492,0.484543,3.43
-1,371.067,5.30229,0.174333,37.1223,26.7753,116.899,41.0576,36.0632,0,25.8394,81.3492,0.484543,7
-2,370.935,5.33606,0.164283,37.636,23.6143,116.144,42.1768,37.7704,0,26.0293,81.5704,0.493135,7
-2,370.636,5.1909,0.165689,37.3762,24.982,116.521,41.6164,36.9022,0,25.933,81.4596,0.488801,7
1,370.636,5.1909,0.165689,37.3762,24.982,116.521,41.6164,36.9022,0,25.933,81.4596,0.488801,7
0,370.061,5.22497,0.160907,37.5292,26.6916,114.015,41.607,36.9022,0,25.9845,81.4579,0.488793,4.9
-1,370.061,5.22497,0.160907,37.5292,26.6916,114.015,41.607,36.9022,0,25.9845,81.4579,0.488793,7
-2,369.695,5.48147,0.154707,38.061,23.0561,113.237,42.6921,38.6606,0,26.1825,81.6722,0.497138,7
1,369.695,5.48147,0.154707,38.061,23.0561,113.237,42.6921,38.6606,0,26.1825,81.6722,0.497138,7
0,368.291,5.58403,0.150052,38.2424,23.8325,110.732,42.6778,38.6606,0,26.2445,81.6696,0.497128,4.9
-1,368.291,5.58403,0.150052,38.2424,23.8325,110.732,42.6778,38.6606,0,26.2445,81.6696,0.497128,7
-2,367.54,5.20953,0.142001,38.6437,21.2135,109.894,43.335,40.4037,0,26.3942,81.7974,0.506922,7
1,367.54,5.20953,0.142001,38.6437,21.2135,109.894,43.335,40.4037,0,26.3942,81.7974,0.506922,7
0,365.577,5.27805,0.138422,38.8423,21.443,107.393,43.3148,40.4037,0,26.4628,81.7938,0.506911,4.9
-1,365.577,5.27805,0.138422,38.8423,21.443,107.393,43.3148,40.4037,0,26.4628,81.7938,0.506911,7
-2,366.007,5.19384,0.137748,39.0636,20.5292,106.66,43.5882,41.9319,0,26.5409,81.8447,0.517182,7
-2,365.633,5.19147,0.136602,38.9534,20.8825,107.026,43.453,41.1568,0,26.502,81.8195,0.512009,7
-2,365.9,5.32451,0.138668,38.898,21.3693,107.209,43.3843,40.7775,0,26.4824,81.8067,0.509451,7
-2,365.867,5.30281,0.138408,38.8702,21.534,107.301,43.3496,40.5899,0,26.4726,81.8003,0.508179,7
-2,365.517,5.23683,0.138065,38.8493,21.3817,107.37,43.3235,40.4501,0,26.4653,81.7954,0.507228,7
1,365.517,5.23683,0.138065,38.8493,21.3817,107.37,43.3235,40.4501,0,26.4653,81.7954,0.507228,7
0,363.349,5.22162,0.135315,39.0443,21.4946,104.873,43.2993,40.4501,0,26.5327,81.791,0.507215,4.9
-1,363.349,5.22162,0.135315,39.0443,21.4946,104.873,43.2993,40.4501,0,26.5327,81.791,0.507215,7
-2,363.79,5.21643,0.135307,39.2285,20.6088,104.148,43.5479,41.9534,0,26.5971,81.8371,0.517469,7
-2,363.458,5.22411,0.133869,39.1371,20.9454,104.51,43.4244,41.1909,0,26.5651,81.8142,0.512304,7
-2,363.748,5.36265,0.135771,39.0908,21.4257,104.691,43.362,40.8178,0,26.549,81.8026,0.50975,7
-2,363.728,5.34398,0.13543,39.0676,21.5883,104.782,43.3307,40.6333,0,26.5408,81.7968,0.50848,7
-2,363.39,5.28092,0.135025,39.0501,21.4362,104.85,43.3072,40.4958,0,26.5347,81.7924,0.507531,7
-2,363.334,5.21135,0.135231,39.0458,21.4793,104.867,43.3013,40.4615,0,26.5332,81.7913,0.507294,7
1,363.334,5.21135,0.135231,39.0458,21.4793,104.867,43.3013,40.4615,0,26.5332,81.7913,0.507294,7
0,361.074,5.2022,0.133529,39.2366,21.5011,102.374,43.2727,40.4615,0,26.5993,81.7861,0.507282,4.9
-1,361.074,5.2022,0.133529,39.2366,21.5011,102.374,43.2727,40.4615,0,26.5993,81.7861,0.507282,7
-2,361.616,5.28823,0.133881,39.3552,20.7913,101.657,43.4781,41.9324,0,26.6392,81.8237,0.517518,7
-2,361.189,5.20429,0.13226,39.2966,21.0429,102.015,43.3747,41.1861,0,26.6195,81.8048,0.512362,7
-2,361.476,5.3427,0.134078,39.2668,21.4784,102.195,43.3235,40.8211,0,26.6095,81.7954,0.509812,7
-2,361.454,5.32411,0.133693,39.2518,21.6179,102.284,43.2981,40.6406,0,26.6044,81.7908,0.508545,7
-2,361.116,5.2613,0.133252,39.2404,21.4486,102.352,43.279,40.5061,0,26.6006,81.7873,0.507597,7
-2,361.059,5.19194,0.133448,39.2376,21.4874,102.369,43.2743,40.4726,0,26.5996,81.7864,0.507361,7
1,361.059,5.19194,0.133448,39.2376,21.4874,102.369,43.2743,40.4726,0,26.5996,81.7864,0.507361,7
0,358.766,5.19298,0.132995,39.4238,21.4719,99.8793,43.2408,40.4726,0,26.6641,81.7803,0.507349,4.9
-1,358.766,5.19298,0.132995,39.4238,21.4719,99.8793,43.2408,40.4726,0,26.6641,81.7803,0.507349,7
-2,359.386,5.28235,0.133099,39.4472,21.0632,99.1724,43.3948,41.899,0,26.6686,81.8078,0.517567,7
-2,358.926,5.19618,0.131638,39.4361,21.1743,99.5255,43.3145,41.1751,0,26.6666,81.7934,0.51242,7
-2,359.192,5.33376,0.133505,39.4301,21.532,99.7023,43.2769,40.8212,0,26.6654,81.7867,0.509875,7
-2,359.158,5.31485,0.133141,39.427,21.6306,99.7908,43.2586,40.6463,0,26.6648,81.7835,0.50861,7
-2,358.811,5.25198,0.132714,39.4246,21.43,99.8572,43.2452,40.5159,0,26.6643,81.7811,0.507664,7
-2,358.855,5.28322,0.132958,39.424,21.4632,99.8738,43.2419,40.4834,0,26.6642,81.7805,0.507428,7
-2,358.763,5.19042,0.132974,39.4239,21.4691,99.878,43.2411,40.4753,0,26.6642,81.7803,0.507369,7
1,358.763,5.19042,0.132974,39.4239,21.4691,99.878,43.2411,40.4753,0,26.6642,81.7803,0.507369,7
0,356.537,5.20726,0.133962,39.6052,21.5126,97.3926,43.2023,40.4753,0,26.7271,81.7732,0.507357,4.9
-1,356.537,5.20726,0.133962,39.6052,21.5126,97.3926,43.2023,40.4753,0,26.7271,81.7732,0.507357,7
-2,357.229,5.29361,0.132951,39.5072,21.4401,96.6953,43.3091,41.8551,0,26.6866,81.7914,0.517559,7
-2,356.739,5.20845,0.132068,39.5563,21.3958,97.0436,43.2484,41.1545,0,26.7068,81.781,0.512419,7
-2,356.986,5.34692,0.134206,39.5807,21.6665,97.218,43.2235,40.8122,0,26.7169,81.7768,0.509878,7
-2,356.941,5.3285,0.133977,39.593,21.7191,97.3052,43.2125,40.6431,0,26.722,81.7749,0.508615,7
-2,356.584,5.26607,0.133649,39.6021,21.4828,97.3707,43.2048,40.5171,0,26.7258,81.7736,0.507671,7
-2,356.626,5.29741,0.133918,39.6044,21.507,97.3871,43.2029,40.4857,0,26.7267,81.7733,0.507435,7
-2,356.637,5.30527,0.133985,39.605,21.5131,97.3912,43.2025,40.4779,0,26.727,81.7733,0.507376,7
-2,356.639,5.30724,0.134002,39.6051,21.5146,97.3922,43.2024,40.4759,0,26.727,81.7732,0.507362,7
-2,356.537,5.2071,0.133961,39.6052,21.5125,97.3925,43.2024,40.4754,0,26.7271,81.7732,0.507358,7
1,356.537,5.2071,0.133961,39.6052,21.5125,97.3925,43.2024,40.4754,0,26.7271,81.7732,0.507358,7
0,354.53,5.24689,0.136582,39.781,21.7611,94.911,43.1578,40.4754,0,26.7882,81.7651,0.507343,4.9
-1,354.53,5.24689,0.136582,39.781,21.7611,94.911,43.1578,40.4754,0,26.7882,81.7651,0.507343,7
-2,355.177,5.3185,0.133314,39.5383,21.9365,94.2219,43.2297,41.8104,0,26.6945,81.7763,0.517535,7
-2,354.707,5.23997,0.133543,39.6585,21.7752,94.5661,43.1805,41.1321,0,26.7406,81.7683,0.5124,7
-2,354.966,5.38235,0.136247,39.7195,21.9825,94.7385,43.1658,40.8011,0,26.7642,81.7661,0.509862,7
-2,354.928,5.36598,0.136305,39.7502,22.0018,94.8247,43.161,40.6376,0,26.7762,81.7654,0.5086,7
-2,354.576,5.30515,0.136195,39.7733,21.7399,94.8894,43.1584,40.5158,0,26.7852,81.7651,0.507657,7
-2,354.619,5.3369,0.136519,39.7791,21.7576,94.9056,43.1579,40.4855,0,26.7874,81.7651,0.507422,7
-2,354.63,5.34486,0.136599,39.7806,21.7621,94.9097,43.1578,40.4779,0,26.788,81.7651,0.507363,7
-2,354.633,5.34685,0.13662,39.7809,21.7632,94.9107,43.1578,40.476,0,26.7881,81.7651,0.507348,7
-2,354.633,5.34735,0.136625,39.781,21.7634,94.9109,43.1578,40.4756,0,26.7882,81.7651,0.507344,7
-2,354.633,5.34748,0.136626,39.781,21.7635,94.911,43.1578,40.4754,0,26.7882,81.7651,0.507343,7
1,354.53,5.24689,0.136582,39.781,21.7611,94.911,43.1578,40.4754,0,26.7882,81.7651,0.507343,7
-1,354.53,5.24689,0.136582,39.781,21.7611,94.911,43.1578,40.4754,0,26.7882,81.7651,0.507343,14
-2,355.14,5.32242,0.135519,39.6039,22.0484,94.3046,43.1587,41.5714,0,26.7195,81.7626,0.512964,14
-2,354.889,5.34091,0.13467,39.6917,21.9234,94.6076,43.1496,41.0157,0,26.7534,81.7623,0.510139,14
-2,355.061,5.43306,0.136819,39.7362,22.0575,94.7592,43.1515,40.7436,0,26.7706,81.7633,0.508738,14
-2,354.976,5.39144,0.13659,39.7586,22.0393,94.8351,43.1541,40.609,0,26.7794,81.7641,0.50804,14
-2,354.588,5.31144,0.136266,39.7754,21.749,94.892,43.1568,40.5087,0,26.786,81.7648,0.507517,14
-2,354.622,5.33848,0.136536,39.7796,21.7599,94.9063,43.1575,40.4837,0,26.7876,81.765,0.507387,14
-2,354.631,5.34526,0.136604,39.7807,21.7626,94.9098,43.1577,40.4775,0,26.788,81.7651,0.507354,14
-2,354.633,5.34695,0.136621,39.781,21.7633,94.9107,43.1578,40.4759,0,26.7881,81.7651,0.507346,14
-2,354.633,5.34738,0.136625,39.781,21.7635,94.9109,43.1578,40.4755,0,26.7882,81.7651,0.507344,14
-2,354.633,5.34748,0.136626,39.781,21.7635,94.911,43.1578,40.4754,0,26.7882,81.7651,0.507343,14
2,354.53,5.24689,0.136582,39.781,21.7611,94.911,43.1578,40.4754,0,26.7882,81.7651,0.507343,14
-1,354.53,5.24689,0.136582,39.781,21.7611,94.911,43.1578,40.4754,0,26.7882,81.7651,0.507343,28
-2,354.786,5.16838,0.133642,39.6441,22.0682,94.4608,43.1083,41.2085,0,26.7307,81.7533,0.510254,28
-2,355.012,5.39906,0.136329,39.7121,22.0856,94.6858,43.1286,40.838,0,26.7591,81.7584,0.508794,28
-2,354.9,5.32515,0.135992,39.7465,22.0529,94.7984,43.1421,40.6557,0,26.7736,81.7615,0.508068,28
-2,355.031,5.43119,0.137014,39.7637,22.0772,94.8547,43.1497,40.5653,0,26.7809,81.7633,0.507705,28
-2,354.601,5.32124,0.136371,39.7767,21.7582,94.8969,43.1557,40.4978,0,26.7863,81.7646,0.507434,28
-2,354.625,5.34094,0.136563,39.78,21.7622,94.9075,43.1573,40.481,0,26.7877,81.765,0.507366,28
-2,354.632,5.34587,0.136611,39.7808,21.7632,94.9101,43.1577,40.4768,0,26.7881,81.765,0.507349,28
-2,354.633,5.34711,0.136622,39.781,21.7635,94.9108,43.1578,40.4758,0,26.7882,81.7651,0.507345,28
-2,354.633,5.34742,0.136625,39.781,21.7635,94.911,43.1578,40.4755,0,26.7882,81.7651,0.507343,28
-2,354.634,5.34749,0.136626,39.781,21.7635,94.911,43.1578,40.4754,0,26.7882,81.7651,0.507343,28
3,354.53,5.24689,0.136582,39.781,21.7611,94.911,43.1578,40.4754,0,26.7882,81.7651,0.507343,28
-1,354.53,5.24689,0.136582,39.781,21.7611,94.911,43.1578,40.4754,0,26.7882,81.7651,0.507343,56
-2,354.971,5.39408,0.135436,39.678,22.1644,94.6282,43.0984,40.8704,0,26.7412,81.7522,0.508856,56
-2,355.004,5.36041,0.136779,39.7293,22.1791,94.7695,43.1262,40.6714,0,26.7645,81.7583,0.508098,56
-2,354.997,5.4047,0.136782,39.7551,22.0994,94.8403,43.1416,40.573,0,26.7763,81.7616,0.50772,56
-2,355.08,5.47143,0.137411,39.7681,22.1006,94.8756,43.1496,40.5241,0,26.7822,81.7633,0.507532,56
-2,354.613,5.33111,0.13647,39.7778,21.7637,94.9022,43.1557,40.4876,0,26.7867,81.7646,0.50739,56
-2,354.628,5.34341,0.136587,39.7802,21.7636,94.9088,43.1573,40.4784,0,26.7878,81.765,0.507355,56
-2,354.632,5.34649,0.136617,39.7808,21.7635,94.9105,43.1577,40.4762,0,26.7881,81.765,0.507346,56
-2,354.633,5.34726,0.136624,39.781,21.7635,94.9109,43.1578,40.4756,0,26.7882,81.7651,0.507344,56
-2,354.633,5.34745,0.136626,39.781,21.7635,94.911,43.1578,40.4755,0,26.7882,81.7651,0.507343,56
-2,354.53,5.24687,0.136581,39.781,21.7611,94.911,43.1578,40.4754,0,26.7882,81.7651,0.507343,56
4,354.53,5.24687,0.136581,39.781,21.7611,94.911,43.1578,40.4754,0,26.7882,81.7651,0.507343,56
0,352.955,5.31857,0.14102,39.951,22.4183,92.4338,43.1069,40.4754,0,26.8474,81.7557,0.507323,39.2
-1,352.955,5.31857,0.14102,39.951,22.4183,92.4338,43.1069,40.4754,0,26.8474,81.7557,0.507323,7
-2,353.272,5.35624,0.134101,39.5428,22.5802,91.7506,43.1623,41.7712,0,26.6933,81.7637,0.517509,7
-2,352.941,5.29324,0.136078,39.7436,22.4138,92.0919,43.1133,41.1122,0,26.7685,81.7558,0.512376,7
-2,353.289,5.44451,0.13971,39.8465,22.6277,92.2628,43.1047,40.7911,0,26.8074,81.7548,0.50984,7
-2,353.3,5.43279,0.140251,39.8985,22.6523,92.3483,43.1045,40.6326,0,26.8273,81.755,0.508579,7
-2,352.988,5.3756,0.14051,39.9379,22.3953,92.4125,43.106,40.5146,0,26.8423,81.7555,0.507637,7
-2,353.041,5.40828,0.140926,39.9477,22.4144,92.4285,43.1066,40.4852,0,26.8461,81.7557,0.507402,7
-2,353.054,5.41647,0.14103,39.9502,22.4192,92.4325,43.1068,40.4778,0,26.847,81.7557,0.507343,7
-2,353.057,5.41852,0.141056,39.9508,22.4204,92.4335,43.1068,40.476,0,26.8473,81.7557,0.507328,7
-2,353.058,5.41903,0.141062,39.951,22.4207,92.4338,43.1068,40.4755,0,26.8473,81.7557,0.507324,7
-2,353.059,5.41916,0.141064,39.951,22.4208,92.4338,43.1069,40.4754,0,26.8474,81.7557,0.507323,7
1,352.955,5.31857,0.14102,39.951,22.4183,92.4338,43.1069,40.4754,0,26.8474,81.7557,0.507323,7
-1,352.955,5.31857,0.14102,39.951,22.4183,92.4338,43.1069,40.4754,0,26.8474,81.7557,0.507323,14
-2,353.123,5.29363,0.135601,39.6131,22.7237,91.8425,43.0449,41.4967,0,26.7188,81.7406,0.512932,14
-2,353.152,5.40699,0.137522,39.7798,22.6117,92.1379,43.0619,40.9784,0,26.7818,81.7456,0.510113,14
-2,353.399,5.50173,0.140446,39.8648,22.727,92.2858,43.0809,40.725,0,26.8142,81.75,0.508715,14
-2,353.356,5.46153,0.140619,39.9078,22.7019,92.3598,43.093,40.5997,0,26.8307,81.7527,0.508018,14
-2,353.001,5.3827,0.140601,39.9402,22.4074,92.4153,43.1032,40.5064,0,26.8432,81.755,0.507497,14
-2,353.044,5.41006,0.140949,39.9483,22.4174,92.4292,43.1059,40.4831,0,26.8463,81.7555,0.507367,14
-2,353.055,5.41692,0.141036,39.9504,22.4199,92.4327,43.1066,40.4773,0,26.8471,81.7557,0.507334,14
-2,353.058,5.41863,0.141057,39.9509,22.4206,92.4336,43.1068,40.4759,0,26.8473,81.7557,0.507326,14
-2,353.058,5.41906,0.141063,39.951,22.4207,92.4338,43.1068,40.4755,0,26.8473,81.7557,0.507324,14
-2,353.059,5.41917,0.141064,39.951,22.4208,92.4338,43.1068,40.4754,0,26.8474,81.7557,0.507323,14
2,352.955,5.31857,0.14102,39.951,22.4183,92.4338,43.1069,40.4754,0,26.8474,81.7557,0.507323,14
-1,352.955,5.31857,0.14102,39.951,22.4183,92.4338,43.1069,40.4754,0,26.8474,81.7557,0.507323,28
-2,353.008,5.2595,0.135779,39.6653,22.9316,92.0083,42.9498,41.0919,0,26.7329,81.7223,0.510241,28
-2,353.316,5.48016,0.139571,39.8068,22.8314,92.221,43.021,40.78,0,26.7893,81.7377,0.508778,28
-2,353.259,5.40128,0.139818,39.8786,22.7504,92.3274,43.0621,40.6268,0,26.8181,81.7464,0.508049,28
-2,353.422,5.50511,0.141143,39.9147,22.7537,92.3806,43.084,40.5508,0,26.8327,81.751,0.507686,28
-2,353.018,5.39345,0.140732,39.9419,22.4199,92.4205,43.1011,40.4942,0,26.8437,81.7545,0.507414,28
-2,353.048,5.41276,0.140981,39.9488,22.4206,92.4305,43.1054,40.4801,0,26.8464,81.7554,0.507346,28
-2,353.056,5.41759,0.141044,39.9505,22.4207,92.433,43.1065,40.4766,0,26.8471,81.7557,0.507329,28
-2,353.058,5.4188,0.141059,39.9509,22.4208,92.4336,43.1068,40.4757,0,26.8473,81.7557,0.507325,28
-2,353.058,5.4191,0.141063,39.951,22.4208,92.4338,43.1068,40.4755,0,26.8473,81.7557,0.507324,28
-2,353.059,5.41918,0.141064,39.951,22.4208,92.4338,43.1068,40.4754,0,26.8474,81.7557,0.507323,28
3,352.955,5.31857,0.14102,39.951,22.4183,92.4338,43.1069,40.4754,0,26.8474,81.7557,0.507323,28
-1,352.955,5.31857,0.14102,39.951,22.4183,92.4338,43.1069,40.4754,0,26.8474,81.7557,0.507323,56
-2,353.272,5.50707,0.138287,39.7174,23.1068,92.1792,42.9189,40.7295,0,26.749,81.7169,0.50886,56
-2,353.35,5.45196,0.14039,39.8335,22.9647,92.3065,43.0097,40.6013,0,26.7978,81.7357,0.50809,56
-2,353.378,5.48628,0.140798,39.8921,22.817,92.3701,43.0575,40.538,0,26.8225,81.7456,0.507706,56
-2,353.482,5.54807,0.141636,39.9215,22.7872,92.402,43.082,40.5066,0,26.8349,81.7506,0.507515,56
-2,353.032,5.404,0.140855,39.9437,22.428,92.4259,43.1006,40.4832,0,26.8442,81.7545,0.507371,56
-2,353.052,5.4154,0.141012,39.9492,22.4226,92.4319,43.1053,40.4773,0,26.8466,81.7554,0.507335,56
-2,353.057,5.41825,0.141051,39.9506,22.4212,92.4334,43.1065,40.4759,0,26.8472,81.7557,0.507326,56
-2,353.058,5.41897,0.141061,39.9509,22.4209,92.4337,43.1068,40.4755,0,26.8473,81.7557,0.507324,56
-2,353.059,5.41915,0.141064,39.951,22.4208,92.4338,43.1068,40.4754,0,26.8474,81.7557,0.507323,56
-2,353.059,5.41919,0.141064,39.951,22.4208,92.4338,43.1068,40.4754,0,26.8474,81.7557,0.507323,56
4,352.955,5.31857,0.14102,39.951,22.4183,92.4338,43.1069,40.4754,0,26.8474,81.7557,0.507323,56
-1,352.955,5.31857,0.14102,39.951,22.4183,92.4338,43.1069,40.4754,0,26.8474,81.7557,0.507323,112
-2,353.306,5.44409,0.139851,39.7713,23.1949,92.2988,42.9412,40.5155,0,26.7698,81.7219,0.508148,112
-2,353.346,5.482,0.140516,39.8608,22.9237,92.3663,43.0228,40.4952,0,26.8084,81.7386,0.507735,112
-2,353.464,5.54584,0.141492,39.9059,22.8384,92.4001,43.0645,40.4852,0,26.8278,81.7471,0.507529,112
-2,352.996,5.38776,0.140572,39.9284,22.4602,92.417,43.0856,40.4803,0,26.8376,81.7514,0.507426,112
-2,353.043,5.41132,0.140941,39.9454,22.4305,92.4296,43.1015,40.4766,0,26.8449,81.7547,0.507349,112
-2,353.055,5.41723,0.141034,39.9496,22.4232,92.4328,43.1055,40.4757,0,26.8468,81.7555,0.50733,112
-2,353.058,5.41871,0.141057,39.9507,22.4214,92.4336,43.1065,40.4755,0,26.8472,81.7557,0.507325,112
-2,353.058,5.41908,0.141063,39.951,22.4209,92.4338,43.1068,40.4754,0,26.8473,81.7557,0.507324,112
-2,353.059,5.41917,0.141064,39.951,22.4208,92.4338,43.1068,40.4754,0,26.8474,81.7557,0.507323,112
-2,353.059,5.4192,0.141064,39.951,22.4208,92.4338,43.1068,40.4754,0,26.8474,81.7557,0.507323,112
5,352.955,5.31857,0.14102,39.951,22.4183,92.4338,43.1069,40.4754,0,26.8474,81.7557,0.507323,112
-1,352.955,5.31857,0.14102,39.951,22.4183,92.4338,43.1069,40.4754,0,26.8474,81.7557,0.507323,224
-2,353.33,5.48702,0.140255,39.8209,23.0722,92.3654,42.9821,40.4328,0,26.7908,81.7305,0.50776,224
-2,353.45,5.54821,0.141356,39.8858,22.9072,92.3996,43.044,40.454,0,26.819,81.743,0.507541,224
-2,352.988,5.38891,0.140501,39.9184,22.4931,92.4167,43.0753,40.4647,0,26.8332,81.7494,0.507432,224
-2,353.022,5.40402,0.140782,39.9347,22.4564,92.4253,43.0911,40.47,0,26.8403,81.7526,0.507378,224
-2,353.049,5.4154,0.140994,39.947,22.4296,92.4317,43.1029,40.474,0,26.8456,81.7549,0.507337,224
-2,353.056,5.41825,0.141047,39.95,22.423,92.4333,43.1059,40.4751,0,26.8469,81.7555,0.507327,224
-2,353.058,5.41897,0.14106,39.9508,22.4213,92.4337,43.1066,40.4753,0,26.8473,81.7557,0.507324,224
-2,353.058,5.41915,0.141063,39.951,22.4209,92.4338,43.1068,40.4754,0,26.8473,81.7557,0.507323,224
-2,353.059,5.41919,0.141064,39.951,22.4208,92.4338,43.1068,40.4754,0,26.8474,81.7557,0.507323,224
-2,353.059,5.4192,0.141065,39.951,22.4208,92.4338,43.1068,40.4754,0,26.8474,81.7557,0.507323,224
6,352.955,5.31857,0.14102,39.951,22.4183,92.4338,43.1069,40.4754,0,26.8474,81.7557,0.507323,224
-1,352.955,5.31857,0.14102,39.951,22.4183,92.4338,43.1069,40.4754,0,26.8474,81.7557,0.507323,448
-2,353.442,5.55291,0.141202,39.8624,22.986,92.3991,43.0205,40.4244,0,26.8091,81.7384,0.507548,448
-2,352.98,5.39116,0.14042,39.9067,22.5293,92.4165,43.0635,40.4499,0,26.8282,81.747,0.507436,448
-2,353.018,5.40513,0.140741,39.9288,22.4737,92.4252,43.0852,40.4626,0,26.8378,81.7514,0.507379,448
-2,353.038,5.41215,0.140902,39.9399,22.4469,92.4295,43.096,40.469,0,26.8426,81.7536,0.507351,448
-2,353.053,5.41744,0.141024,39.9483,22.4273,92.4328,43.1041,40.4738,0,26.8462,81.7552,0.50733,448
-2,353.057,5.41876,0.141054,39.9503,22.4224,92.4336,43.1062,40.475,0,26.8471,81.7556,0.507325,448
-2,353.058,5.4191,0.141062,39.9509,22.4212,92.4338,43.1067,40.4753,0,26.8473,81.7557,0.507324,448
-2,353.059,5.41918,0.141064,39.951,22.4209,92.4338,43.1068,40.4754,0,26.8473,81.7557,0.507323,448
-2,353.059,5.4192,0.141064,39.951,22.4208,92.4338,43.1068,40.4754,0,26.8474,81.7557,0.507323,448
-2,353.059,5.4192,0.141065,39.951,22.4208,92.4338,43.1069,40.4754,0,26.8474,81.7557,0.507323,448
7,352.955,5.31857,0.14102,39.951,22.4183,92.4338,43.1069,40.4754,0,26.8474,81.7557,0.507323,448
-1,352.955,5.31857,0.14102,39.951,22.4183,92.4338,43.1069,40.4754,0,26.8474,81.7557,0.507323,896
-2,352.975,5.39416,0.140315,39.8944,22.5613,92.4161,43.0499,40.4439,0,26.8233,81.7443,0.507437,896
-2,353.014,5.40659,0.140687,39.9227,22.4881,92.425,43.0783,40.4596,0,26.8353,81.75,0.50738,896
-2,353.035,5.41288,0.140875,39.9369,22.4537,92.4294,43.0926,40.4675,0,26.8413,81.7529,0.507352,896
-2,353.047,5.41603,0.14097,39.944,22.4371,92.4316,43.0997,40.4714,0,26.8443,81.7543,0.507337,896
-2,353.056,5.41841,0.141041,39.9493,22.4248,92.4333,43.1051,40.4744,0,26.8466,81.7554,0.507327,896
-2,353.058,5.41901,0.141059,39.9506,22.4218,92.4337,43.1064,40.4751,0,26.8472,81.7557,0.507324,896
-2,353.058,5.41916,0.141063,39.9509,22.421,92.4338,43.1067,40.4753,0,26.8473,81.7557,0.507323,896
-2,353.059,5.41919,0.141064,39.951,22.4208,92.4338,43.1068,40.4754,0,26.8474,81.7557,0.507323,896
-2,353.059,5.4192,0.141064,39.951,22.4208,92.4338,43.1068,40.4754,0,26.8474,81.7557,0.507323,896
-2,352.955,5.31857,0.14102,39.951,22.4183,92.4338,43.1069,40.4754,0,26.8474,81.7557,0.507323,896
8,352.955,5.31857,0.14102,39.951,22.4183,92.4338,43.1069,40.4754,0,26.8474,81.7557,0.507323,896
0,351.996,5.33093,0.147349,40.1146,23.7604,89.9617,43.049,40.4753,0,26.9044,81.7451,0.507293,627.2
-1,351.996,5.33093,0.147349,40.1146,23.7604,89.9617,43.049,40.4753,0,26.9044,81.7451,0.507293,7
-2,351.599,5.43546,0.135411,39.5276,23.4075,89.295,43.1135,41.7259,0,26.6859,81.7548,0.517424,7
1,351.599,5.43546,0.135411,39.5276,23.4075,89.295,43.1135,41.7259,0,26.6859,81.7548,0.517424,7
0,350.673,5.5334,0.14067,39.6318,24.7871,86.8327,43.0411,41.7258,0,26.7215,81.7415,0.517378,4.9
-1,350.673,5.5334,0.14067,39.6318,24.7871,86.8327,43.0411,41.7258,0,26.7215,81.7415,0.517378,7
-2,349.77,5.29763,0.126141,39.1291,23.8221,86.1435,43.3447,43.0404,0,26.5425,81.7963,0.527311,7
1,349.77,5.29763,0.126141,39.1291,23.8221,86.1435,43.3447,43.0404,0,26.5425,81.7963,0.527311,7
0,348.788,5.37907,0.130433,39.1847,25.2338,83.6943,43.2571,43.0404,0,26.5612,81.7803,0.527229,4.9
-1,348.788,5.37907,0.130433,39.1847,25.2338,83.6943,43.2571,43.0404,0,26.5612,81.7803,0.527229,7
-2,349.287,5.81688,0.121243,38.74,24.7545,83.0682,43.6964,44.2861,0,26.4065,81.8608,0.536803,7
-2,349.003,5.65588,0.125197,38.9577,24.9393,83.3809,43.4589,43.6546,0,26.4818,81.8172,0.53197,7
-2,348.906,5.51828,0.127719,39.07,25.1049,83.5375,43.3535,43.3453,0,26.521,81.7979,0.529588,7
-2,348.976,5.4976,0.128992,39.1271,25.2521,83.6159,43.3042,43.1923,0,26.541,81.7889,0.528406,7
-2,349.129,5.52709,0.13095,39.1702,25.4134,83.6747,43.2686,43.0783,0,26.5561,81.7824,0.527523,7
-2,348.767,5.36831,0.130279,39.1811,25.2197,83.6894,43.2599,43.0498,0,26.5599,81.7808,0.527302,7
1,348.767,5.36831,0.130279,39.1811,25.2197,83.6894,43.2599,43.0498,0,26.5599,81.7808,0.527302,7
0,348.709,5.49664,0.136102,39.2279,27.5194,81.2504,43.1632,43.0498,0,26.5757,81.763,0.527142,4.9
-1,348.709,5.49664,0.136102,39.2279,27.5194,81.2504,43.1632,43.0498,0,26.5757,81.763,0.527142,7
-2,347.708,5.83154,0.120869,38.6351,25.6982,80.6183,43.7281,44.3001,0,26.3714,81.8674,0.536681,7
1,347.708,5.83154,0.120869,38.6351,25.6982,80.6183,43.7281,44.3001,0,26.3714,81.8674,0.536681,7
-1,347.708,5.83154,0.120869,38.6351,25.6982,80.6183,43.7281,44.3001,0,26.3714,81.8674,0.536681,4.9
-2,347.829,5.63092,0.113275,38.259,24.9793,79.9201,44.3291,45.8291,0,26.2401,81.9788,0.549601,4.9
-2,347.763,5.68001,0.115644,38.4432,25.4191,80.2686,44.0148,45.054,0,26.3043,81.9205,0.543056,4.9
-2,347.808,5.80859,0.117392,38.5382,25.5876,80.4433,43.868,44.6745,0,26.3375,81.8933,0.539847,4.9
-2,348.028,5.91544,0.119606,38.5864,25.8196,80.5308,43.7972,44.4866,0,26.3543,81.8802,0.538259,4.9
-2,347.625,5.7799,0.120305,38.6229,25.6391,80.5964,43.7452,44.3466,0,26.3671,81.8705,0.537074,4.9
2,347.625,5.7799,0.120305,38.6229,25.6391,80.5964,43.7452,44.3466,0,26.3671,81.8705,0.537074,4.9
0,346.993,5.87567,0.12417,38.6184,27.4682,78.1774,43.6308,44.3466,0,26.3656,81.8495,0.536867,3.43
-1,346.993,5.87567,0.12417,38.6184,27.4682,78.1774,43.6308,44.3466,0,26.3656,81.8495,0.536867,7
-2,346.259,5.76501,0.112609,38.1569,25.8426,77.4891,44.3162,45.8443,0,26.209,81.9765,0.546665,7
1,346.259,5.76501,0.112609,38.1569,25.8426,77.4891,44.3162,45.8443,0,26.209,81.9765,0.546665,7
0,345.257,5.83501,0.115144,38.1125,27.3798,75.095,44.1824,45.8442,0,26.1945,81.9519,0.546357,4.9
-1,345.257,5.83501,0.115144,38.1125,27.3798,75.095,44.1824,45.8442,0,26.1945,81.9519,0.546357,7
-2,344.478,5.70397,0.103922,37.7268,25.5705,74.4007,44.9444,47.3131,0,26.0636,82.0938,0.557157,7
1,344.478,5.70397,0.103922,37.7268,25.5705,74.4007,44.9444,47.3131,0,26.0636,82.0938,0.557157,7
0,343.178,5.75181,0.105442,37.649,26.872,72.0361,44.7902,47.313,0,26.0382,82.0655,0.556711,4.9
-1,343.178,5.75181,0.105442,37.649,26.872,72.0361,44.7902,47.313,0,26.0382,82.0655,0.556711,7
-2,342.38,5.61782,0.0929684,37.3237,25.0235,71.3833,45.5466,48.6913,0,25.9267,82.2065,0.567307,7
1,342.38,5.61782,0.0929684,37.3237,25.0235,71.3833,45.5466,48.6913,0,25.9267,82.2065,0.567307,7
0,340.819,5.64767,0.0937056,37.217,26.1132,69.0515,45.3718,48.6912,0,25.892,82.1743,0.566683,4.9
-1,340.819,5.64767,0.0937056,37.217,26.1132,69.0515,45.3718,48.6912,0,25.892,82.1743,0.566683,7
-2,341.074,5.70522,0.086063,36.9432,25.1715,68.4687,46.07,49.9514,0,25.7976,82.3041,0.576617,7
-2,340.647,5.66868,0.0902894,37.0766,25.3709,68.7595,45.7134,49.315,0,25.8436,82.2378,0.571593,7
1,340.647,5.66868,0.0902894,37.0766,25.3709,68.7595,45.7134,49.315,0,25.8436,82.2378,0.571593,7
0,339.201,5.70437,0.0910287,36.9495,26.5836,66.459,45.5226,49.3149,0,25.8021,82.2027,0.570688,4.9
-1,339.201,5.70437,0.0910287,36.9495,26.5836,66.459,45.5226,49.3149,0,25.8021,82.2027,0.570688,7
-2,339.813,5.89915,0.0836451,36.6736,25.7912,65.8774,46.302,50.5488,0,25.709,82.3482,0.579792,7
-2,339.251,5.7181,0.0861163,36.8073,26.0385,66.1676,45.9041,49.926,0,25.7542,82.2739,0.57518,7
-2,338.865,5.51684,0.0876968,36.8774,26.1512,66.3132,45.7113,49.619,0,25.7778,82.2379,0.572919,7
1,338.865,5.51684,0.0876968,36.8774,26.1512,66.3132,45.7113,49.619,0,25.7778,82.2379,0.572919,7
0,337.691,5.56899,0.0886799,36.7319,27.6257,64.0478,45.507,49.6189,0,25.73,82.2003,0.571776,4.9
-1,337.691,5.56899,0.0886799,36.7319,27.6257,64.0478,45.507,49.6189,0,25.73,82.2003,0.571776,7
-2,338.251,6.16816,0.086452,36.4412,26.2537,63.4744,46.3858,50.8635,0,25.6323,82.365,0.580403,7
-2,337.736,5.74557,0.0847998,36.5809,26.8562,63.7605,45.9363,50.2356,0,25.6794,82.2807,0.576027,7
-2,337.799,5.75919,0.0865755,36.655,27.2315,63.904,45.7191,49.9258,0,25.7042,82.24,0.573886,7
-2,337.952,5.86812,0.0878838,36.6931,27.4329,63.9759,45.6125,49.772,0,25.717,82.22,0.572827,7
-2,337.565,5.52063,0.0881571,36.7221,27.5099,64.0298,45.5333,49.6572,0,25.7267,82.2052,0.572038,7
1,337.565,5.52063,0.0881571,36.7221,27.5099,64.0298,45.5333,49.6572,0,25.7267,82.2052,0.572038,7
0,336.922,5.60389,0.08966,36.5596,29.4845,61.8011,45.3177,49.6571,0,25.6729,82.1654,0.570644,4.9
-1,336.922,5.60389,0.08966,36.5596,29.4845,61.8011,45.3177,49.6571,0,25.6729,82.1654,0.570644,7
-2,336.059,6.11281,0.0847453,36.2346,26.662,61.2227,46.3235,50.921,0,25.5647,82.3543,0.579093,7
1,336.059,6.11281,0.0847453,36.2346,26.662,61.2227,46.3235,50.921,0,25.5647,82.3543,0.579093,7
0,334.462,6.15869,0.0849808,36.0415,27.7334,59.0474,46.0863,50.921,0,25.5006,82.3105,0.577771,4.9
-1,334.462,6.15869,0.0849808,36.0415,27.7334,59.0474,46.0863,50.921,0,25.5006,82.3105,0.577771,7
-2,333.022,6.03908,0.0774284,35.788,24.9334,58.344,46.9165,52.4619,0,25.4079,82.4666,0.586823,7
1,333.022,6.03908,0.0774284,35.788,24.9334,58.344,46.9165,52.4619,0,25.4079,82.4666,0.586823,7
-1,333.022,6.03908,0.0774284,35.788,24.9334,58.344,46.9165,52.4619,0,25.4079,82.4666,0.586823,4.9
-2,332.568,5.73501,0.0695334,35.5884,23.9041,57.7039,47.4556,53.6121,0,25.3311,82.5678,0.600519,4.9
2,332.568,5.73501,0.0695334,35.5884,23.9041,57.7039,47.4556,53.6121,0,25.3311,82.5678,0.600519,4.9
0,330.233,5.81433,0.0687702,35.3671,24.208,55.6027,47.1859,53.612,0,25.2572,82.518,0.599323,3.43
-1,330.233,5.81433,0.0687702,35.3671,24.208,55.6027,47.1859,53.612,0,25.2572,82.518,0.599323,7
-2,329.824,5.43589,0.0632565,35.1921,23.4739,55.037,47.5418,54.7006,0,25.1864,82.5837,0.609424,7
1,329.824,5.43589,0.0632565,35.1921,23.4739,55.037,47.5418,54.7006,0,25.1864,82.5837,0.609424,7
0,327.347,5.4928,0.0625113,34.9479,23.6657,52.9855,47.2501,54.7005,0,25.1041,82.5298,0.607817,4.9
-1,327.347,5.4928,0.0625113,34.9479,23.6657,52.9855,47.2501,54.7005,0,25.1041,82.5298,0.607817,7
-2,329.517,5.89469,0.0659745,34.7988,24.9212,52.4984,47.5197,55.577,0,25.0447,82.5797,0.617209,7
-2,327.4,5.42964,0.0613965,34.8725,23.5325,52.7411,47.3849,55.1365,0,25.0741,82.5548,0.612434,7
-2,327.747,5.70438,0.0625168,34.91,23.7302,52.8631,47.3175,54.918,0,25.089,82.5423,0.610106,7
-2,327.263,5.39461,0.0629422,34.9289,23.6181,52.9242,47.2838,54.8091,0,25.0966,82.536,0.608956,7
1,327.263,5.39461,0.0629422,34.9289,23.6181,52.9242,47.2838,54.8091,0,25.0966,82.536,0.608956,7
0,324.775,5.37771,0.0606297,34.6609,23.8766,50.9149,46.9832,54.809,0,25.0052,82.4804,0.606693,4.9
-1,324.775,5.37771,0.0606297,34.6609,23.8766,50.9149,46.9832,54.809,0,25.0052,82.4804,0.606693,7
-2,326.798,5.86707,0.063005,34.5146,24.8719,50.4339,47.2961,55.649,0,24.948,82.5387,0.615681,7
-2,325.776,5.69555,0.0609718,34.5867,24.2957,50.6735,47.1395,55.227,0,24.9762,82.5095,0.611108,7
-2,324.974,5.49294,0.0594469,34.6235,23.8304,50.794,47.0613,55.0175,0,24.9906,82.495,0.608881,7
-2,325.23,5.68465,0.0601802,34.6422,23.9597,50.8544,47.0222,54.9131,0,24.9979,82.4877,0.607782,7
-2,325.221,5.62655,0.0607277,34.6562,24.057,50.8997,46.9929,54.835,0,25.0033,82.4822,0.606964,7
-2,324.759,5.36607,0.0605829,34.6597,23.8683,50.9111,46.9856,54.8155,0,25.0047,82.4809,0.606761,7
1,324.759,5.36607,0.0605829,34.6597,23.8683,50.9111,46.9856,54.8155,0,25.0047,82.4809,0.606761,7
0,322.366,5.38041,0.058642,34.3666,24.1854,48.9498,46.6782,54.8154,0,24.9035,82.424,0.604115,4.9
-1,322.366,5.38041,0.058642,34.3666,24.1854,48.9498,46.6782,54.8154,0,24.9035,82.424,0.604115,7
-2,324.182,5.8942,0.0607661,34.2134,24.9157,48.4586,47.0201,55.6751,0,24.8433,82.4877,0.612875,7
-2,323.193,5.65802,0.0588381,34.2887,24.4548,48.7033,46.8487,55.2432,0,24.873,82.4558,0.608415,7
-2,322.473,5.47531,0.0573812,34.3273,24.0607,48.8263,46.7633,55.0288,0,24.8881,82.4399,0.606245,7
-2,322.773,5.67652,0.0581516,34.3469,24.228,48.888,46.7207,54.9219,0,24.8958,82.4319,0.605175,7
-2,322.799,5.62636,0.0587292,34.3616,24.3554,48.9343,46.6888,54.842,0,24.9016,82.426,0.604379,7
-2,322.448,5.46887,0.0586008,34.3654,24.1749,48.9459,46.6808,54.822,0,24.903,82.4245,0.604181,7
-2,322.463,5.47823,0.0586378,34.3663,24.183,48.9488,46.6788,54.817,0,24.9034,82.4241,0.604132,7
-2,322.365,5.37964,0.0586389,34.3665,24.1847,48.9496,46.6784,54.8158,0,24.9035,82.424,0.604119,7
1,322.365,5.37964,0.0586389,34.3665,24.1847,48.9496,46.6784,54.8158,0,24.9035,82.424,0.604119,7
0,319.956,5.32599,0.057092,34.0468,24.5476,47.0395,46.3651,54.8157,0,24.7916,82.366,0.600991,4.9
-1,319.956,5.32599,0.057092,34.0468,24.5476,47.0395,46.3651,54.8157,0,24.7916,82.366,0.600991,7
-2,321.552,5.88717,0.0590574,33.8899,24.9877,46.5486,46.7266,55.6804,0,24.7297,82.4335,0.609447,7
-2,320.708,5.6755,0.0571596,33.9667,24.6597,46.7931,46.5452,55.2459,0,24.7602,82.3996,0.605137,7
-2,320.08,5.50645,0.0557368,34.0063,24.3487,46.916,46.455,55.0303,0,24.7758,82.3828,0.603043,7
-2,320.43,5.71477,0.0565289,34.0265,24.5619,46.9777,46.41,54.9229,0,24.7837,82.3744,0.602012,7
-2,320.377,5.57106,0.0571715,34.0417,24.7056,47.024,46.3763,54.8424,0,24.7896,82.3681,0.601245,7
-2,320.035,5.41421,0.0570488,34.0455,24.5341,47.0356,46.3679,54.8224,0,24.7911,82.3666,0.601054,7
-2,320.052,5.42374,0.0570873,34.0465,24.5445,47.0385,46.3658,54.8173,0,24.7915,82.3662,0.601007,7
-2,320.056,5.42612,0.0570969,34.0467,24.5471,47.0392,46.3653,54.8161,0,24.7916,82.3661,0.600995,7
-2,320.057,5.42672,0.0570994,34.0468,24.5478,47.0394,46.3651,54.8158,0,24.7916,82.366,0.600992,7
-2,320.058,5.42687,0.0571,34.0468,24.5479,47.0394,46.3651,54.8157,0,24.7916,82.366,0.600991,7
1,319.956,5.32599,0.057092,34.0468,24.5476,47.0395,46.3651,54.8157,0,24.7916,82.366,0.600991,7
-1,319.956,5.32599,0.057092,34.0468,24.5476,47.0395,46.3651,54.8157,0,24.7916,82.366,0.600991,14
-2,321.596,5.77119,0.0596589,33.8957,25.1455,46.6077,46.6706,55.6902,0,24.728,82.4219,0.605798,14
-2,319.822,5.43662,0.0548607,33.9698,24.0137,46.8231,46.5169,55.2505,0,24.7594,82.3938,0.603364,14
2,319.822,5.43662,0.0548607,33.9698,24.0137,46.8231,46.5169,55.2505,0,24.7594,82.3938,0.603364,14
0,317.324,5.39316,0.0535816,33.6218,24.2664,44.9757,46.1932,55.2503,0,24.636,82.3338,0.599848,9.8
-1,317.324,5.39316,0.0535816,33.6218,24.2664,44.9757,46.1932,55.2503,0,24.636,82.3338,0.599848,7
-2,319.328,6.03447,0.0611649,33.4663,25.1115,44.4867,46.4823,56.117,0,24.5738,82.3877,0.607554,7
-2,319.105,5.854,0.0583154,33.5429,25.3317,44.7302,46.3375,55.6817,0,24.6045,82.3607,0.603614,7
-2,319.349,6.0011,0.0582481,33.582,25.5549,44.8527,46.2653,55.4655,0,24.6202,82.3473,0.601709,7
-2,318.933,5.9404,0.0577507,33.6019,25.2628,44.9142,46.2292,55.3578,0,24.628,82.3406,0.600773,7
-2,317.892,5.52695,0.0549777,33.6168,24.6836,44.9603,46.2022,55.2772,0,24.634,82.3355,0.600078,7
-2,317.303,5.38025,0.0535375,33.6206,24.2547,44.9719,46.1954,55.2571,0,24.6355,82.3343,0.599905,7
1,317.303,5.38025,0.0535375,33.6206,24.2547,44.9719,46.1954,55.2571,0,24.6355,82.3343,0.599905,7
0,314.86,5.35668,0.0525758,33.2429,24.5308,43.1819,45.8689,55.2569,0,24.4997,82.2738,0.595445,4.9
-1,314.86,5.35668,0.0525758,33.2429,24.5308,43.1819,45.8689,55.2569,0,24.4997,82.2738,0.595445,7
-2,316.713,6.05399,0.0602986,33.084,25.1746,42.6954,46.1583,56.1199,0,24.4358,82.3277,0.602772,7
-2,316.612,5.89505,0.057367,33.1622,25.4925,42.9376,46.0133,55.6865,0,24.4673,82.3007,0.599018,7
-2,316.808,5.95828,0.0572501,33.2022,25.7509,43.0595,45.941,55.4712,0,24.4834,82.2872,0.597209,7
-2,316.429,5.90015,0.0567473,33.2225,25.4914,43.1207,45.9049,55.3639,0,24.4915,82.2805,0.596321,7
-2,315.417,5.4896,0.0539719,33.2378,24.9387,43.1666,45.8779,55.2836,0,24.4976,82.2755,0.595663,7
-2,314.836,5.34362,0.052532,33.2416,24.5169,43.1781,45.8711,55.2636,0,24.4992,82.2742,0.595499,7
1,314.836,5.34362,0.052532,33.2416,24.5169,43.1781,45.8711,55.2636,0,24.4992,82.2742,0.595499,7
0,312.444,5.33882,0.0518756,32.8329,24.8082,41.4517,45.5431,55.2634,0,24.35,82.2135,0.590287,4.9
-1,312.444,5.33882,0.0518756,32.8329,24.8082,41.4517,45.5431,55.2634,0,24.35,82.2135,0.590287,7
-2,314.139,6.09384,0.0598837,32.6701,25.2517,40.9678,45.8269,56.1214,0,24.2841,82.2664,0.597229,7
-2,314.047,5.86505,0.0567319,32.7502,25.6409,41.2087,45.6848,55.6905,0,24.3167,82.2399,0.593664,7
-2,314.312,5.93333,0.0565795,32.7912,25.9582,41.33,45.6139,55.4765,0,24.3332,82.2267,0.591952,7
-2,313.97,5.87815,0.0560606,32.812,25.7321,41.3907,45.5785,55.3698,0,24.3416,82.2201,0.591113,7
-2,313.329,5.56235,0.0543669,32.8276,25.4526,41.4364,45.552,55.29,0,24.3479,82.2151,0.590492,7
-2,312.418,5.32559,0.0518327,32.8316,24.792,41.4479,45.5453,55.27,0,24.3495,82.2139,0.590338,7
1,312.418,5.32559,0.0518327,32.8316,24.792,41.4479,45.5453,55.27,0,24.3495,82.2139,0.590338,7
0,310.065,5.33706,0.0514913,32.3905,25.0859,39.7889,45.2177,55.2698,0,24.186,82.1532,0.584461,4.9
-1,310.065,5.33706,0.0514913,32.3905,25.0859,39.7889,45.2177,55.2698,0,24.186,82.1532,0.584461,7
-2,311.805,6.24641,0.0610451,32.2233,25.4399,39.3084,45.4916,56.1207,0,24.118,82.2042,0.591122,7
-2,311.52,5.85102,0.0564567,32.3057,25.7936,39.5476,45.3545,55.6934,0,24.1516,82.1787,0.587693,7
-2,311.852,5.92442,0.0562487,32.3478,26.1678,39.668,45.2861,55.4812,0,24.1687,82.1659,0.586052,7
-2,311.549,5.87221,0.0557022,32.3691,25.9741,39.7284,45.2519,55.3754,0,24.1773,82.1596,0.58525,7
-2,310.939,5.55947,0.0539881,32.3851,25.7208,39.7738,45.2262,55.2962,0,24.1838,82.1548,0.584657,7
-2,310.687,5.50891,0.0530224,32.3892,25.5313,39.7851,45.2198,55.2764,0,24.1854,82.1536,0.58451,7
-2,310.058,5.3337,0.051481,32.3902,25.0813,39.788,45.2182,55.2715,0,24.1858,82.1533,0.584473,7
1,310.058,5.3337,0.051481,32.3902,25.0813,39.788,45.2182,55.2715,0,24.1858,82.1533,0.584473,7
0,307.73,5.3576,0.0514996,31.9156,25.3629,38.1991,44.8929,55.2713,0,24.007,82.0931,0.578502,4.9
-1,307.73,5.3576,0.0514996,31.9156,25.3629,38.1991,44.8929,55.2713,0,24.007,82.0931,0.578502,7
-2,309.229,6.24738,0.0613205,31.7434,25.5218,37.7219,45.1546,56.1152,0,23.9367,82.1418,0.584949,7
-2,309.043,5.8598,0.0566097,31.8284,25.9535,37.9595,45.0237,55.6914,0,23.9715,82.1174,0.581626,7
-2,309.441,5.93852,0.0563314,31.8717,26.3814,38.0791,44.9583,55.4809,0,23.9892,82.1052,0.580039,7
-2,309.174,5.8893,0.0557479,31.8936,26.2181,38.139,44.9256,55.376,0,23.9981,82.0991,0.579264,7
-2,308.593,5.57912,0.0540057,31.9101,25.9891,38.1841,44.9011,55.2974,0,24.0048,82.0946,0.578691,7
-2,308.349,5.52918,0.0530328,31.9142,25.8061,38.1954,44.895,55.2778,0,24.0065,82.0934,0.578549,7
-2,307.722,5.3542,0.0514899,31.9153,25.3578,38.1982,44.8935,55.2729,0,24.0069,82.0931,0.578514,7
1,307.722,5.3542,0.0514899,31.9153,25.3578,38.1982,44.8935,55.2729,0,24.0069,82.0931,0.578514,7
0,305.344,5.30807,0.0509685,31.406,25.6367,36.6785,44.5732,55.2726,0,23.8119,82.0339,0.572207,4.9
-1,305.344,5.30807,0.0509685,31.406,25.6367,36.6785,44.5732,55.2726,0,23.8119,82.0339,0.572207,7
-2,306.649,6.18486,0.0610834,31.2292,25.6419,36.2063,44.8217,56.1062,0,23.7393,82.0802,0.578401,7
-2,306.542,5.80184,0.056246,31.3166,26.1339,36.4414,44.6972,55.6877,0,23.7753,82.057,0.575203,7
-2,306.993,5.88426,0.0558882,31.3611,26.6044,36.5597,44.6352,55.4797,0,23.7935,82.0454,0.57368,7
-2,306.756,5.83719,0.0552613,31.3835,26.4655,36.619,44.6042,55.376,0,23.8027,82.0396,0.572937,7
-2,306.199,5.52891,0.0534857,31.4004,26.2561,36.6636,44.5809,55.2984,0,23.8096,82.0353,0.572389,7
-2,305.961,5.47944,0.0525044,31.4046,26.0781,36.6748,44.5751,55.2791,0,23.8113,82.0342,0.572252,7
-2,305.987,5.48996,0.052532,31.4057,26.0951,36.6776,44.5737,55.2742,0,23.8117,82.0339,0.572219,7
-2,305.342,5.30721,0.0509662,31.4059,25.6353,36.6782,44.5733,55.273,0,23.8118,82.0339,0.57221,7
1,305.342,5.30721,0.0509662,31.4059,25.6353,36.6782,44.5733,55.273,0,23.8118,82.0339,0.57221,7
0,302.951,5.28135,0.0514054,30.8611,25.8548,35.228,44.2606,55.2727,0,23.5996,81.976,0.56557,4.9
-1,302.951,5.28135,0.0514054,30.8611,25.8548,35.228,44.2606,55.2727,0,23.5996,81.976,0.56557,7
-2,304.138,6.15599,0.0617727,30.6806,25.7706,34.7632,44.4968,56.092,0,23.5253,82.0201,0.571494,7
-2,304.077,5.77221,0.0568382,30.7701,26.2962,34.9946,44.3783,55.6807,0,23.5622,81.998,0.568429,7
-2,304.561,5.85573,0.0564093,30.8154,26.792,35.1111,44.3193,55.4763,0,23.5808,81.987,0.566973,7
-2,304.343,5.80945,0.0557414,30.8382,26.6677,35.1695,44.2899,55.3744,0,23.5902,81.9815,0.566265,7
-2,303.801,5.50189,0.0539338,30.8554,26.47,35.2134,44.2679,55.2981,0,23.5973,81.9774,0.565742,7
-2,303.567,5.45263,0.052944,30.8597,26.2951,35.2244,44.2624,55.279,0,23.599,81.9763,0.565613,7
-2,303.593,5.4632,0.0529695,30.8608,26.3129,35.2271,44.2611,55.2743,0,23.5995,81.9761,0.56558,7
-2,303.274,5.37217,0.0526497,30.861,26.0849,35.2278,44.2607,55.2731,0,23.5996,81.976,0.565572,7
-2,302.951,5.28113,0.0514049,30.8611,25.8545,35.228,44.2606,55.2728,0,23.5996,81.976,0.56557,7
1,302.951,5.28113,0.0514049,30.8611,25.8545,35.228,44.2606,55.2728,0,23.5996,81.976,0.56557,7
0,300.518,5.26999,0.0530498,30.28,25.9896,33.8474,43.958,55.2724,0,23.3693,81.92,0.558666,4.9
-1,300.518,5.26999,0.0530498,30.28,25.9896,33.8474,43.958,55.2724,0,23.3693,81.92,0.558666,7
-2,301.572,6.12023,0.0637518,30.0972,25.82,33.3936,44.1848,56.0717,0,23.294,81.9625,0.564408,7
-2,301.637,5.76633,0.0585645,30.188,26.4296,33.6195,44.0703,55.6705,0,23.3314,81.9411,0.561429,7
-2,302.123,5.84691,0.0581026,30.2338,26.9256,33.7332,44.0139,55.471,0,23.3503,81.9305,0.56002,7
-2,301.907,5.79929,0.0574117,30.2569,26.8017,33.7902,43.9859,55.3716,0,23.3598,81.9252,0.559336,7
-2,301.367,5.49078,0.0555851,30.2742,26.6045,33.8331,43.965,55.2972,0,23.3669,81.9213,0.558832,7
-2,301.134,5.44133,0.0545902,30.2785,26.4298,33.8438,43.9597,55.2786,0,23.3687,81.9203,0.558707,7
-2,301.16,5.45185,0.0546144,30.2796,26.4476,33.8465,43.9584,55.2739,0,23.3692,81.9201,0.558676,7
-2,300.841,5.36081,0.0542942,30.2799,26.2196,33.8472,43.9581,55.2728,0,23.3693,81.92,0.558668,7
-2,300.518,5.26977,0.0530493,30.2799,25.9892,33.8473,43.958,55.2725,0,23.3693,81.92,0.558666,7
1,300.518,5.26977,0.0530493,30.2799,25.9892,33.8473,43.958,55.2725,0,23.3693,81.92,0.558666,7
0,298.033,5.26799,0.0561371,29.6619,26.0325,32.5361,43.6678,55.272,0,23.1201,81.8664,0.551978,4.9
-1,298.033,5.26799,0.0561371,29.6619,26.0325,32.5361,43.6678,55.272,0,23.1201,81.8664,0.551978,7
-2,298.886,5.91449,0.0657451,29.4795,25.8822,32.0978,43.8905,56.0446,0,23.0448,81.9082,0.557635,7
-2,299.224,5.7805,0.0615624,29.5701,26.5378,32.3159,43.7769,55.6569,0,23.0822,81.8869,0.5547,7
-2,299.676,5.8529,0.0611531,29.6159,27.0033,32.4258,43.7218,55.4641,0,23.1011,81.8765,0.553312,7
-2,299.441,5.80124,0.0604819,29.6389,26.8626,32.4808,43.6947,55.3679,0,23.1106,81.8714,0.552638,7
-2,298.887,5.48969,0.0586685,29.6561,26.652,32.5222,43.6745,55.296,0,23.1177,81.8676,0.552141,7
-2,298.65,5.43955,0.0576765,29.6605,26.4739,32.5326,43.6695,55.278,0,23.1195,81.8667,0.552018,7
-2,298.675,5.4499,0.0577014,29.6616,26.4909,32.5352,43.6682,55.2735,0,23.1199,81.8664,0.551988,7
-2,298.355,5.35882,0.0573814,29.6618,26.2626,32.5358,43.6679,55.2724,0,23.12,81.8664,0.55198,7
-2,298.357,5.35946,0.057383,29.6619,26.2637,32.536,43.6679,55.2721,0,23.1201,81.8664,0.551978,7
-2,298.033,5.26793,0.0561369,29.6619,26.0324,32.536,43.6678,55.272,0,23.1201,81.8664,0.551978,7
1,298.033,5.26793,0.0561369,29.6619,26.0324,32.536,43.6678,55.272,0,23.1201,81.8664,0.551978,7
0,295.461,5.19298,0.0598712,29.0067,26.0337,31.2913,43.393,55.2714,0,22.8512,81.8156,0.545364,4.9
-1,295.461,5.19298,0.0598712,29.0067,26.0337,31.2913,43.393,55.2714,0,22.8512,81.8156,0.545364,7
-2,296.463,5.83835,0.0682722,28.8279,26.0391,30.8726,43.6194,56.0114,0,22.7773,81.8583,0.55086,7
-2,296.843,5.77699,0.0659744,28.9164,26.6622,31.081,43.5019,55.6401,0,22.8139,81.8362,0.548006,7
-2,297.183,5.79106,0.0646916,28.9613,27.0731,31.1859,43.4464,55.4554,0,22.8325,81.8257,0.546658,7
-2,296.91,5.73281,0.0641187,28.9839,26.8992,31.2385,43.4194,55.3633,0,22.8418,81.8206,0.546004,7
-2,296.325,5.41624,0.0623786,29.001,26.6622,31.2781,43.3996,55.2944,0,22.8488,81.8168,0.545523,7
-2,296.081,5.36493,0.0614046,29.0052,26.4773,31.288,43.3946,55.2772,0,22.8506,81.8159,0.545403,7
-2,296.104,5.37499,0.061434,29.0063,26.4926,31.2905,43.3934,55.2728,0,22.851,81.8157,0.545374,7
-2,295.784,5.28384,0.0611152,29.0066,26.264,31.2911,43.3931,55.2718,0,22.8511,81.8156,0.545366,7
-2,295.785,5.28446,0.061117,29.0066,26.2649,31.2912,43.393,55.2715,0,22.8512,81.8156,0.545364,7
-2,295.461,5.19293,0.059871,29.0067,26.0336,31.2913,43.393,55.2714,0,22.8512,81.8156,0.545364,7
1,295.461,5.19293,0.059871,29.0067,26.0336,31.2913,43.393,55.2714,0,22.8512,81.8156,0.545364,7
0,293.032,5.18967,0.0650962,28.3141,26.0767,30.111,43.1363,55.2707,0,22.562,81.7682,0.538706,4.9
-1,293.032,5.18967,0.0650962,28.3141,26.0767,30.111,43.1363,55.2707,0,22.562,81.7682,0.538706,7
-2,294.343,5.85684,0.0715561,28.1395,26.3637,29.7068,43.3743,55.9835,0,22.4895,81.8132,0.54406,7
-2,294.485,5.68339,0.0701152,28.2252,26.8691,29.908,43.2477,55.6259,0,22.5252,81.7893,0.541268,7
-2,294.843,5.79297,0.0694722,28.2693,27.202,30.0093,43.1901,55.448,0,22.5435,81.7784,0.539958,7
-2,294.527,5.73209,0.0691205,28.2916,26.9868,30.0601,43.1627,55.3593,0,22.5527,81.7732,0.539325,7
-2,293.908,5.41352,0.0675478,28.3085,26.7166,30.0983,43.1428,55.2928,0,22.5596,81.7694,0.538859,7
-2,293.655,5.36177,0.0666156,28.3127,26.5232,30.1078,43.1379,55.2762,0,22.5614,81.7685,0.538744,7
-2,293.676,5.37172,0.0666555,28.3138,26.5363,30.1102,43.1367,55.2721,0,22.5618,81.7683,0.538715,7
-2,293.355,5.28053,0.0663393,28.314,26.3071,30.1108,43.1364,55.271,0,22.5619,81.7682,0.538708,7
-2,293.356,5.28115,0.0663418,28.3141,26.3079,30.111,43.1363,55.2708,0,22.5619,81.7682,0.538706,7
-2,293.032,5.18962,0.065096,28.3141,26.0766,30.111,43.1363,55.2707,0,22.562,81.7682,0.538706,7
1,293.032,5.18962,0.065096,28.3141,26.0766,30.111,43.1363,55.2707,0,22.562,81.7682,0.538706,7
0,290.819,5.17069,0.0705913,27.5846,26.3211,28.9938,42.9001,55.2698,0,22.252,81.7246,0.532084,4.9
-1,290.819,5.17069,0.0705913,27.5846,26.3211,28.9938,42.9001,55.2698,0,22.252,81.7246,0.532084,7
-2,292.274,5.81208,0.0741499,27.4191,26.7547,28.6082,43.1616,55.9499,0,22.1828,81.7743,0.537525,7
-2,292.415,5.69163,0.0742347,27.4989,27.2239,28.8001,43.0187,55.6088,0,22.2165,81.7472,0.534694,7
-2,292.704,5.78768,0.0742778,27.541,27.5066,28.8967,42.9563,55.439,0,22.234,81.7354,0.533361,7
-2,292.352,5.71991,0.0742668,27.5626,27.2628,28.9452,42.9274,55.3543,0,22.2429,81.7298,0.532716,7
-2,291.705,5.39616,0.0729552,27.5791,26.9692,28.9816,42.9068,55.2909,0,22.2497,81.7259,0.532241,7
-2,291.444,5.34319,0.0720888,27.5832,26.7697,28.9908,42.9017,55.2751,0,22.2514,81.7249,0.532123,7
-2,291.464,5.35284,0.0721451,27.5843,26.7813,28.993,42.9005,55.2711,0,22.2518,81.7247,0.532094,7
-2,291.142,5.26158,0.0718331,27.5845,26.5517,28.9936,42.9002,55.2701,0,22.2519,81.7246,0.532086,7
-2,291.143,5.26218,0.0718366,27.5846,26.5524,28.9937,42.9001,55.2699,0,22.252,81.7246,0.532084,7
-2,291.144,5.26233,0.0718375,27.5846,26.5526,28.9938,42.9001,55.2698,0,22.252,81.7246,0.532084,7
1,290.819,5.17069,0.0705913,27.5846,26.3211,28.9938,42.9001,55.2698,0,22.252,81.7246,0.532084,7
-1,290.819,5.17069,0.0705913,27.5846,26.3211,28.9938,42.9001,55.2698,0,22.252,81.7246,0.532084,14
-2,292.505,5.89496,0.0738197,27.4221,27.0259,28.6634,43.0362,55.9226,0,22.1818,81.7492,0.535278,14
-2,292.491,5.66441,0.0752209,27.5014,27.3812,28.8281,42.9602,55.5949,0,22.2163,81.7354,0.533643,14
-2,292.857,5.87164,0.0747715,27.5425,27.601,28.9109,42.9282,55.432,0,22.234,81.7297,0.532854,14
-2,292.325,5.65885,0.0745171,27.5634,27.3089,28.9523,42.9136,55.3508,0,22.2429,81.727,0.532466,14
-2,291.723,5.40609,0.0730165,27.5793,26.9805,28.9834,42.9034,55.29,0,22.2497,81.7252,0.532179,14
-2,291.449,5.34566,0.072104,27.5833,26.7725,28.9912,42.9009,55.2748,0,22.2514,81.7247,0.532108,14
-2,291.465,5.35346,0.072149,27.5843,26.782,28.9931,42.9003,55.271,0,22.2518,81.7246,0.53209,14
-2,291.142,5.26173,0.071834,27.5845,26.5519,28.9936,42.9001,55.2701,0,22.2519,81.7246,0.532085,14
-2,291.143,5.26222,0.0718368,27.5846,26.5525,28.9938,42.9001,55.2699,0,22.252,81.7246,0.532084,14
-2,291.144,5.26234,0.0718375,27.5846,26.5526,28.9938,42.9001,55.2698,0,22.252,81.7246,0.532084,14
2,290.819,5.17069,0.0705913,27.5846,26.3211,28.9938,42.9001,55.2698,0,22.252,81.7246,0.532084,14
-1,290.819,5.17069,0.0705913,27.5846,26.3211,28.9938,42.9001,55.2698,0,22.252,81.7246,0.532084,28
-2,292.17,5.69873,0.074,27.4491,27.1334,28.7619,42.9198,55.6795,0,22.1926,81.7265,0.534006,28
-2,292.551,5.78938,0.0751252,27.5158,27.4332,28.8776,42.9058,55.474,0,22.2219,81.7248,0.533034,28
-2,292.24,5.6958,0.0741601,27.5499,27.2173,28.9357,42.9019,55.3717,0,22.2369,81.7245,0.532556,28
-2,291.76,5.52812,0.0725851,27.5672,26.9043,28.9647,42.9007,55.3207,0,22.2444,81.7245,0.532319,28
-2,291.403,5.32745,0.0720003,27.5802,26.7478,28.9865,42.9002,55.2825,0,22.2501,81.7246,0.532143,28
-2,291.454,5.34889,0.072123,27.5835,26.7758,28.992,42.9001,55.273,0,22.2515,81.7246,0.532098,28
-2,291.466,5.35426,0.0721537,27.5843,26.7828,28.9933,42.9001,55.2706,0,22.2519,81.7246,0.532087,28
-2,291.143,5.26193,0.0718352,27.5845,26.5521,28.9937,42.9001,55.27,0,22.2519,81.7246,0.532085,28
-2,291.144,5.26227,0.0718371,27.5846,26.5525,28.9938,42.9001,55.2698,0,22.252,81.7246,0.532084,28
-2,291.144,5.26235,0.0718376,27.5846,26.5526,28.9938,42.9001,55.2698,0,22.252,81.7246,0.532084,28
3,290.819,5.17069,0.0705913,27.5846,26.3211,28.9938,42.9001,55.2698,0,22.252,81.7246,0.532084,28
-1,290.819,5.17069,0.0705913,27.5846,26.3211,28.9938,42.9001,55.2698,0,22.252,81.7246,0.532084,56
-2,292.375,5.79174,0.0760428,27.481,27.4766,28.8572,42.8402,55.4015,0,22.2058,81.7113,0.533232,56
-2,292.085,5.74993,0.0739606,27.5323,27.1204,28.9254,42.8683,55.3355,0,22.2287,81.7176,0.532655,56
-2,291.622,5.5055,0.0724795,27.5584,26.8464,28.9596,42.8837,55.3026,0,22.2403,81.721,0.532369,56
-2,291.721,5.47414,0.0728535,27.5714,26.9472,28.9767,42.8918,55.2862,0,22.2461,81.7228,0.532226,56
-2,291.419,5.33896,0.0720687,27.5813,26.7583,28.9895,42.898,55.2739,0,22.2505,81.7241,0.532119,56
-2,291.457,5.35178,0.0721401,27.5838,26.7784,28.9927,42.8995,55.2708,0,22.2516,81.7245,0.532093,56
-2,291.141,5.26132,0.0718318,27.5844,26.551,28.9935,42.8999,55.27,0,22.2519,81.7246,0.532086,56
-2,291.143,5.26211,0.0718363,27.5846,26.5522,28.9937,42.9,55.2698,0,22.252,81.7246,0.532084,56
-2,291.144,5.26231,0.0718374,27.5846,26.5526,28.9938,42.9001,55.2698,0,22.252,81.7246,0.532084,56
-2,291.144,5.26236,0.0718377,27.5846,26.5526,28.9938,42.9001,55.2698,0,22.252,81.7246,0.532084,56
4,290.819,5.17069,0.0705913,27.5846,26.3211,28.9938,42.9001,55.2698,0,22.252,81.7246,0.532084,56
-1,290.819,5.17069,0.0705913,27.5846,26.3211,28.9938,42.9001,55.2698,0,22.252,81.7246,0.532084,112
-2,291.708,5.72684,0.0740306,27.5066,26.9986,28.9222,42.8068,55.2188,0,22.2162,81.7053,0.532751,112
-2,291.698,5.58551,0.0738468,27.5454,26.9566,28.958,42.8527,55.2443,0,22.234,81.7148,0.532417,112
-2,291.599,5.46796,0.0728682,27.5649,26.8894,28.9759,42.8762,55.257,0,22.243,81.7197,0.53225,112
-2,291.643,5.4104,0.0730731,27.5748,26.947,28.9848,42.8881,55.2634,0,22.2475,81.7221,0.532167,112
-2,291.428,5.34672,0.072118,27.5821,26.7635,28.9916,42.8971,55.2682,0,22.2508,81.724,0.532105,112
-2,291.46,5.35372,0.0721524,27.584,26.7797,28.9932,42.8993,55.2694,0,22.2517,81.7244,0.532089,112
-2,291.141,5.2618,0.0718349,27.5844,26.5513,28.9937,42.8999,55.2697,0,22.2519,81.7246,0.532085,112
-2,291.143,5.26223,0.071837,27.5846,26.5523,28.9938,42.9,55.2698,0,22.252,81.7246,0.532084,112
-2,291.144,5.26234,0.0718376,27.5846,26.5526,28.9938,42.9,55.2698,0,22.252,81.7246,0.532084,112
-2,291.144,5.26237,0.0718377,27.5846,26.5526,28.9938,42.9001,55.2698,0,22.252,81.7246,0.532084,112
5,290.819,5.17069,0.0705913,27.5846,26.3211,28.9938,42.9001,55.2698,0,22.252,81.7246,0.532084,112
-1,290.819,5.17069,0.0705913,27.5846,26.3211,28.9938,42.9001,55.2698,0,22.252,81.7246,0.532084,224
-2,291.329,5.58135,0.074132,27.5252,26.7773,28.9588,42.8063,55.144,0,22.2241,81.7055,0.532464,224
-2,291.375,5.46496,0.073007,27.5548,26.7604,28.9763,42.8529,55.2069,0,22.238,81.715,0.532274,224
-2,291.522,5.40868,0.0731412,27.5697,26.8733,28.985,42.8764,55.2383,0,22.245,81.7198,0.532179,224
-2,291.323,5.33649,0.0721058,27.5771,26.7028,28.9894,42.8882,55.2541,0,22.2485,81.7222,0.532131,224
-2,291.433,5.35114,0.0721493,27.5827,26.764,28.9927,42.8971,55.2658,0,22.2511,81.724,0.532096,224
-2,291.134,5.26116,0.0718341,27.5841,26.5473,28.9935,42.8993,55.2688,0,22.2518,81.7245,0.532087,224
-2,291.141,5.26207,0.0718369,27.5845,26.5513,28.9937,42.8999,55.2695,0,22.2519,81.7246,0.532085,224
-2,291.143,5.2623,0.0718375,27.5846,26.5523,28.9938,42.9,55.2697,0,22.252,81.7246,0.532084,224
-2,291.144,5.26236,0.0718377,27.5846,26.5526,28.9938,42.9,55.2698,0,22.252,81.7246,0.532084,224
-2,290.819,5.17069,0.0705913,27.5846,26.3211,28.9938,42.9001,55.2698,0,22.252,81.7246,0.532084,224
6,290.819,5.17069,0.0705913,27.5846,26.3211,28.9938,42.9001,55.2698,0,22.252,81.7246,0.532084,224
0,288.965,5.12028,0.0753077,26.8187,26.9255,27.9378,42.6865,55.2686,0,21.921,81.6852,0.525913,156.8
-1,288.965,5.12028,0.0753077,26.8187,26.9255,27.9378,42.6865,55.2686,0,21.921,81.6852,0.525913,7
-2,290.26,5.68718,0.0743391,26.6675,27.2324,27.574,42.9827,55.9125,0,21.857,81.7417,0.531317,7
-2,290.576,5.68246,0.077148,26.7381,27.7902,27.7551,42.8167,55.5896,0,21.8874,81.7102,0.528504,7
-2,290.856,5.75783,0.0780752,26.7772,28.0927,27.8462,42.7471,55.4289,0,21.9038,81.6969,0.527181,7
-2,290.5,5.67973,0.078516,26.7976,27.8583,27.892,42.7157,55.3487,0,21.9123,81.6909,0.52654,7
-2,289.85,5.34821,0.0775536,26.8134,27.5714,27.9263,42.6936,55.2886,0,21.9188,81.6866,0.526069,7
-2,289.59,5.2934,0.0767756,26.8173,27.3735,27.9349,42.6883,55.2736,0,21.9204,81.6856,0.525952,7
-2,289.609,5.30258,0.0768541,26.8183,27.3855,27.9371,42.687,55.2698,0,21.9208,81.6853,0.525923,7
-2,289.288,5.21121,0.0765476,26.8186,27.156,27.9376,42.6866,55.2689,0,21.9209,81.6853,0.525916,7
-2,289.289,5.21178,0.0765525,26.8187,27.1568,27.9378,42.6865,55.2687,0,21.9209,81.6852,0.525914,7
-2,289.289,5.21192,0.0765537,26.8187,27.157,27.9378,42.6865,55.2686,0,21.921,81.6852,0.525913,7
1,288.965,5.12028,0.0753077,26.8187,26.9255,27.9378,42.6865,55.2686,0,21.921,81.6852,0.525913,7
-1,288.965,5.12028,0.0753077,26.8187,26.9255,27.9378,42.6865,55.2686,0,21.921,81.6852,0.525913,14
-2,290.608,5.83562,0.0753548,26.6677,27.5937,27.6278,42.8359,55.8754,0,21.8554,81.7125,0.529111,14
-2,290.672,5.6516,0.0783032,26.7397,27.9888,27.7823,42.7494,55.5709,0,21.8871,81.6967,0.527473,14
-2,291.021,5.84037,0.0786571,26.7783,28.208,27.86,42.715,55.4195,0,21.9038,81.6904,0.526684,14
-2,290.479,5.61779,0.0788121,26.7983,27.9149,27.8989,42.7,55.344,0,21.9123,81.6877,0.526296,14
-2,289.87,5.35795,0.0776266,26.8135,27.5853,27.9281,42.6898,55.2874,0,21.9188,81.6858,0.526009,14
-2,289.595,5.29582,0.0767938,26.8174,27.3769,27.9354,42.6873,55.2733,0,21.9204,81.6854,0.525937,14
-2,289.61,5.30319,0.0768587,26.8184,27.3863,27.9372,42.6867,55.2698,0,21.9208,81.6853,0.525919,14
-2,289.288,5.21136,0.0765488,26.8186,27.1562,27.9377,42.6866,55.2689,0,21.9209,81.6853,0.525915,14
-2,289.289,5.21182,0.0765528,26.8187,27.1568,27.9378,42.6865,55.2687,0,21.9209,81.6852,0.525914,14
-2,289.289,5.21193,0.0765538,26.8187,27.157,27.9378,42.6865,55.2686,0,21.921,81.6852,0.525913,14
2,288.965,5.12028,0.0753077,26.8187,26.9255,27.9378,42.6865,55.2686,0,21.921,81.6852,0.525913,14
-1,288.965,5.12028,0.0753077,26.8187,26.9255,27.9378,42.6865,55.2686,0,21.921,81.6852,0.525913,28
-2,290.342,5.61483,0.075855,26.6906,27.8476,27.7238,42.6891,55.6239,0,21.8648,81.6839,0.527841,28
-2,290.766,5.77265,0.07844,26.7526,28.1018,27.8306,42.6814,55.4457,0,21.8922,81.6834,0.526866,28
-2,290.421,5.66218,0.0781687,26.7851,27.8548,27.8842,42.6824,55.357,0,21.9064,81.684,0.526387,28
-2,289.923,5.48596,0.0769433,26.8018,27.5257,27.911,42.6841,55.3128,0,21.9137,81.6846,0.526149,28
-2,289.553,5.27906,0.0766266,26.8144,27.3564,27.9311,42.6858,55.2796,0,21.9191,81.6851,0.525972,28
-2,289.6,5.29899,0.0768168,26.8176,27.3812,27.9361,42.6863,55.2713,0,21.9205,81.6852,0.525928,28
-2,289.612,5.30398,0.0768644,26.8184,27.3874,27.9374,42.6865,55.2693,0,21.9208,81.6852,0.525917,28
-2,289.288,5.21156,0.0765502,26.8186,27.1565,27.9377,42.6865,55.2688,0,21.9209,81.6852,0.525914,28
-2,289.289,5.21187,0.0765532,26.8187,27.1569,27.9378,42.6865,55.2686,0,21.921,81.6852,0.525914,28
-2,289.289,5.21194,0.0765539,26.8187,27.157,27.9378,42.6865,55.2686,0,21.921,81.6852,0.525913,28
3,288.965,5.12028,0.0753077,26.8187,26.9255,27.9378,42.6865,55.2686,0,21.921,81.6852,0.525913,28
-1,288.965,5.12028,0.0753077,26.8187,26.9255,27.9378,42.6865,55.2686,0,21.921,81.6852,0.525913,56
-2,290.715,5.79801,0.0785692,26.7193,28.305,27.8156,42.5836,55.3473,0,21.8764,81.6638,0.527063,56
-2,290.337,5.72832,0.0775582,26.768,27.848,27.8766,42.6322,55.3078,0,21.8984,81.674,0.526485,56
-2,289.824,5.46916,0.0766259,26.7931,27.5156,27.9072,42.6586,55.2882,0,21.9096,81.6795,0.526199,56
-2,289.896,5.43075,0.0772825,26.8058,27.585,27.9225,42.6724,55.2784,0,21.9152,81.6823,0.526056,56
-2,289.572,5.29029,0.076713,26.8154,27.3711,27.934,42.683,55.271,0,21.9195,81.6845,0.525949,56
-2,289.605,5.3018,0.0768384,26.8179,27.3849,27.9368,42.6856,55.2692,0,21.9206,81.6851,0.525922,56
-2,289.286,5.21102,0.0765437,26.8185,27.1559,27.9376,42.6863,55.2687,0,21.9209,81.6852,0.525916,56
-2,289.289,5.21173,0.0765515,26.8186,27.1567,27.9377,42.6865,55.2686,0,21.9209,81.6852,0.525914,56
-2,289.289,5.21191,0.0765535,26.8187,27.1569,27.9378,42.6865,55.2686,0,21.921,81.6852,0.525913,56
-2,289.289,5.21196,0.076554,26.8187,27.157,27.9378,42.6865,55.2686,0,21.921,81.6852,0.525913,56
4,288.965,5.12028,0.0753077,26.8187,26.9255,27.9378,42.6865,55.2686,0,21.921,81.6852,0.525913,56
-1,288.965,5.12028,0.0753077,26.8187,26.9255,27.9378,42.6865,55.2686,0,21.921,81.6852,0.525913,112
-2,290.106,5.72204,0.0770315,26.7455,27.8807,27.8761,42.5446,55.1902,0,21.8869,81.6567,0.526582,112
-2,289.687,5.46574,0.0763469,26.7816,27.5123,27.9069,42.6144,55.2294,0,21.9038,81.6707,0.526247,112
-2,289.822,5.42894,0.0771397,26.8,27.5786,27.9224,42.6501,55.249,0,21.9123,81.6779,0.52608,112
-2,289.829,5.36566,0.0775667,26.8093,27.595,27.9301,42.6683,55.2588,0,21.9166,81.6816,0.525997,112
-2,289.584,5.29773,0.0767784,26.8163,27.379,27.9359,42.6819,55.2661,0,21.9199,81.6843,0.525934,112
-2,289.608,5.30367,0.0768548,26.8181,27.3868,27.9373,42.6854,55.268,0,21.9207,81.685,0.525919,112
-2,289.287,5.21148,0.0765478,26.8185,27.1564,27.9377,42.6862,55.2684,0,21.9209,81.6852,0.525915,112
-2,289.289,5.21185,0.0765526,26.8186,27.1568,27.9378,42.6864,55.2686,0,21.9209,81.6852,0.525914,112
-2,289.289,5.21194,0.0765537,26.8187,27.157,27.9378,42.6865,55.2686,0,21.921,81.6852,0.525913,112
-2,289.289,5.21196,0.076554,26.8187,27.157,27.9378,42.6865,55.2686,0,21.921,81.6852,0.525913,112
5,288.965,5.12028,0.0753077,26.8187,26.9255,27.9378,42.6865,55.2686,0,21.921,81.6852,0.525913,112
-1,288.965,5.12028,0.0753077,26.8187,26.9255,27.9378,42.6865,55.2686,0,21.921,81.6852,0.525913,224
-2,289.477,5.47271,0.0761396,26.7685,27.4468,27.9084,42.5584,55.1636,0,21.8969,81.6597,0.526293,224
-2,289.7,5.43198,0.0770312,26.7934,27.5287,27.9231,42.622,55.2161,0,21.9088,81.6724,0.526103,224
-2,289.763,5.36705,0.0775114,26.806,27.5661,27.9305,42.6541,55.2423,0,21.9149,81.6788,0.526008,224
-2,289.518,5.29049,0.0766483,26.8123,27.3531,27.9341,42.6703,55.2555,0,21.9179,81.682,0.525961,224
-2,289.591,5.30185,0.0768222,26.8171,27.3801,27.9369,42.6825,55.2653,0,21.9202,81.6844,0.525925,224
-2,289.283,5.21103,0.0765396,26.8183,27.1547,27.9376,42.6855,55.2678,0,21.9208,81.685,0.525916,224
-2,289.288,5.21173,0.0765505,26.8186,27.1564,27.9377,42.6863,55.2684,0,21.9209,81.6852,0.525914,224
-2,289.289,5.21191,0.0765532,26.8187,27.1569,27.9378,42.6865,55.2685,0,21.9209,81.6852,0.525913,224
-2,289.289,5.21196,0.0765539,26.8187,27.157,27.9378,42.6865,55.2686,0,21.921,81.6852,0.525913,224
-2,288.965,5.12028,0.0753077,26.8187,26.9255,27.9378,42.6865,55.2686,0,21.921,81.6852,0.525913,224
6,288.965,5.12028,0.0753077,26.8187,26.9255,27.9378,42.6865,55.2686,0,21.921,81.6852,0.525913,224
0,287.83,5.21746,0.0804884,26.0173,28.0706,26.9393,42.498,55.2671,0,21.5689,81.6505,0.519902,156.8
-1,287.83,5.21746,0.0804884,26.0173,28.0706,26.9393,42.498,55.2671,0,21.5689,81.6505,0.519902,7
-2,288.645,5.80197,0.0743566,25.8857,27.8211,26.6014,42.8377,55.8704,0,21.5121,81.7154,0.525341,7
-2,289.232,5.83384,0.0801762,25.9439,28.6542,26.7696,42.6435,55.568,0,21.5381,81.6785,0.522505,7
-2,289.607,5.88185,0.0821445,25.9787,29.0901,26.8543,42.5647,55.4173,0,21.5529,81.6634,0.521175,7
-2,289.306,5.79024,0.0831292,25.9975,28.9279,26.8968,42.5298,55.3421,0,21.5608,81.6567,0.520531,7
-2,288.7,5.44859,0.0825903,26.0123,28.6973,26.9287,42.5057,55.2858,0,21.5668,81.652,0.520058,7
-2,288.451,5.39137,0.0819201,26.0161,28.5138,26.9367,42.4999,55.2717,0,21.5684,81.6509,0.519941,7
-2,288.473,5.39996,0.0820258,26.017,28.5294,26.9387,42.4985,55.2682,0,21.5688,81.6506,0.519912,7
-2,288.152,5.30844,0.0817261,26.0173,28.3008,26.9392,42.4982,55.2673,0,21.5688,81.6506,0.519905,7
-2,288.154,5.30897,0.0817327,26.0173,28.3018,26.9393,42.4981,55.2671,0,21.5689,81.6505,0.519903,7
-2,288.154,5.30911,0.0817343,26.0173,28.302,26.9393,42.4981,55.2671,0,21.5689,81.6505,0.519902,7
1,287.83,5.21746,0.0804884,26.0173,28.0706,26.9393,42.498,55.2671,0,21.5689,81.6505,0.519902,7
-1,287.83,5.21746,0.0804884,26.0173,28.0706,26.9393,42.498,55.2671,0,21.5689,81.6505,0.519902,14
-2,288.925,5.93184,0.0771105,25.8824,28.1703,26.6522,42.6705,55.8252,0,21.5097,81.6824,0.523137,14
-2,289.347,5.79542,0.0814807,25.9442,28.895,26.7954,42.5678,55.5452,0,21.5376,81.6634,0.521479,14
-2,289.781,5.96103,0.0828065,25.9794,29.2266,26.8672,42.5288,55.4059,0,21.5528,81.6562,0.520681,14
-2,288.945,5.63449,0.0825645,25.998,28.7434,26.9033,42.5124,55.3364,0,21.5607,81.6532,0.520289,14
-2,288.721,5.4579,0.0826742,26.0124,28.7139,26.9303,42.5014,55.2844,0,21.5668,81.6512,0.519998,14
-2,288.456,5.39369,0.0819411,26.0161,28.5179,26.9371,42.4989,55.2714,0,21.5684,81.6507,0.519926,14
-2,288.474,5.40054,0.082031,26.017,28.5304,26.9388,42.4983,55.2681,0,21.5688,81.6506,0.519908,14
-2,288.153,5.30858,0.0817274,26.0173,28.3011,26.9392,42.4981,55.2673,0,21.5688,81.6505,0.519904,14
-2,288.154,5.30901,0.081733,26.0173,28.3019,26.9393,42.4981,55.2671,0,21.5689,81.6505,0.519903,14
-2,288.154,5.30911,0.0817344,26.0173,28.3021,26.9393,42.4981,55.2671,0,21.5689,81.6505,0.519902,14
2,287.83,5.21746,0.0804884,26.0173,28.0706,26.9393,42.498,55.2671,0,21.5689,81.6505,0.519902,14
-1,287.83,5.21746,0.0804884,26.0173,28.0706,26.9393,42.498,55.2671,0,21.5689,81.6505,0.519902,28
-2,288.955,5.78933,0.0777003,25.8997,28.6983,26.7446,42.4919,55.567,0,21.5171,81.6477,0.52185,28
-2,289.419,5.85831,0.0808181,25.955,29.0702,26.8418,42.4858,55.4166,0,21.5419,81.6474,0.520865,28
-2,289.199,5.77815,0.0824387,25.9853,28.9076,26.8905,42.4897,55.3417,0,21.5551,81.6486,0.520381,28
-2,288.742,5.59233,0.081661,26.0011,28.623,26.9149,42.4933,55.3044,0,21.5619,81.6495,0.520141,28
-2,288.406,5.37847,0.0816903,26.0132,28.4893,26.9332,42.4967,55.2764,0,21.5671,81.6502,0.519962,28
-2,288.462,5.39673,0.0819682,26.0163,28.5232,26.9378,42.4977,55.2694,0,21.5684,81.6505,0.519917,28
-2,288.149,5.30764,0.0817117,26.0171,28.2993,26.939,42.498,55.2676,0,21.5688,81.6505,0.519906,28
-2,288.153,5.30877,0.0817291,26.0173,28.3014,26.9392,42.498,55.2672,0,21.5689,81.6505,0.519903,28
-2,288.154,5.30906,0.0817334,26.0173,28.3019,26.9393,42.498,55.2671,0,21.5689,81.6505,0.519903,28
-2,288.154,5.30913,0.0817345,26.0173,28.3021,26.9393,42.498,55.2671,0,21.5689,81.6505,0.519902,28
3,287.83,5.21746,0.0804884,26.0173,28.0706,26.9393,42.498,55.2671,0,21.5689,81.6505,0.519902,28
-1,287.83,5.21746,0.0804884,26.0173,28.0706,26.9393,42.498,55.2671,0,21.5689,81.6505,0.519902,56
-2,289.146,5.86295,0.0795698,25.9237,29.1315,26.8322,42.3561,55.291,0,21.5266,81.6217,0.52106,56
-2,288.993,5.75501,0.0812426,25.9685,28.8974,26.8857,42.4228,55.279,0,21.5471,81.6353,0.520478,56
-2,288.629,5.58077,0.0810423,25.9924,28.6089,26.9125,42.4593,55.273,0,21.5579,81.6427,0.52019,56
-2,288.612,5.43996,0.0820993,26.0048,28.6811,26.9259,42.4784,55.27,0,21.5633,81.6466,0.520046,56
-2,288.428,5.38921,0.0817961,26.0142,28.5092,26.936,42.4931,55.2678,0,21.5675,81.6495,0.519938,56
-2,288.467,5.39942,0.0819947,26.0165,28.5282,26.9385,42.4968,55.2672,0,21.5685,81.6503,0.519911,56
-2,288.151,5.30831,0.0817183,26.0171,28.3005,26.9391,42.4977,55.2671,0,21.5688,81.6505,0.519905,56
-2,288.153,5.30894,0.0817307,26.0173,28.3017,26.9393,42.498,55.2671,0,21.5689,81.6505,0.519903,56
-2,288.154,5.3091,0.0817338,26.0173,28.302,26.9393,42.498,55.2671,0,21.5689,81.6505,0.519902,56
-2,288.154,5.30914,0.0817346,26.0173,28.3021,26.9393,42.498,55.2671,0,21.5689,81.6505,0.519902,56
4,287.83,5.21746,0.0804884,26.0173,28.0706,26.9393,42.498,55.2671,0,21.5689,81.6505,0.519902,56
-1,287.83,5.21746,0.0804884,26.0173,28.0706,26.9393,42.498,55.2671,0,21.5689,81.6505,0.519902,112
-2,288.797,5.76548,0.0798773,25.9495,28.9802,26.8881,42.3065,55.1581,0,21.5366,81.6125,0.520577,112
-2,288.502,5.58529,0.0803104,25.9824,28.6236,26.9137,42.4004,55.2125,0,21.5524,81.6312,0.520239,112
-2,288.542,5.44202,0.0817235,25.9996,28.6821,26.9265,42.4487,55.2398,0,21.5606,81.6408,0.52007,112
-2,288.339,5.37662,0.081341,26.0084,28.4829,26.9329,42.4733,55.2534,0,21.5647,81.6456,0.519986,112
-2,288.445,5.39625,0.0818801,26.0151,28.5212,26.9377,42.4918,55.2636,0,21.5678,81.6493,0.519923,112
-2,288.472,5.40118,0.0820157,26.0168,28.5312,26.9389,42.4965,55.2662,0,21.5686,81.6502,0.519908,112
-2,288.152,5.30874,0.0817235,26.0172,28.3013,26.9392,42.4977,55.2668,0,21.5688,81.6505,0.519904,112
-2,288.154,5.30905,0.081732,26.0173,28.3019,26.9393,42.4979,55.267,0,21.5689,81.6505,0.519903,112
-2,288.154,5.30912,0.0817341,26.0173,28.3021,26.9393,42.498,55.267,0,21.5689,81.6505,0.519902,112
-2,288.154,5.30914,0.0817347,26.0173,28.3021,26.9393,42.498,55.267,0,21.5689,81.6505,0.519902,112
5,287.83,5.21746,0.0804884,26.0173,28.0706,26.9393,42.498,55.2671,0,21.5689,81.6505,0.519902,112
-1,287.83,5.21746,0.0804884,26.0173,28.0706,26.9393,42.498,55.2671,0,21.5689,81.6505,0.519902,224
-2,288.364,5.60384,0.0793991,25.9768,28.5875,26.9161,42.3323,55.181,0,21.5487,81.6179,0.520284,224
-2,288.454,5.45058,0.0812472,25.9966,28.6472,26.9277,42.4144,55.224,0,21.5586,81.6341,0.520093,224
-2,288.291,5.38078,0.081096,26.0068,28.4612,26.9335,42.456,55.2455,0,21.5637,81.6423,0.519998,224
-2,288.384,5.39175,0.0815758,26.012,28.4962,26.9364,42.477,55.2563,0,21.5663,81.6464,0.51995,224
-2,288.456,5.40005,0.0819392,26.016,28.5247,26.9386,42.4928,55.2644,0,21.5682,81.6495,0.519914,224
-2,288.148,5.30846,0.0817044,26.017,28.2996,26.9392,42.4967,55.2664,0,21.5687,81.6503,0.519905,224
-2,288.153,5.30898,0.0817272,26.0173,28.3015,26.9393,42.4977,55.2669,0,21.5688,81.6505,0.519903,224
-2,288.154,5.30911,0.0817329,26.0173,28.302,26.9393,42.498,55.267,0,21.5689,81.6505,0.519902,224
-2,288.154,5.30914,0.0817344,26.0173,28.3021,26.9393,42.498,55.267,0,21.5689,81.6505,0.519902,224
-2,288.154,5.30915,0.0817347,26.0173,28.3021,26.9393,42.498,55.267,0,21.5689,81.6505,0.519902,224
6,287.83,5.21746,0.0804884,26.0173,28.0706,26.9393,42.498,55.2671,0,21.5689,81.6505,0.519902,224
-1,287.83,5.21746,0.0804884,26.0173,28.0706,26.9393,42.498,55.2671,0,21.5689,81.6505,0.519902,448
-2,288.341,5.46552,0.0806286,26.0005,28.4954,26.9284,42.3884,55.2725,0,21.5604,81.6291,0.520108,448
-2,288.223,5.38794,0.0807742,26.0087,28.3749,26.9339,42.4429,55.2698,0,21.5646,81.6398,0.520005,448
-2,288.347,5.39527,0.0814124,26.013,28.4504,26.9366,42.4704,55.2684,0,21.5667,81.6451,0.519954,448
-2,288.413,5.39902,0.0817354,26.0151,28.4914,26.938,42.4842,55.2677,0,21.5678,81.6478,0.519928,448
-2,288.137,5.3082,0.0816531,26.0168,28.2911,26.939,42.4946,55.2672,0,21.5686,81.6499,0.519909,448
-2,288.15,5.30891,0.0817144,26.0172,28.2994,26.9393,42.4972,55.2671,0,21.5688,81.6504,0.519904,448
-2,288.153,5.30909,0.0817297,26.0173,28.3014,26.9393,42.4978,55.2671,0,21.5689,81.6505,0.519903,448
-2,288.154,5.30914,0.0817336,26.0173,28.302,26.9393,42.498,55.2671,0,21.5689,81.6505,0.519902,448
-2,288.154,5.30915,0.0817345,26.0173,28.3021,26.9393,42.498,55.2671,0,21.5689,81.6505,0.519902,448
-2,288.154,5.30915,0.0817348,26.0173,28.3021,26.9393,42.498,55.2671,0,21.5689,81.6505,0.519902,448
7,287.83,5.21746,0.0804884,26.0173,28.0706,26.9393,42.498,55.2671,0,21.5689,81.6505,0.519902,448
-1,287.83,5.21746,0.0804884,26.0173,28.0706,26.9393,42.498,55.2671,0,21.5689,81.6505,0.519902,896
-2,288.123,5.39908,0.0803792,26.016,28.1773,26.9337,42.4383,55.3504,0,21.5686,81.6389,0.520005,896
-2,288.289,5.40065,0.0812108,26.0166,28.3443,26.9365,42.468,55.3087,0,21.5687,81.6447,0.519954,896
-2,288.382,5.40166,0.0816336,26.0169,28.4365,26.9379,42.483,55.2879,0,21.5688,81.6476,0.519928,896
-2,288.43,5.40223,0.0818467,26.0171,28.4848,26.9386,42.4905,55.2775,0,21.5688,81.6491,0.519915,896
-2,288.141,5.309,0.081681,26.0173,28.2896,26.9392,42.4962,55.2697,0,21.5689,81.6502,0.519905,896
-2,288.151,5.30911,0.0817214,26.0173,28.299,26.9393,42.4976,55.2677,0,21.5689,81.6504,0.519903,896
-2,288.153,5.30914,0.0817315,26.0173,28.3013,26.9393,42.4979,55.2672,0,21.5689,81.6505,0.519902,896
-2,288.154,5.30915,0.081734,26.0173,28.3019,26.9393,42.498,55.2671,0,21.5689,81.6505,0.519902,896
-2,288.154,5.30915,0.0817346,26.0173,28.3021,26.9393,42.498,55.2671,0,21.5689,81.6505,0.519902,896
-2,288.154,5.30915,0.0817348,26.0173,28.3021,26.9393,42.498,55.2671,0,21.5689,81.6505,0.519902,896
8,287.83,5.21746,0.0804884,26.0173,28.0706,26.9393,42.498,55.2671,0,21.5689,81.6505,0.519902,896
-1,287.83,5.21746,0.0804884,26.0173,28.0706,26.9393,42.498,55.2671,0,21.5689,81.6505,0.519902,1792
-2,287.871,5.31734,0.0797525,26.0232,27.9216,26.9362,42.4694,55.3865,0,21.5725,81.645,0.519951,1792
-2,288.005,5.31401,0.0802798,26.0202,28.1035,26.9378,42.4837,55.3267,0,21.5707,81.6478,0.519926,1792
-2,288.078,5.31251,0.0805463,26.0188,28.2011,26.9386,42.4908,55.2969,0,21.5698,81.6492,0.519914,1792
-2,287.79,5.21815,0.0803535,26.018,28.0192,26.939,42.4944,55.282,0,21.5693,81.6498,0.519908,1792
9,287.79,5.21815,0.0803535,26.018,28.0192,26.939,42.4944,55.282,0,21.5693,81.6498,0.519908,1792
0,287.639,5.52696,0.0859588,25.182,29.9157,25.9961,42.3362,55.265,0,21.196,81.6208,0.514484,1792
-1,287.639,5.52696,0.0859588,25.182,29.9157,25.9961,42.3362,55.265,0,21.196,81.6208,0.514484,7
-2,287.584,6.2469,0.0754529,25.0752,28.5864,25.6891,42.7255,55.822,0,21.1484,81.6952,0.520042,7
-2,288.298,6.01599,0.0832517,25.1177,29.8577,25.8419,42.4997,55.543,0,21.1689,81.6523,0.517149,7
-2,289.133,6.22377,0.0863562,25.1471,30.6107,25.9189,42.4102,55.4039,0,21.1817,81.6351,0.515788,7
-2,288.968,6.11581,0.0879542,25.1639,30.6062,25.9574,42.3712,55.3344,0,21.1886,81.6276,0.515129,7
-2,288.472,5.76194,0.0878964,25.1773,30.4998,25.9865,42.3446,55.2824,0,21.1941,81.6224,0.514644,7
-2,288.251,5.70183,0.0873492,25.1808,30.3482,25.9937,42.3383,55.2694,0,21.1956,81.6212,0.514524,7
-2,288.28,5.7097,0.0874858,25.1817,30.3718,25.9955,42.3367,55.2661,0,21.1959,81.6209,0.514494,7
-2,287.961,5.618,0.0871938,25.1819,30.1453,25.996,42.3363,55.2653,0,21.196,81.6208,0.514486,7
-2,287.963,5.61849,0.0872024,25.182,30.1468,25.9961,42.3363,55.2651,0,21.196,81.6208,0.514485,7
-2,287.964,5.61861,0.0872045,25.182,30.1471,25.9961,42.3362,55.2651,0,21.196,81.6208,0.514484,7
1,287.639,5.52696,0.0859588,25.182,29.9157,25.9961,42.3362,55.265,0,21.196,81.6208,0.514484,7
-1,287.639,5.52696,0.0859588,25.182,29.9157,25.9961,42.3362,55.265,0,21.196,81.6208,0.514484,14
-2,287.887,6.35662,0.0783744,25.0677,29.016,25.7352,42.5402,55.7713,0,21.145,81.6588,0.517812,14
-2,288.647,6.15957,0.0846562,25.1166,30.1668,25.8653,42.4167,55.5174,0,21.168,81.6359,0.516108,14
-2,288.635,6.11251,0.0858682,25.1472,30.2729,25.9306,42.3711,55.391,0,21.1814,81.6273,0.515286,14
-2,288.611,5.95716,0.0874238,25.1641,30.431,25.9634,42.3523,55.328,0,21.1885,81.6238,0.514883,14
-2,288.494,5.7706,0.0879894,25.1774,30.5187,25.9879,42.34,55.2808,0,21.1941,81.6215,0.514583,14
-2,288.256,5.70399,0.0873725,25.1808,30.3529,25.9941,42.3371,55.269,0,21.1956,81.621,0.514509,14
-2,288.282,5.71024,0.0874916,25.1817,30.373,25.9956,42.3365,55.266,0,21.1959,81.6208,0.51449,14
-2,287.962,5.61813,0.0871953,25.1819,30.1456,25.996,42.3363,55.2653,0,21.196,81.6208,0.514485,14
-2,287.963,5.61852,0.0872027,25.182,30.1468,25.9961,42.3362,55.2651,0,21.196,81.6208,0.514484,14
-2,287.964,5.61862,0.0872046,25.182,30.1472,25.9961,42.3362,55.2651,0,21.196,81.6208,0.514484,14
2,287.639,5.52696,0.0859588,25.182,29.9157,25.9961,42.3362,55.265,0,21.196,81.6208,0.514484,14
-1,287.639,5.52696,0.0859588,25.182,29.9157,25.9961,42.3362,55.265,0,21.196,81.6208,0.514484,28
-2,287.866,6.08375,0.0793124,25.0781,29.6789,25.8223,42.3302,55.5094,0,21.1499,81.6181,0.516485,28
-2,288.749,6.20928,0.0842049,25.1246,30.4105,25.9091,42.3209,55.3869,0,21.1713,81.6172,0.515473,28
-2,288.749,6.10783,0.0868232,25.1519,30.4821,25.9526,42.3255,55.3259,0,21.1832,81.6184,0.514976,28
-2,288.416,5.91162,0.0865773,25.1666,30.3281,25.9743,42.3301,55.2954,0,21.1895,81.6195,0.514729,28
-2,288.181,5.69033,0.0870203,25.1781,30.2985,25.9907,42.3345,55.2726,0,21.1944,81.6204,0.514545,28
-2,288.263,5.70682,0.0874033,25.181,30.3593,25.9948,42.3358,55.2669,0,21.1956,81.6207,0.514499,28
-2,287.957,5.61729,0.0871732,25.1817,30.1422,25.9958,42.3361,55.2655,0,21.1959,81.6208,0.514488,28
-2,287.962,5.61831,0.0871972,25.1819,30.146,25.9961,42.3362,55.2652,0,21.196,81.6208,0.514485,28
-2,287.963,5.61857,0.0872032,25.182,30.1469,25.9961,42.3362,55.2651,0,21.196,81.6208,0.514484,28
-2,287.964,5.61863,0.0872047,25.182,30.1472,25.9961,42.3362,55.2651,0,21.196,81.6208,0.514484,28
3,287.639,5.52696,0.0859588,25.182,29.9157,25.9961,42.3362,55.265,0,21.196,81.6208,0.514484,28
-1,287.639,5.52696,0.0859588,25.182,29.9157,25.9961,42.3362,55.265,0,21.196,81.6208,0.514484,56
-2,288.262,6.23491,0.0816386,25.0958,30.292,25.9047,42.1611,55.2344,0,21.1566,81.5856,0.515669,56
-2,288.379,6.09395,0.0848967,25.1356,30.3291,25.9504,42.2426,55.2497,0,21.1753,81.6021,0.515073,56
-2,288.208,5.90429,0.0855711,25.158,30.2298,25.9733,42.2879,55.2573,0,21.1854,81.6112,0.514778,56
-2,288.302,5.7562,0.0870916,25.1698,30.4099,25.9847,42.3117,55.2612,0,21.1907,81.6159,0.514631,56
-2,288.207,5.70037,0.0871454,25.1789,30.3244,25.9933,42.33,55.2641,0,21.1947,81.6195,0.514521,56
-2,288.269,5.70933,0.0874347,25.1812,30.3658,25.9954,42.3347,55.2648,0,21.1957,81.6205,0.514493,56
-2,287.959,5.61791,0.0871811,25.1818,30.1438,25.996,42.3358,55.265,0,21.1959,81.6207,0.514486,56
-2,287.962,5.61847,0.0871992,25.1819,30.1464,25.9961,42.3361,55.265,0,21.196,81.6208,0.514484,56
-2,287.963,5.6186,0.0872037,25.182,30.147,25.9961,42.3362,55.265,0,21.196,81.6208,0.514484,56
-2,287.964,5.61864,0.0872048,25.182,30.1472,25.9961,42.3362,55.265,0,21.196,81.6208,0.514484,56
4,287.639,5.52696,0.0859588,25.182,29.9157,25.9961,42.3362,55.265,0,21.196,81.6208,0.514484,56
-1,287.639,5.52696,0.0859588,25.182,29.9157,25.9961,42.3362,55.265,0,21.196,81.6208,0.514484,112
-2,288.036,6.12011,0.082468,25.1201,30.2829,25.9558,42.0961,55.1236,0,21.1658,81.5735,0.515175,112
-2,287.961,5.91542,0.0842468,25.1492,30.1365,25.976,42.2134,55.1943,0,21.1804,81.5966,0.514829,112
-2,288.16,5.76118,0.0864057,25.1651,30.3459,25.9861,42.2741,55.2296,0,21.1881,81.6086,0.514656,112
-2,288.049,5.69083,0.0864113,25.1734,30.2335,25.9911,42.305,55.2473,0,21.192,81.6146,0.51457,112
-2,288.229,5.70692,0.0872494,25.1798,30.342,25.9949,42.3284,55.2606,0,21.195,81.6192,0.514505,112
-2,287.948,5.61731,0.0871346,25.1814,30.1378,25.9958,42.3343,55.2639,0,21.1958,81.6204,0.514489,112
-2,287.96,5.61831,0.0871876,25.1818,30.1449,25.9961,42.3357,55.2648,0,21.196,81.6207,0.514485,112
-2,287.963,5.61857,0.0872008,25.1819,30.1467,25.9961,42.3361,55.265,0,21.196,81.6208,0.514484,112
-2,287.964,5.61863,0.0872041,25.182,30.1471,25.9961,42.3362,55.265,0,21.196,81.6208,0.514484,112
-2,287.964,5.61865,0.0872049,25.182,30.1472,25.9961,42.3362,55.265,0,21.196,81.6208,0.514484,112
5,287.639,5.52696,0.0859588,25.182,29.9157,25.9961,42.3362,55.265,0,21.196,81.6208,0.514484,112
-1,287.639,5.52696,0.0859588,25.182,29.9157,25.9961,42.3362,55.265,0,21.196,81.6208,0.514484,224
-2,287.517,5.74872,0.08246,25.1512,29.9541,25.9794,42.1308,55.1953,0,21.1797,81.5807,0.514874,224
-2,287.992,5.77445,0.0854392,25.1656,30.214,25.9878,42.2323,55.2302,0,21.1876,81.6005,0.514679,224
-2,287.952,5.69711,0.085911,25.1735,30.1549,25.9919,42.2839,55.2476,0,21.1917,81.6106,0.514581,224
-2,288.116,5.70459,0.0867147,25.1777,30.2626,25.994,42.31,55.2563,0,21.1939,81.6157,0.514533,224
-2,288.246,5.71037,0.087326,25.1809,30.3496,25.9956,42.3297,55.2629,0,21.1955,81.6195,0.514496,224
-2,287.953,5.61816,0.0871538,25.1817,30.1397,25.996,42.3346,55.2645,0,21.1959,81.6205,0.514487,224
-2,287.961,5.61853,0.0871924,25.1819,30.1454,25.9961,42.3358,55.2649,0,21.196,81.6207,0.514485,224
-2,287.963,5.61862,0.087202,25.182,30.1468,25.9961,42.3361,55.265,0,21.196,81.6208,0.514484,224
-2,287.964,5.61864,0.0872044,25.182,30.1471,25.9961,42.3362,55.265,0,21.196,81.6208,0.514484,224
-2,287.964,5.61865,0.087205,25.182,30.1472,25.9961,42.3362,55.265,0,21.196,81.6208,0.514484,224
6,287.639,5.52696,0.0859588,25.182,29.9157,25.9961,42.3362,55.265,0,21.196,81.6208,0.514484,224
-1,287.639,5.52696,0.0859588,25.182,29.9157,25.9961,42.3362,55.265,0,21.196,81.6208,0.514484,448
-2,287.503,5.70541,0.082937,25.1804,29.693,25.9882,42.2085,55.3398,0,21.1943,81.5961,0.514687,448
7,287.503,5.70541,0.082937,25.1804,29.693,25.9882,42.2085,55.3398,0,21.1943,81.5961,0.514687,448
0,288.52,6.04062,0.0907448,24.3145,32.5967,25.104,42.2025,55.2624,0,20.803,81.5962,0.509442,448
-1,288.52,6.04062,0.0907448,24.3145,32.5967,25.104,42.2025,55.2624,0,20.803,81.5962,0.509442,7
-2,286.553,6.72649,0.0759793,24.2373,29.3046,24.834,42.6448,55.7668,0,20.7666,81.6809,0.515101,7
1,286.553,6.72649,0.0759793,24.2373,29.3046,24.834,42.6448,55.7668,0,20.7666,81.6809,0.515101,7
-1,286.553,6.72649,0.0759793,24.2373,29.3046,24.834,42.6448,55.7668,0,20.7666,81.6809,0.515101,4.9
-2,285.937,7.1255,0.0679061,24.1708,27.1913,24.4511,43.2477,56.6372,0,20.7246,81.7968,0.524252,4.9
2,285.937,7.1255,0.0679061,24.1708,27.1913,24.4511,43.2477,56.6372,0,20.7246,81.7968,0.524252,4.9
0,285.64,8.18698,0.0687354,23.2872,28.0613,23.6589,43.1292,56.6336,0,20.3166,81.775,0.522662,3.43
-1,285.64,8.18698,0.0687354,23.2872,28.0613,23.6589,43.1292,56.6336,0,20.3166,81.775,0.522662,7
-2,284.945,8.30752,0.0643269,23.2334,26.44,23.3327,43.5828,57.3164,0,20.2758,81.8613,0.53037,7
1,284.945,8.30752,0.0643269,23.2334,26.44,23.3327,43.5828,57.3164,0,20.2758,81.8613,0.53037,7
0,284.865,9.86842,0.0635949,22.3295,26.9789,22.5914,43.4962,57.3116,0,19.8516,81.8454,0.528249,4.9
-1,284.865,9.86842,0.0635949,22.3295,26.9789,22.5914,43.4962,57.3116,0,19.8516,81.8454,0.528249,7
-2,284.705,10.1738,0.0569814,22.3187,25.9207,22.4036,43.8817,57.662,0,19.8317,81.9193,0.536614,7
1,284.705,10.1738,0.0569814,22.3187,25.9207,22.4036,43.8817,57.662,0,19.8317,81.9193,0.536614,7
0,285.135,12.3886,0.0565674,21.3973,26.259,21.7135,43.8269,57.6553,0,19.3932,81.9093,0.534981,4.9
-1,285.135,12.3886,0.0565674,21.3973,26.259,21.7135,43.8269,57.6553,0,19.3932,81.9093,0.534981,7
-2,284.449,12.1863,0.052674,21.4056,25.2551,21.6125,44.1471,57.8883,0,19.3864,81.9713,0.543209,7
1,284.449,12.1863,0.052674,21.4056,25.2551,21.6125,44.1471,57.8883,0,19.3864,81.9713,0.543209,7
0,285.286,14.9885,0.0513303,20.4701,25.371,20.9647,44.1172,57.8789,0,18.9362,81.9659,0.542182,4.9
-1,285.286,14.9885,0.0513303,20.4701,25.371,20.9647,44.1172,57.8789,0,18.9362,81.9659,0.542182,7
-2,284.749,14.7467,0.0491037,20.502,24.7125,20.9797,44.3836,57.8621,0,18.9433,82.0184,0.551224,7
1,284.749,14.7467,0.0491037,20.502,24.7125,20.9797,44.3836,57.8621,0,18.9433,82.0184,0.551224,7
0,286.252,18.2511,0.0485663,19.556,24.7606,20.3631,44.3721,57.8489,0,18.4842,82.0163,0.550739,4.9
-1,286.252,18.2511,0.0485663,19.556,24.7606,20.3631,44.3721,57.8489,0,18.4842,82.0163,0.550739,7
-2,286.414,17.8229,0.0525184,19.599,25.0833,20.4692,44.5923,57.6748,0,18.499,82.0606,0.560484,7
-2,286.495,18.0587,0.0519088,19.5772,25.0631,20.4152,44.4815,57.762,0,18.4915,82.0383,0.555496,7
-2,286.495,18.1546,0.0509845,19.5666,25.0338,20.3889,44.4266,57.8055,0,18.4879,82.0273,0.553089,7
-2,286.132,18.1566,0.0484109,19.5613,24.7037,20.3759,44.3993,57.8272,0,18.486,82.0218,0.551907,7
1,286.132,18.1566,0.0484109,19.5613,24.7037,20.3759,44.3993,57.8272,0,18.486,82.0218,0.551907,7
0,288.257,22.3583,0.0471132,18.6062,24.672,19.7729,44.3981,57.8084,0,18.0205,82.0216,0.551543,4.9
-1,288.257,22.3583,0.0471132,18.6062,24.672,19.7729,44.3981,57.8084,0,18.0205,82.0216,0.551543,7
-2,287.943,21.4235,0.0514786,18.6808,24.9446,19.9691,44.6476,57.5431,0,18.0493,82.0719,0.561358,7
1,287.943,21.4235,0.0514786,18.6808,24.9446,19.9691,44.6476,57.5431,0,18.0493,82.0719,0.561358,7
0,290.738,26.2973,0.0511173,17.7255,24.9039,19.3814,44.6465,57.5164,0,17.5825,82.0717,0.56135,4.9
-1,290.738,26.2973,0.0511173,17.7255,24.9039,19.3814,44.6465,57.5164,0,17.5825,82.0717,0.56135,7
-2,289.723,24.901,0.052665,17.7875,24.7589,19.6165,44.9074,57.3944,0,17.6066,82.1249,0.573081,7
1,289.723,24.901,0.052665,17.7875,24.7589,19.6165,44.9074,57.3944,0,17.6066,82.1249,0.573081,7
-1,289.723,24.901,0.052665,17.7875,24.7589,19.6165,44.9074,57.3944,0,17.6066,82.1249,0.573081,4.9
-2,289.185,23.806,0.0534524,17.805,24.9102,19.8378,45.1118,57.2917,0,17.6122,82.167,0.589346,4.9
2,289.185,23.806,0.0534524,17.805,24.9102,19.8378,45.1118,57.2917,0,17.6122,82.167,0.589346,4.9
0,292.174,28.9307,0.052494,16.8559,24.8139,19.2643,45.1003,57.2539,0,17.1485,82.1649,0.589188,3.43
-1,292.174,28.9307,0.052494,16.8559,24.8139,19.2643,45.1003,57.2539,0,17.1485,82.1649,0.589188,7
-2,290.436,26.9926,0.0512132,16.8671,24.5574,19.4882,45.2698,57.2553,0,17.1524,82.2002,0.601839,7
1,290.436,26.9926,0.0512132,16.8671,24.5574,19.4882,45.2698,57.2553,0,17.1524,82.2002,0.601839,7
-1,290.436,26.9926,0.0512132,16.8671,24.5574,19.4882,45.2698,57.2553,0,17.1524,82.2002,0.601839,4.9
-2,289.621,25.3972,0.0514334,16.8589,24.9769,19.761,45.3919,57.1895,0,17.1489,82.2268,0.618184,4.9
2,289.621,25.3972,0.0514334,16.8589,24.9769,19.761,45.3919,57.1895,0,17.1489,82.2268,0.618184,4.9
0,292.964,30.8436,0.051308,15.92,24.9315,19.1935,45.3578,57.1361,0,16.692,82.2206,0.617364,3.43
-1,292.964,30.8436,0.051308,15.92,24.9315,19.1935,45.3578,57.1361,0,16.692,82.2206,0.617364,7
-2,290.701,28.4314,0.0506128,15.9189,24.5516,19.4728,45.4879,57.2177,0,16.6922,82.249,0.628648,7
1,290.701,28.4314,0.0506128,15.9189,24.5516,19.4728,45.4879,57.2177,0,16.6922,82.249,0.628648,7
-1,290.701,28.4314,0.0506128,15.9189,24.5516,19.4728,45.4879,57.2177,0,16.6922,82.249,0.628648,4.9
-2,288.845,26.3672,0.0502435,15.8994,24.4005,19.7836,45.5722,57.1758,0,16.684,82.2681,0.643879,4.9
2,288.845,26.3672,0.0502435,15.8994,24.4005,19.7836,45.5722,57.1758,0,16.684,82.2681,0.643879,4.9
-1,288.845,26.3672,0.0502435,15.8994,24.4005,19.7836,45.5722,57.1758,0,16.684,82.2681,0.643879,3.43
-2,286.83,24.2864,0.0482575,15.8612,24.2407,20.1073,45.6324,57.0398,0,16.6677,82.2821,0.664217,3.43
3,286.83,24.2864,0.0482575,15.8612,24.2407,20.1073,45.6324,57.0398,0,16.6677,82.2821,0.664217,3.43
-1,286.83,24.2864,0.0482575,15.8612,24.2407,20.1073,45.6324,57.0398,0,16.6677,82.2821,0.664217,2.401
-2,285,22.3739,0.047174,15.8172,24.1887,20.4853,45.6736,56.7819,0,16.6502,82.2929,0.689788,2.401
4,285,22.3739,0.047174,15.8172,24.1887,20.4853,45.6736,56.7819,0,16.6502,82.2929,0.689788,2.401
-1,285,22.3739,0.047174,15.8172,24.1887,20.4853,45.6736,56.7819,0,16.6502,82.2929,0.689788,1.6807
-2,283.233,20.4712,0.0462704,15.7693,24.2571,20.8995,45.7068,56.4279,0,16.632,82.3026,0.720601,1.6807
5,283.233,20.4712,0.0462704,15.7693,24.2571,20.8995,45.7068,56.4279,0,16.632,82.3026,0.720601,1.6807
-1,283.233,20.4712,0.0462704,15.7693,24.2571,20.8995,45.7068,56.4279,0,16.632,82.3026,0.720601,1.17649
-2,282.577,19.3138,0.0481259,15.7295,24.7078,21.3364,45.753,55.9987,0,16.6182,82.3154,0.755783,1.17649
6,282.577,19.3138,0.0481259,15.7295,24.7078,21.3364,45.753,55.9987,0,16.6182,82.3154,0.755783,1.17649
0,284.746,23.6268,0.0471493,14.8095,24.6316,20.793,45.6846,55.9236,0,16.1731,82.3029,0.753645,0.823543
-1,284.746,23.6268,0.0471493,14.8095,24.6316,20.793,45.6846,55.9236,0,16.1731,82.3029,0.753645,7
-2,284.546,22.8617,0.050094,14.7934,24.8886,21.0574,45.76,55.8796,0,16.1668,82.3199,0.768802,7
1,284.546,22.8617,0.050094,14.7934,24.8886,21.0574,45.76,55.8796,0,16.1668,82.3199,0.768802,7
0,287.352,27.849,0.0499183,13.8952,24.8564,20.4901,45.6378,55.7745,0,15.7368,82.2975,0.76513,4.9
-1,287.352,27.849,0.0499183,13.8952,24.8564,20.4901,45.6378,55.7745,0,15.7368,82.2975,0.76513,7
-2,286.053,26.1005,0.0496646,13.885,24.8642,20.8268,45.7435,55.7494,0,15.733,82.3203,0.780954,7
1,286.053,26.1005,0.0496646,13.885,24.8642,20.8268,45.7435,55.7494,0,15.733,82.3203,0.780954,7
-1,286.053,26.1005,0.0496646,13.885,24.8642,20.8268,45.7435,55.7494,0,15.733,82.3203,0.780954,4.9
-2,284.575,24.1445,0.0501797,13.8647,24.912,21.2086,45.8424,55.6841,0,15.7248,82.3421,0.801707,4.9
2,284.575,24.1445,0.0501797,13.8647,24.912,21.2086,45.8424,55.6841,0,15.7248,82.3421,0.801707,4.9
-1,284.575,24.1445,0.0501797,13.8647,24.912,21.2086,45.8424,55.6841,0,15.7248,82.3421,0.801707,3.43
-2,283.873,22.7573,0.0502538,13.8358,25.178,21.638,45.9337,55.5758,0,15.7134,82.3628,0.828048,3.43
3,283.873,22.7573,0.0502538,13.8358,25.178,21.638,45.9337,55.5758,0,15.7134,82.3628,0.828048,3.43
0,286.499,27.6803,0.0495027,12.967,25.1337,21.0405,45.7423,55.4311,0,15.3029,82.3275,0.82454,2.401
-1,286.499,27.6803,0.0495027,12.967,25.1337,21.0405,45.7423,55.4311,0,15.3029,82.3275,0.82454,7
-2,285.357,26.1703,0.0484946,12.9527,25.0086,21.4068,45.8303,55.4542,0,15.2979,82.3472,0.840398,7
1,285.357,26.1703,0.0484946,12.9527,25.0086,21.4068,45.8303,55.4542,0,15.2979,82.3472,0.840398,7
-1,285.357,26.1703,0.0484946,12.9527,25.0086,21.4068,45.8303,55.4542,0,15.2979,82.3472,0.840398,4.9
-2,284.416,24.7325,0.0481786,12.9219,25.0876,21.7943,45.8911,55.4332,0,15.2859,82.3613,0.860471,4.9
2,284.416,24.7325,0.0481786,12.9219,25.0876,21.7943,45.8911,55.4332,0,15.2859,82.3613,0.860471,4.9
0,287.31,30.0047,0.0480298,12.089,25.0778,21.1651,45.6217,55.2377,0,14.8986,82.3115,0.855753,3.43
-1,287.31,30.0047,0.0480298,12.089,25.0778,21.1651,45.6217,55.2377,0,14.8986,82.3115,0.855753,7
-2,285.414,27.8045,0.0471593,12.0715,24.8952,21.591,45.6864,55.2277,0,14.8927,82.3264,0.871197,7
1,285.414,27.8045,0.0471593,12.0715,24.8952,21.591,45.6864,55.2277,0,14.8927,82.3264,0.871197,7
-1,285.414,27.8045,0.0471593,12.0715,24.8952,21.591,45.6864,55.2277,0,14.8927,82.3264,0.871197,4.9
-2,284.148,25.9342,0.0470961,12.047,25.0644,22.0625,45.7324,55.1482,0,14.8834,82.3376,0.890947,4.9
2,284.148,25.9342,0.0470961,12.047,25.0644,22.0625,45.7324,55.1482,0,14.8834,82.3376,0.890947,4.9
-1,284.148,25.9342,0.0470961,12.047,25.0644,22.0625,45.7324,55.1482,0,14.8834,82.3376,0.890947,3.43
-2,283.24,24.2387,0.0458184,12.0108,25.4014,22.5514,45.7846,55.0727,0,14.8693,82.3505,0.915141,3.43
3,283.24,24.2387,0.0458184,12.0108,25.4014,22.5514,45.7846,55.0727,0,14.8693,82.3505,0.915141,3.43
0,285.843,29.3684,0.0451745,11.2199,25.387,21.8815,45.4237,54.8134,0,14.5086,82.2836,0.911456,2.401
-1,285.843,29.3684,0.0451745,11.2199,25.387,21.8815,45.4237,54.8134,0,14.5086,82.2836,0.911456,7
-2,284.381,27.5602,0.0442834,11.2035,25.1918,22.316,45.4896,54.8486,0,14.5031,82.2992,0.924817,7
1,284.381,27.5602,0.0442834,11.2035,25.1918,22.316,45.4896,54.8486,0,14.5031,82.2992,0.924817,7
-1,284.381,27.5602,0.0442834,11.2035,25.1918,22.316,45.4896,54.8486,0,14.5031,82.2992,0.924817,4.9
-2,283.404,25.7776,0.0432697,11.1744,25.5132,22.7864,45.5358,54.8278,0,14.4922,82.3107,0.942245,4.9
2,283.404,25.7776,0.0432697,11.1744,25.5132,22.7864,45.5358,54.8278,0,14.4922,82.3107,0.942245,4.9
0,286.186,31.2129,0.0430823,10.4304,25.5226,22.0795,45.0817,54.4914,0,14.1601,82.2261,0.938424,3.43
-1,286.186,31.2129,0.0430823,10.4304,25.5226,22.0795,45.0817,54.4914,0,14.1601,82.2261,0.938424,7
-2,284.382,28.9661,0.0421317,10.4146,25.3746,22.5603,45.1454,54.5331,0,14.155,82.2414,0.949835,7
1,284.382,28.9661,0.0421317,10.4146,25.3746,22.5603,45.1454,54.5331,0,14.155,82.2414,0.949835,7
-1,284.382,28.9661,0.0421317,10.4146,25.3746,22.5603,45.1454,54.5331,0,14.155,82.2414,0.949835,4.9
-2,282.962,26.9983,0.0420178,10.3929,25.3453,23.0843,45.1964,54.5379,0,14.1471,82.2538,0.964308,4.9
2,282.962,26.9983,0.0420178,10.3929,25.3453,23.0843,45.1964,54.5379,0,14.1471,82.2538,0.964308,4.9
-1,282.962,26.9983,0.0420178,10.3929,25.3453,23.0843,45.1964,54.5379,0,14.1471,82.2538,0.964308,3.43
-2,282.045,25.2564,0.0443283,10.3564,25.602,23.6484,45.2427,54.5129,0,14.1334,82.2652,0.983558,3.43
3,282.045,25.2564,0.0443283,10.3564,25.602,23.6484,45.2427,54.5129,0,14.1334,82.2652,0.983558,3.43
0,284.453,30.489,0.0437406,9.66397,25.6098,22.9036,44.6835,54.0852,0,13.8314,82.1607,0.98156,2.401
-1,284.453,30.489,0.0437406,9.66397,25.6098,22.9036,44.6835,54.0852,0,13.8314,82.1607,0.98156,7
-2,283.064,28.424,0.0453697,9.64339,25.6794,23.3888,44.7579,54.1283,0,13.8244,82.1771,0.994938,7
1,283.064,28.424,0.0453697,9.64339,25.6794,23.3888,44.7579,54.1283,0,13.8244,82.1771,0.994938,7
-1,283.064,28.424,0.0453697,9.64339,25.6794,23.3888,44.7579,54.1283,0,13.8244,82.1771,0.994938,4.9
-2,281.852,26.5226,0.0458097,9.61839,25.72,23.9234,44.8422,54.1554,0,13.8152,82.1957,1.01291,4.9
2,281.852,26.5226,0.0458097,9.61839,25.72,23.9234,44.8422,54.1554,0,13.8152,82.1957,1.01291,4.9
-1,281.852,26.5226,0.0458097,9.61839,25.72,23.9234,44.8422,54.1554,0,13.8152,82.1957,1.01291,3.43
-2,280.678,24.6299,0.0457549,9.58125,25.7989,24.4997,44.9249,54.1453,0,13.8012,82.2143,1.03653,3.43
3,280.678,24.6299,0.0457549,9.58125,25.7989,24.4997,44.9249,54.1453,0,13.8012,82.2143,1.03653,3.43
-1,280.678,24.6299,0.0457549,9.58125,25.7989,24.4997,44.9249,54.1453,0,13.8012,82.2143,1.03653,2.401
-2,279.158,22.7439,0.0441615,9.53734,25.5659,25.095,45.0104,54.076,0,13.7847,82.2342,1.0662,2.401
4,279.158,22.7439,0.0441615,9.53734,25.5659,25.095,45.0104,54.076,0,13.7847,82.2342,1.0662,2.401
-1,279.158,22.7439,0.0441615,9.53734,25.5659,25.095,45.0104,54.076,0,13.7847,82.2342,1.0662,1.6807
-2,278.734,21.5883,0.0441905,9.4882,25.8102,25.7312,45.0662,53.89,0,13.7667,82.2486,1.10038,1.6807
5,278.734,21.5883,0.0441905,9.4882,25.8102,25.7312,45.0662,53.89,0,13.7667,82.2486,1.10038,1.6807
0,280.315,26.2257,0.0437613,8.85274,25.8146,24.9693,44.3435,53.3571,0,13.4962,82.1125,1.0997,1.17649
-1,280.315,26.2257,0.0437613,8.85274,25.8146,24.9693,44.3435,53.3571,0,13.4962,82.1125,1.0997,7
-2,279.244,24.8001,0.0428178,8.82635,25.655,25.4007,44.4117,53.3759,0,13.4871,82.1286,1.11573,7
1,279.244,24.8001,0.0428178,8.82635,25.655,25.4007,44.4117,53.3759,0,13.4871,82.1286,1.11573,7
-1,279.244,24.8001,0.0428178,8.82635,25.655,25.4007,44.4117,53.3759,0,13.4871,82.1286,1.11573,4.9
-2,278.488,23.4119,0.0421496,8.79767,25.7865,25.8901,44.4734,53.3297,0,13.4769,82.1433,1.13635,4.9
2,278.488,23.4119,0.0421496,8.79767,25.7865,25.8901,44.4734,53.3297,0,13.4769,82.1433,1.13635,4.9
0,280.205,28.3639,0.04156,8.22152,25.7974,25.1148,43.6307,52.6763,0,13.2384,81.9839,1.13621,3.43
-1,280.205,28.3639,0.04156,8.22152,25.7974,25.1148,43.6307,52.6763,0,13.2384,81.9839,1.13621,7
-2,278.95,26.6612,0.0411212,8.20062,25.668,25.6393,43.6934,52.6639,0,13.2316,81.9989,1.15232,7
1,278.95,26.6612,0.0411212,8.20062,25.668,25.6393,43.6934,52.6639,0,13.2316,81.9989,1.15232,7
-1,278.95,26.6612,0.0411212,8.20062,25.668,25.6393,43.6934,52.6639,0,13.2316,81.9989,1.15232,4.9
-2,278.054,25.1884,0.0397286,8.1766,25.6872,26.1998,43.7505,52.6027,0,13.2233,82.0127,1.17278,4.9
2,278.054,25.1884,0.0397286,8.1766,25.6872,26.1998,43.7505,52.6027,0,13.2233,82.0127,1.17278,4.9
0,279.928,30.4897,0.0393318,7.66129,25.698,25.4185,42.7897,51.8128,0,13.0161,81.8301,1.17254,3.43
-1,279.928,30.4897,0.0393318,7.66129,25.698,25.4185,42.7897,51.8128,0,13.0161,81.8301,1.17254,7
-2,278.174,28.255,0.0385391,7.64084,25.5925,25.9933,42.834,51.7822,0,13.0094,81.8408,1.18785,7
1,278.174,28.255,0.0385391,7.64084,25.5925,25.9933,42.834,51.7822,0,13.0094,81.8408,1.18785,7
0,282.583,36.7216,0.0392525,7.20785,25.7346,24.6472,41.7257,50.8704,0,12.839,81.6269,1.17046,7
-1,282.583,36.7216,0.0392525,7.20785,25.7346,24.6472,41.7257,50.8704,0,12.839,81.6269,1.17046,7
-2,279.853,33.413,0.0379722,7.18498,25.5652,25.3772,41.7704,50.8493,0,12.8321,81.6375,1.18517,7
1,279.853,33.413,0.0379722,7.18498,25.5652,25.3772,41.7704,50.8493,0,12.8321,81.6375,1.18517,7
0,286.017,43.8618,0.0393349,6.81563,25.8286,23.9051,40.5538,49.7571,0,12.6902,81.4022,1.16314,7
-1,286.017,43.8618,0.0393349,6.81563,25.8286,23.9051,40.5538,49.7571,0,12.6902,81.4022,1.16314,7
-2,281.957,39.1565,0.037686,6.78651,25.5571,24.796,40.5968,49.7561,0,12.6817,81.412,1.17661,7
1,281.957,39.1565,0.037686,6.78651,25.5571,24.796,40.5968,49.7561,0,12.6817,81.412,1.17661,7
0,290.417,52.0776,0.0397168,6.48338,26.0114,23.2167,39.2677,48.4515,0,12.5677,81.1543,1.14695,7
-1,290.417,52.0776,0.0397168,6.48338,26.0114,23.2167,39.2677,48.4515,0,12.5677,81.1543,1.14695,7
-2,284.444,45.5542,0.0382166,6.4449,25.4687,24.2738,39.3075,48.4784,0,12.5566,81.1629,1.15833,7
1,284.444,45.5542,0.0382166,6.4449,25.4687,24.2738,39.3075,48.4784,0,12.5566,81.1629,1.15833,7
-1,284.444,45.5542,0.0382166,6.4449,25.4687,24.2738,39.3075,48.4784,0,12.5566,81.1629,1.15833,4.9
-2,279.51,39.7435,0.0366299,6.43011,25.2391,25.3711,39.3407,48.4528,0,12.5525,81.1704,1.17345,4.9
2,279.51,39.7435,0.0366299,6.43011,25.2391,25.3711,39.3407,48.4528,0,12.5525,81.1704,1.17345,4.9
0,288.718,53.9455,0.0385406,6.16696,25.558,23.6616,37.9146,46.9526,0,12.4572,80.8933,1.13016,4.9
-1,288.718,53.9455,0.0385406,6.16696,25.558,23.6616,37.9146,46.9526,0,12.4572,80.8933,1.13016,7
-2,282.497,46.9448,0.0364931,6.14345,25.2014,24.773,37.9337,46.9777,0,12.4508,80.897,1.13885,7
1,282.497,46.9448,0.0364931,6.14345,25.2014,24.773,37.9337,46.9777,0,12.4508,80.897,1.13885,7
-1,282.497,46.9448,0.0364931,6.14345,25.2014,24.773,37.9337,46.9777,0,12.4508,80.897,1.13885,4.9
-2,277.673,41.1376,0.0356637,6.13682,25.0299,25.9221,37.9455,46.9666,0,12.4492,80.9002,1.14925,4.9
2,277.673,41.1376,0.0356637,6.13682,25.0299,25.9221,37.9455,46.9666,0,12.4492,80.9002,1.14925,4.9
0,286.697,55.5936,0.0366623,5.91849,25.2118,24.2574,36.4155,45.1963,0,12.3725,80.6017,1.09331,4.9
-1,286.697,55.5936,0.0366623,5.91849,25.2118,24.2574,36.4155,45.1963,0,12.3725,80.6017,1.09331,7
-2,280.495,48.4884,0.0351924,5.90316,24.9327,25.4189,36.415,45.2354,0,12.3687,80.6012,1.09665,7
1,280.495,48.4884,0.0351924,5.90316,24.9327,25.4189,36.415,45.2354,0,12.3687,80.6012,1.09665,7
0,291.678,65.3114,0.0373967,5.74579,25.2566,23.8516,34.7535,43.115,0,12.3139,80.2764,1.01632,7
-1,291.678,65.3114,0.0373967,5.74579,25.2566,23.8516,34.7535,43.115,0,12.3139,80.2764,1.01632,7
-2,283.148,55.9157,0.035234,5.72075,24.7451,25.1941,34.7513,43.1897,0,12.3074,80.2747,1.01388,7
1,283.148,55.9157,0.035234,5.72075,24.7451,25.1941,34.7513,43.1897,0,12.3074,80.2747,1.01388,7
-1,283.148,55.9157,0.035234,5.72075,24.7451,25.1941,34.7513,43.1897,0,12.3074,80.2747,1.01388,4.9
-2,276.426,47.9712,0.0332144,5.71871,24.5761,26.5672,34.7568,43.2083,0,12.3075,80.2765,1.01083,4.9
2,276.426,47.9712,0.0332144,5.71871,24.5761,26.5672,34.7568,43.2083,0,12.3075,80.2765,1.01083,4.9
0,287.685,65.6878,0.0356629,5.59377,24.6245,24.9186,32.958,40.7561,0,12.2653,79.9218,0.92372,4.9
-1,287.685,65.6878,0.0356629,5.59377,24.6245,24.9186,32.958,40.7561,0,12.2653,79.9218,0.92372,7
-2,279.084,56.0997,0.0339104,5.58063,24.2187,26.2888,32.9468,40.8201,0,12.2624,79.9186,0.913992,7
1,279.084,56.0997,0.0339104,5.58063,24.2187,26.2888,32.9468,40.8201,0,12.2624,79.9186,0.913992,7
-1,279.084,56.0997,0.0339104,5.58063,24.2187,26.2888,32.9468,40.8201,0,12.2624,79.9186,0.913992,4.9
-2,272.39,48.1448,0.0320914,5.58576,24.069,27.69,32.9461,40.8352,0,12.2648,79.9196,0.902749,4.9
2,272.39,48.1448,0.0320914,5.58576,24.069,27.69,32.9461,40.8352,0,12.2648,79.9196,0.902749,4.9
0,282.913,65.8345,0.034598,5.49585,23.8655,26.1342,31.007,37.97,0,12.235,79.5346,0.802234,4.9
-1,282.913,65.8345,0.034598,5.49585,23.8655,26.1342,31.007,37.97,0,12.235,79.5346,0.802234,7
-2,274.27,56.1243,0.0330032,5.49013,23.5247,27.5342,30.9874,38.0255,0,12.2344,79.5299,0.786174,7
1,274.27,56.1243,0.0330032,5.49013,23.5247,27.5342,30.9874,38.0255,0,12.2344,79.5299,0.786174,7
0,287.469,76.8171,0.0354087,5.44963,23.5307,26.0781,28.9141,34.6449,0,12.2203,79.1177,0.661068,7
-1,287.469,76.8171,0.0354087,5.44963,23.5307,26.0781,28.9141,34.6449,0,12.2203,79.1177,0.661068,7
-2,276.002,64.3365,0.03296,5.43431,22.9427,27.6807,28.8874,34.7172,0,12.217,79.1104,0.642962,7
1,276.002,64.3365,0.03296,5.43431,22.9427,27.6807,28.8874,34.7172,0,12.217,79.1104,0.642962,7
-1,276.002,64.3365,0.03296,5.43431,22.9427,27.6807,28.8874,34.7172,0,12.217,79.1104,0.642962,4.9
-2,267.248,54.2677,0.0317352,5.44426,22.6262,29.3149,28.8784,34.7317,0,12.2211,79.1095,0.622673,4.9
2,267.248,54.2677,0.0317352,5.44426,22.6262,29.3149,28.8784,34.7317,0,12.2211,79.1095,0.622673,4.9
0,279.499,75.0994,0.0339424,5.41819,22.2576,27.7066,26.6817,30.888,0,12.212,78.669,0.532604,4.9
-1,279.499,75.0994,0.0339424,5.41819,22.2576,27.7066,26.6817,30.888,0,12.212,78.669,0.532604,7
-2,268.827,63.2557,0.0320165,5.41448,21.8324,29.326,26.6409,30.9381,0,12.2122,78.6593,0.516199,7
1,268.827,63.2557,0.0320165,5.41448,21.8324,29.326,26.6409,30.9381,0,12.2122,78.6593,0.516199,7
-1,268.827,63.2557,0.0320165,5.41448,21.8324,29.326,26.6409,30.9381,0,12.2122,78.6593,0.516199,4.9
-2,260.198,53.2858,0.0309473,5.42841,21.5535,30.9662,26.6288,30.9299,0,12.2174,78.6583,0.498632,4.9
2,260.198,53.2858,0.0309473,5.42841,21.5535,30.9662,26.6288,30.9299,0,12.2174,78.6583,0.498632,4.9
0,271.292,73.8285,0.033188,5.4223,20.8059,29.3917,24.3436,26.6227,0,12.2146,78.1978,0.431774,4.9
-1,271.292,73.8285,0.033188,5.4223,20.8059,29.3917,24.3436,26.6227,0,12.2146,78.1978,0.431774,7
-2,261.199,62.4778,0.0318892,5.42281,20.4755,31.0197,24.2955,26.6516,0,12.216,78.1871,0.421342,7
1,261.199,62.4778,0.0318892,5.42281,20.4755,31.0197,24.2955,26.6516,0,12.216,78.1871,0.421342,7
0,274.478,85.6297,0.0348125,5.44716,19.6628,29.4653,21.9791,21.9469,0,12.2222,77.7216,0.368284,7
-1,274.478,85.6297,0.0348125,5.44716,19.6628,29.4653,21.9791,21.9469,0,12.2222,77.7216,0.368284,7
-2,261.12,71.0933,0.0325623,5.43739,19.0499,31.3144,21.9126,21.9879,0,12.2207,77.7061,0.365073,7
1,261.12,71.0933,0.0325623,5.43739,19.0499,31.3144,21.9126,21.9879,0,12.2207,77.7061,0.365073,7
-1,261.12,71.0933,0.0325623,5.43739,19.0499,31.3144,21.9126,21.9879,0,12.2207,77.7061,0.365073,4.9
-2,250.125,58.5984,0.0312038,5.44732,18.7393,33.1844,21.8633,21.9762,0,12.2247,77.697,0.363516,4.9
2,250.125,58.5984,0.0312038,5.44732,18.7393,33.1844,21.8633,21.9762,0,12.2247,77.697,0.363516,4.9
0,263.581,82.5285,0.034057,5.46901,17.5744,31.3778,19.5796,17.2047,0,12.2303,77.2368,0.345615,4.9
-1,263.581,82.5285,0.034057,5.46901,17.5744,31.3778,19.5796,17.2047,0,12.2303,77.2368,0.345615,7
-2,250.785,68.3756,0.0323593,5.46402,17.1715,33.2242,19.491,17.2301,0,12.2299,77.2179,0.348621,7
1,250.785,68.3756,0.0323593,5.46402,17.1715,33.2242,19.491,17.2301,0,12.2299,77.2179,0.348621,7
-1,250.785,68.3756,0.0323593,5.46402,17.1715,33.2242,19.491,17.2301,0,12.2299,77.2179,0.348621,4.9
-2,241.04,57.065,0.0315635,5.4784,16.964,35.0623,19.4231,17.2216,0,12.2353,77.2051,0.354093,4.9
2,241.04,57.065,0.0315635,5.4784,16.964,35.0623,19.4231,17.2216,0,12.2353,77.2051,0.354093,4.9
0,253.094,79.5137,0.0337171,5.49461,15.4983,33.2749,17.2432,12.683,0,12.2392,76.7673,0.346389,4.9
-1,253.094,79.5137,0.0337171,5.49461,15.4983,33.2749,17.2432,12.683,0,12.2392,76.7673,0.346389,7
-2,241.361,66.3456,0.0323045,5.49474,15.2002,35.1013,17.1425,12.7052,0,12.2403,76.7466,0.351828,7
1,241.361,66.3456,0.0323045,5.49474,15.2002,35.1013,17.1425,12.7052,0,12.2403,76.7466,0.351828,7
0,257.53,91.9254,0.0352395,5.51636,13.9559,33.3201,15.1191,8.723,0,12.2459,76.3437,0.345039,7
-1,257.53,91.9254,0.0352395,5.51636,13.9559,33.3201,15.1191,8.723,0,12.2459,76.3437,0.345039,7
-2,242.674,75.6485,0.0332593,5.50668,13.4248,35.3887,15.0075,8.75187,0,12.2441,76.3207,0.347999,7
1,242.674,75.6485,0.0332593,5.50668,13.4248,35.3887,15.0075,8.75187,0,12.2441,76.3207,0.347999,7
-1,242.674,75.6485,0.0332593,5.50668,13.4248,35.3887,15.0075,8.75187,0,12.2441,76.3207,0.347999,4.9
-2,230.722,62.0015,0.0324997,5.51945,13.165,37.4156,14.9223,8.75834,0,12.2488,76.3041,0.354425,4.9
2,230.722,62.0015,0.0324997,5.51945,13.165,37.4156,14.9223,8.75834,0,12.2488,76.3041,0.354425,4.9
0,247.347,87.4949,0.0337779,5.51052,11.5913,35.4421,13.1255,5.61662,0,12.2453,75.949,0.338281,4.9
-1,247.347,87.4949,0.0337779,5.51052,11.5913,35.4421,13.1255,5.61662,0,12.2453,75.949,0.338281,7
-2,233.309,71.9456,0.0321854,5.50938,11.1849,37.4628,13.0259,5.63442,0,12.2459,75.9292,0.339167,7
1,233.309,71.9456,0.0321854,5.50938,11.1849,37.4628,13.0259,5.63442,0,12.2459,75.9292,0.339167,7
-1,233.309,71.9456,0.0321854,5.50938,11.1849,37.4628,13.0259,5.63442,0,12.2459,75.9292,0.339167,4.9
-2,222.72,59.6395,0.0311896,5.52365,10.9933,39.4671,12.9203,5.64189,0,12.251,75.909,0.342899,4.9
2,222.72,59.6395,0.0311896,5.52365,10.9933,39.4671,12.9203,5.64189,0,12.251,75.909,0.342899,4.9
0,238.935,83.4264,0.0322974,5.48993,9.48592,37.529,11.4162,3.37844,0,12.2399,75.6149,0.321862,4.9
-1,238.935,83.4264,0.0322974,5.48993,9.48592,37.529,11.4162,3.37844,0,12.2399,75.6149,0.321862,7
-2,226.234,69.1619,0.030399,5.49153,9.15656,39.5415,11.3059,3.3905,0,12.2413,75.5935,0.320818,7
1,226.234,69.1619,0.030399,5.49153,9.15656,39.5415,11.3059,3.3905,0,12.2413,75.5935,0.320818,7
0,247.336,96.2093,0.0323243,5.44294,8.19895,37.6031,10.0755,1.89513,0,12.2251,75.3559,0.297514,7
-1,247.336,96.2093,0.0323243,5.44294,8.19895,37.6031,10.0755,1.89513,0,12.2251,75.3559,0.297514,7
-2,230.965,78.2723,0.029779,5.43635,7.60911,39.8854,9.97256,1.90463,0,12.2241,75.3361,0.294381,7
1,230.965,78.2723,0.029779,5.43635,7.60911,39.8854,9.97256,1.90463,0,12.2241,75.3361,0.294381,7
-1,230.965,78.2723,0.029779,5.43635,7.60911,39.8854,9.97256,1.90463,0,12.2241,75.3361,0.294381,4.9
-2,218.618,64.0751,0.0288041,5.4503,7.36509,42.0752,9.87279,1.90991,0,12.2292,75.3173,0.29414,4.9
2,218.618,64.0751,0.0288041,5.4503,7.36509,42.0752,9.87279,1.90991,0,12.2292,75.3173,0.29414,4.9
0,239.9,90.4791,0.0293218,5.3581,6.50557,39.9644,8.94051,1.0084,0,12.1991,75.1393,0.275933,4.9
-1,239.9,90.4791,0.0293218,5.3581,6.50557,39.9644,8.94051,1.0084,0,12.1991,75.1393,0.275933,7
-2,225.384,74.2787,0.0278395,5.35932,6.09243,42.1694,8.84741,1.01315,0,12.2005,75.1217,0.273298,7
1,225.384,74.2787,0.0278395,5.35932,6.09243,42.1694,8.84741,1.01315,0,12.2005,75.1217,0.273298,7
-1,225.384,74.2787,0.0278395,5.35932,6.09243,42.1694,8.84741,1.01315,0,12.2005,75.1217,0.273298,4.9
-2,214.033,61.0828,0.0272967,5.37341,5.90508,44.2978,8.74879,1.01574,0,12.2055,75.1033,0.273641,4.9
2,214.033,61.0828,0.0272967,5.37341,5.90508,44.2978,8.74879,1.01574,0,12.2055,75.1033,0.273641,4.9
0,234.776,86.0281,0.0270064,5.25021,5.22457,42.2442,8.09112,0.508822,0,12.1651,74.9791,0.25731,4.9
-1,234.776,86.0281,0.0270064,5.25021,5.22457,42.2442,8.09112,0.508822,0,12.1651,74.9791,0.25731,7
-2,221.544,71.0579,0.0259686,5.25229,4.91339,44.3985,8.00033,0.511043,0,12.1667,74.9621,0.255772,7
1,221.544,71.0579,0.0259686,5.25229,4.91339,44.3985,8.00033,0.511043,0,12.1667,74.9621,0.255772,7
0,246.356,99.0745,0.0261777,5.11162,4.7867,42.3104,7.5637,0.242488,0,12.1196,74.8806,0.240203,7
-1,246.356,99.0745,0.0261777,5.11162,4.7867,42.3104,7.5637,0.242488,0,12.1196,74.8806,0.240203,7
-2,229.647,80.6338,0.0239914,5.10563,4.18029,44.7547,7.48225,0.243846,0,12.1188,74.8653,0.238262,7
1,229.647,80.6338,0.0239914,5.10563,4.18029,44.7547,7.48225,0.243846,0,12.1188,74.8653,0.238262,7
-1,229.647,80.6338,0.0239914,5.10563,4.18029,44.7547,7.48225,0.243846,0,12.1188,74.8653,0.238262,4.9
-2,216.741,65.6777,0.0233083,5.11777,3.97267,47.1005,7.39297,0.244566,0,12.1233,74.8487,0.239381,4.9
2,216.741,65.6777,0.0233083,5.11777,3.97267,47.1005,7.39297,0.244566,0,12.1233,74.8487,0.239381,4.9
0,241.066,93.0516,0.0228959,4.93961,3.88776,44.8031,7.1535,0.11156,0,12.0635,74.8044,0.228357,4.9
-1,241.066,93.0516,0.0228959,4.93961,3.88776,44.8031,7.1535,0.11156,0,12.0635,74.8044,0.228357,7
-2,225.677,75.7914,0.0211461,4.93882,3.48756,47.1725,7.07253,0.112097,0,12.0642,74.7892,0.227859,7
1,225.677,75.7914,0.0211461,4.93882,3.48756,47.1725,7.07253,0.112097,0,12.0642,74.7892,0.227859,7
0,254.372,106.789,0.0220379,4.751,3.96663,44.8375,6.96942,0.0488281,0,12,74.7705,0.217491,7
-1,254.372,106.789,0.0220379,4.751,3.96663,44.8375,6.96942,0.0488281,0,12,74.7705,0.217491,7
-2,234.843,85.4022,0.0197353,4.74161,3.2514,47.5111,6.89606,0.0491238,0,11.9982,74.7567,0.216563,7
1,234.843,85.4022,0.0197353,4.74161,3.2514,47.5111,6.89606,0.0491238,0,11.9982,74.7567,0.216563,7
-1,234.843,85.4022,0.0197353,4.74161,3.2514,47.5111,6.89606,0.0491238,0,11.9982,74.7567,0.216563,4.9
-2,220.905,69.324,0.0187467,4.75914,2.95005,50.0277,6.81278,0.0493174,0,12.0045,74.7412,0.217402,4.9
2,220.905,69.324,0.0187467,4.75914,2.95005,50.0277,6.81278,0.0493174,0,12.0045,74.7412,0.217402,4.9
0,247.492,98.3507,0.0188216,4.53443,3.35341,47.5201,6.81361,0.0208337,0,11.9279,74.7416,0.210491,4.9
-1,247.492,98.3507,0.0188216,4.53443,3.35341,47.5201,6.81361,0.0208337,0,11.9279,74.7416,0.210491,7
-2,231.091,79.9729,0.0172224,4.53709,2.87335,50.0655,6.73739,0.0209548,0,11.9297,74.7273,0.209873,7
1,231.091,79.9729,0.0172224,4.53709,2.87335,50.0655,6.73739,0.0209548,0,11.9297,74.7273,0.209873,7
-1,231.091,79.9729,0.0172224,4.53709,2.87335,50.0655,6.73739,0.0209548,0,11.9297,74.7273,0.209873,4.9
-2,218.793,65.5346,0.0162997,4.55491,2.67436,52.4784,6.65377,0.0210195,0,11.9359,74.7117,0.211825,4.9
2,218.793,65.5346,0.0162997,4.55491,2.67436,52.4784,6.65377,0.0210195,0,11.9359,74.7117,0.211825,4.9
0,243.187,92.2804,0.0164465,4.3178,3.01813,50.0498,6.71295,0.00863139,0,11.8548,74.7228,0.204929,4.9
-1,243.187,92.2804,0.0164465,4.3178,3.01813,50.0498,6.71295,0.00863139,0,11.8548,74.7228,0.204929,7
-2,228.659,75.7482,0.0148085,4.3213,2.65826,52.502,6.63567,0.00867447,0,11.8567,74.7084,0.205394,7
1,228.659,75.7482,0.0148085,4.3213,2.65826,52.502,6.63567,0.00867447,0,11.8567,74.7084,0.205394,7
0,256.805,105.877,0.0161772,4.09162,3.38799,50.0177,6.7118,0.00343541,0,11.7773,74.7226,0.199424,7
-1,256.805,105.877,0.0161772,4.09162,3.38799,50.0177,6.7118,0.00343541,0,11.7773,74.7226,0.199424,7
-2,238.156,85.1881,0.0135837,4.08543,2.75361,52.7882,6.63909,0.00345676,0,11.7763,74.7089,0.199434,7
1,238.156,85.1881,0.0135837,4.08543,2.75361,52.7882,6.63909,0.00345676,0,11.7763,74.7089,0.199434,7
-1,238.156,85.1881,0.0135837,4.08543,2.75361,52.7882,6.63909,0.00345676,0,11.7763,74.7089,0.199434,4.9
-2,224.256,68.9823,0.0130477,4.10047,2.52042,55.4007,6.55889,0.00346838,0,11.7816,74.694,0.201449,4.9
2,224.256,68.9823,0.0130477,4.10047,2.52042,55.4007,6.55889,0.00346838,0,11.7816,74.694,0.201449,4.9
0,251.001,98.1017,0.0138059,3.85729,3.06423,52.726,6.63401,0.00134709,0,11.6981,74.708,0.196547,4.9
-1,251.001,98.1017,0.0138059,3.85729,3.06423,52.726,6.63401,0.00134709,0,11.6981,74.708,0.196547,7
-2,234.952,79.9142,0.0123927,3.85612,2.64341,55.3768,6.55797,0.00135438,0,11.6985,74.6938,0.197089,7
1,234.952,79.9142,0.0123927,3.85612,2.64341,55.3768,6.55797,0.00135438,0,11.6985,74.6938,0.197089,7
0,265.303,112.336,0.0144419,3.63216,3.54953,52.6489,6.60494,0.000509474,0,11.6211,74.7027,0.192728,7
-1,265.303,112.336,0.0144419,3.63216,3.54953,52.6489,6.60494,0.000509474,0,11.6211,74.7027,0.192728,7
-2,244.846,89.7298,0.0123702,3.62041,2.81888,55.6307,6.53306,0.00051293,0,11.6182,74.6892,0.192619,7
1,244.846,89.7298,0.0123702,3.62041,2.81888,55.6307,6.53306,0.00051293,0,11.6182,74.6892,0.192619,7
-1,244.846,89.7298,0.0123702,3.62041,2.81888,55.6307,6.53306,0.00051293,0,11.6182,74.6892,0.192619,4.9
-2,229.723,72.2071,0.011192,3.63441,2.53967,58.386,6.45241,0.000514786,0,11.6231,74.6742,0.19448,4.9
2,229.723,72.2071,0.011192,3.63441,2.53967,58.386,6.45241,0.000514786,0,11.6231,74.6742,0.19448,4.9
0,258.018,103.037,0.0130236,3.40199,3.16165,55.5211,6.4707,0.000191104,0,11.5437,74.6777,0.19053,4.9
-1,258.018,103.037,0.0130236,3.40199,3.16165,55.5211,6.4707,0.000191104,0,11.5437,74.6777,0.19053,7
-2,240.557,83.3588,0.0107569,3.39802,2.68008,58.3177,6.39423,0.000192217,0,11.5431,74.6634,0.190977,7
1,240.557,83.3588,0.0107569,3.39802,2.68008,58.3177,6.39423,0.000192217,0,11.5431,74.6634,0.190977,7
-1,240.557,83.3588,0.0107569,3.39802,2.68008,58.3177,6.39423,0.000192217,0,11.5431,74.6634,0.190977,4.9
-2,227.407,67.8513,0.0103958,3.41358,2.49515,60.9296,6.31591,0.000192781,0,11.5484,74.6489,0.193372,4.9
2,227.407,67.8513,0.0103958,3.41358,2.49515,60.9296,6.31591,0.000192781,0,11.5484,74.6489,0.193372,4.9
0,252.85,95.927,0.0115069,3.19044,2.9392,58.1804,6.29401,7.04928e-05,0,11.4727,74.645,0.189201,4.9
-1,252.85,95.927,0.0115069,3.19044,2.9392,58.1804,6.29401,7.04928e-05,0,11.4727,74.645,0.189201,7
-2,237.657,78.4798,0.0106474,3.18832,2.61716,60.8466,6.2205,7.08525e-05,0,11.4725,74.6313,0.190148,7
1,237.657,78.4798,0.0106474,3.18832,2.61716,60.8466,6.2205,7.08525e-05,0,11.4725,74.6313,0.190148,7
0,266.62,109.897,0.0126596,2.99581,3.32422,58.0288,6.14949,2.5241e-05,0,11.4071,74.6185,0.186596,7
-1,266.62,109.897,0.0126596,2.99581,3.32422,58.0288,6.14949,2.5241e-05,0,11.4071,74.6185,0.186596,7
-2,247.115,88.0735,0.0109546,2.98224,2.73237,61.0383,6.08161,2.54064e-05,0,11.4034,74.6057,0.186824,7
1,247.115,88.0735,0.0109546,2.98224,2.73237,61.0383,6.08161,2.54064e-05,0,11.4034,74.6057,0.186824,7
-1,247.115,88.0735,0.0109546,2.98224,2.73237,61.0383,6.08161,2.54064e-05,0,11.4034,74.6057,0.186824,4.9
-2,232.556,71.0412,0.00998155,2.99455,2.48615,63.8311,6.00534,2.5494e-05,0,11.4076,74.5915,0.188856,4.9
2,232.556,71.0412,0.00998155,2.99455,2.48615,63.8311,6.00534,2.5494e-05,0,11.4076,74.5915,0.188856,4.9
0,259.843,101.18,0.0120528,2.8025,2.99054,60.8528,5.90334,9.01713e-06,0,11.3432,74.5729,0.185322,4.9
-1,259.843,101.18,0.0120528,2.8025,2.99054,60.8528,5.90334,9.01713e-06,0,11.3432,74.5729,0.185322,7
-2,242.834,81.8714,0.00991801,2.79524,2.53709,63.6997,5.83325,9.0691e-06,0,11.3414,74.5597,0.185999,7
1,242.834,81.8714,0.00991801,2.79524,2.53709,63.6997,5.83325,9.0691e-06,0,11.3414,74.5597,0.185999,7
-1,242.834,81.8714,0.00991801,2.79524,2.53709,63.6997,5.83325,9.0691e-06,0,11.3414,74.5597,0.185999,4.9
-2,230.085,66.6985,0.00945904,2.80673,2.37781,66.3611,5.75301,9.0965e-06,0,11.3452,74.5449,0.188314,4.9
2,230.085,66.6985,0.00945904,2.80673,2.37781,66.3611,5.75301,9.0965e-06,0,11.3452,74.5449,0.188314,4.9
0,254.744,94.2729,0.0110177,2.6322,2.72276,63.485,5.62634,3.18648e-06,0,11.2872,74.5216,0.1847,4.9
-1,254.744,94.2729,0.0110177,2.6322,2.72276,63.485,5.62634,3.18648e-06,0,11.2872,74.5216,0.1847,7
-2,240.2,77.3693,0.0100251,2.62438,2.45131,66.2127,5.5534,3.20324e-06,0,11.2851,74.508,0.18567,7
1,240.2,77.3693,0.0100251,2.62438,2.45131,66.2127,5.5534,3.20324e-06,0,11.2851,74.508,0.18567,7
0,268.135,108.057,0.0123634,2.48578,3.03611,63.2561,5.38802,1.09808e-06,0,11.239,74.4776,0.182748,7
-1,268.135,108.057,0.0123634,2.48578,3.03611,63.2561,5.38802,1.09808e-06,0,11.239,74.4776,0.182748,7
-2,249.4,86.9007,0.0106995,2.46558,2.47963,66.3384,5.32317,1.10549e-06,0,11.2331,74.4655,0.183033,7
1,249.4,86.9007,0.0106995,2.46558,2.47963,66.3384,5.32317,1.10549e-06,0,11.2331,74.4655,0.183033,7
-1,249.4,86.9007,0.0106995,2.46558,2.47963,66.3384,5.32317,1.10549e-06,0,11.2331,74.4655,0.183033,4.9
-2,234.951,69.935,0.00977698,2.47353,2.2528,69.1549,5.25223,1.10922e-06,0,11.2358,74.4523,0.184927,4.9
2,234.951,69.935,0.00977698,2.47353,2.2528,69.1549,5.25223,1.10922e-06,0,11.2358,74.4523,0.184927,4.9
0,261.812,99.8408,0.0119274,2.33608,2.68639,66.0734,5.07177,3.79506e-07,0,11.1908,74.4191,0.182039,4.9
-1,261.812,99.8408,0.0119274,2.33608,2.68639,66.0734,5.07177,3.79506e-07,0,11.1908,74.4191,0.182039,7
-2,245.141,80.7478,0.0104093,2.32307,2.31572,68.9564,5.01044,3.81655e-07,0,11.187,74.4076,0.182754,7
1,245.141,80.7478,0.0104093,2.32307,2.31572,68.9564,5.01044,3.81655e-07,0,11.187,74.4076,0.182754,7
-1,245.141,80.7478,0.0104093,2.32307,2.31572,68.9564,5.01044,3.81655e-07,0,11.187,74.4076,0.182754,4.9
-2,232.615,65.8338,0.00937006,2.33406,2.10028,71.6244,4.94213,3.82856e-07,0,11.1907,74.3949,0.185023,4.9
2,232.615,65.8338,0.00937006,2.33406,2.10028,71.6244,4.94213,3.82856e-07,0,11.1907,74.3949,0.185023,4.9
0,256.908,93.113,0.0115784,2.21069,2.46713,68.6623,4.75137,1.30144e-07,0,11.1506,74.3597,0.181871,4.9
-1,256.908,93.113,0.0115784,2.21069,2.46713,68.6623,4.75137,1.30144e-07,0,11.1506,74.3597,0.181871,7
-2,242.722,76.586,0.0100191,2.20086,2.14054,71.4107,4.6942,1.3085e-07,0,11.1478,74.3491,0.182891,7
1,242.722,76.586,0.0100191,2.20086,2.14054,71.4107,4.6942,1.3085e-07,0,11.1478,74.3491,0.182891,7
0,270.082,106.751,0.0129394,2.11411,2.75794,68.3551,4.48105,4.36415e-08,0,11.1196,74.3098,0.180513,7
-1,270.082,106.751,0.0129394,2.11411,2.75794,68.3551,4.48105,4.36415e-08,0,11.1196,74.3098,0.180513,7
-2,252.15,86.3356,0.0108655,2.09133,2.21311,71.4687,4.43552,4.39456e-08,0,11.1128,74.3013,0.180915,7
1,252.15,86.3356,0.0108655,2.09133,2.21311,71.4687,4.43552,4.39456e-08,0,11.1128,74.3013,0.180915,7
-1,252.15,86.3356,0.0108655,2.09133,2.21311,71.4687,4.43552,4.39456e-08,0,11.1128,74.3013,0.180915,4.9
-2,238.299,69.9826,0.009717,2.09843,1.94697,74.2911,4.38052,4.40835e-08,0,11.1152,74.2911,0.182936,4.9
2,238.299,69.9826,0.009717,2.09843,1.94697,74.2911,4.38052,4.40835e-08,0,11.1152,74.2911,0.182936,4.9
0,264.406,99.1549,0.0120836,2.00983,2.41359,71.1247,4.17161,1.47243e-08,0,11.0868,74.2525,0.180392,4.9
-1,264.406,99.1549,0.0120836,2.00983,2.41359,71.1247,4.17161,1.47243e-08,0,11.0868,74.2525,0.180392,7
-2,248.211,80.5597,0.0103915,1.99483,1.9808,74.0273,4.13006,1.48058e-08,0,11.0824,74.2447,0.181271,7
1,248.211,80.5597,0.0103915,1.99483,1.9808,74.0273,4.13006,1.48058e-08,0,11.0824,74.2447,0.181271,7
-1,248.211,80.5597,0.0103915,1.99483,1.9808,74.0273,4.13006,1.48058e-08,0,11.0824,74.2447,0.181271,4.9
-2,236.008,65.8789,0.00948988,1.99935,1.80322,76.7568,4.06069,1.48469e-08,0,11.084,74.2319,0.183599,4.9
2,236.008,65.8789,0.00948988,1.99935,1.80322,76.7568,4.06069,1.48469e-08,0,11.084,74.2319,0.183599,4.9
0,259.895,92.8444,0.011536,1.92783,2.13954,73.6564,3.87523,4.93434e-09,0,11.0611,74.1977,0.180747,4.9
-1,259.895,92.8444,0.011536,1.92783,2.13954,73.6564,3.87523,4.93434e-09,0,11.0611,74.1977,0.180747,7
-2,245.559,76.0973,0.00995273,1.91088,1.81949,76.4748,3.82064,4.95998e-09,0,11.0561,74.1876,0.181928,7
1,245.559,76.0973,0.00995273,1.91088,1.81949,76.4748,3.82064,4.95998e-09,0,11.0561,74.1876,0.181928,7
0,272.986,106.382,0.0128604,1.87357,2.44396,73.2744,3.62427,1.61896e-09,0,11.044,74.1514,0.179996,7
-1,272.986,106.382,0.0128604,1.87357,2.44396,73.2744,3.62427,1.61896e-09,0,11.044,74.1514,0.179996,7
-2,254.717,85.5469,0.0107792,1.8434,1.90473,76.4685,3.58331,1.62983e-09,0,11.0349,74.1437,0.180561,7
1,254.717,85.5469,0.0107792,1.8434,1.90473,76.4685,3.58331,1.62983e-09,0,11.0349,74.1437,0.180561,7
-1,254.717,85.5469,0.0107792,1.8434,1.90473,76.4685,3.58331,1.62983e-09,0,11.0349,74.1437,0.180561,4.9
-2,241.151,69.3784,0.00952915,1.8453,1.67146,79.3686,3.52669,1.63545e-09,0,11.0357,74.1333,0.182425,4.9
2,241.151,69.3784,0.00952915,1.8453,1.67146,79.3686,3.52669,1.63545e-09,0,11.0357,74.1333,0.182425,4.9
0,267.01,98.3662,0.011961,1.80078,2.12644,76.0528,3.34957,5.34562e-10,0,11.0216,74.1006,0.180276,4.9
-1,267.01,98.3662,0.011961,1.80078,2.12644,76.0528,3.34957,5.34562e-10,0,11.0216,74.1006,0.180276,7
-2,251.509,80.3439,0.010183,1.7801,1.73229,79.0423,3.31038,5.37722e-10,0,11.0154,74.0934,0.181079,7
1,251.509,80.3439,0.010183,1.7801,1.73229,79.0423,3.31038,5.37722e-10,0,11.0154,74.0934,0.181079,7
-1,251.509,80.3439,0.010183,1.7801,1.73229,79.0423,3.31038,5.37722e-10,0,11.0154,74.0934,0.181079,4.9
-2,239.41,65.7642,0.00975714,1.78452,1.55243,81.7614,3.25402,5.38997e-10,0,11.017,74.083,0.183457,4.9
2,239.41,65.7642,0.00975714,1.78452,1.55243,81.7614,3.25402,5.38997e-10,0,11.017,74.083,0.183457,4.9
0,263.131,92.5236,0.0112868,1.74845,1.91375,78.5999,3.09432,1.75774e-10,0,11.0055,74.0535,0.180805,4.9
-1,263.131,92.5236,0.0112868,1.74845,1.91375,78.5999,3.09432,1.75774e-10,0,11.0055,74.0535,0.180805,7
-2,248.86,75.8188,0.00990299,1.73079,1.59515,81.4212,3.05565,1.76621e-10,0,11.0003,74.0464,0.18208,7
1,248.86,75.8188,0.00990299,1.73079,1.59515,81.4212,3.05565,1.76621e-10,0,11.0003,74.0464,0.18208,7
0,276.248,106.032,0.0125848,1.72597,2.24357,78.1489,2.8898,5.66042e-11,0,10.9986,74.0158,0.180329,7
-1,276.248,106.032,0.0125848,1.72597,2.24357,78.1489,2.8898,5.66042e-11,0,10.9986,74.0158,0.180329,7
-2,258.352,85.5705,0.0105655,1.69499,1.6705,81.3567,2.86668,5.69683e-11,0,10.9892,74.0115,0.18094,7
1,258.352,85.5705,0.0105655,1.69499,1.6705,81.3567,2.86668,5.69683e-11,0,10.9892,74.0115,0.18094,7
-1,258.352,85.5705,0.0105655,1.69499,1.6705,81.3567,2.86668,5.69683e-11,0,10.9892,74.0115,0.18094,4.9
-2,244.912,69.4872,0.00967194,1.69238,1.45773,84.2826,2.8096,5.71422e-11,0,10.9886,74.001,0.182833,4.9
2,244.912,69.4872,0.00967194,1.69238,1.45773,84.2826,2.8096,5.71422e-11,0,10.9886,74.001,0.182833,4.9
0,270.616,98.307,0.0117195,1.6805,1.91736,80.8742,2.68249,1.83511e-11,0,10.9847,73.9776,0.180734,4.9
-1,270.616,98.307,0.0117195,1.6805,1.91736,80.8742,2.68249,1.83511e-11,0,10.9847,73.9776,0.180734,7
-2,255.007,80.1219,0.00989849,1.65513,1.54414,83.9003,2.64566,1.84556e-11,0,10.9771,73.9708,0.181591,7
1,255.007,80.1219,0.00989849,1.65513,1.54414,83.9003,2.64566,1.84556e-11,0,10.9771,73.9708,0.181591,7
-1,255.007,80.1219,0.00989849,1.65513,1.54414,83.9003,2.64566,1.84556e-11,0,10.9771,73.9708,0.181591,4.9
-2,243.224,65.7736,0.00944137,1.65733,1.3948,86.6734,2.59243,1.85015e-11,0,10.978,73.9611,0.18388,4.9
2,243.224,65.7736,0.00944137,1.65733,1.3948,86.6734,2.59243,1.85015e-11,0,10.978,73.9611,0.18388,4.9
0,266.591,92.2119,0.0109788,1.64818,1.74978,83.3923,2.48052,5.93186e-12,0,10.975,73.9405,0.181411,4.9
-1,266.591,92.2119,0.0109788,1.64818,1.74978,83.3923,2.48052,5.93186e-12,0,10.975,73.9405,0.181411,7
-2,252.392,75.5257,0.0096393,1.62806,1.41864,86.2766,2.44756,5.962e-12,0,10.9689,73.9344,0.182584,7
1,252.392,75.5257,0.0096393,1.62806,1.41864,86.2766,2.44756,5.962e-12,0,10.9689,73.9344,0.182584,7
-1,252.392,75.5257,0.0096393,1.62806,1.41864,86.2766,2.44756,5.962e-12,0,10.9689,73.9344,0.182584,4.9
-2,241.791,62.4703,0.00919951,1.62886,1.29133,88.9257,2.38816,5.9763e-12,0,10.9694,73.9235,0.184836,4.9
2,241.791,62.4703,0.00919951,1.62886,1.29133,88.9257,2.38816,5.9763e-12,0,10.9694,73.9235,0.184836,4.9
0,263.553,87.2041,0.0106962,1.62793,1.60576,85.7452,2.30031,1.91083e-12,0,10.9689,73.9073,0.182341,4.9
-1,263.553,87.2041,0.0106962,1.62793,1.60576,85.7452,2.30031,1.91083e-12,0,10.9689,73.9073,0.182341,7
-2,250.962,72.1659,0.0096145,1.6067,1.35661,88.5157,2.2613,1.92029e-12,0,10.9625,73.9002,0.183496,7
1,250.962,72.1659,0.0096145,1.6067,1.35661,88.5157,2.2613,1.92029e-12,0,10.9625,73.9002,0.183496,7
0,276.055,100.076,0.0119462,1.6329,1.92745,85.2051,2.16629,6.0488e-13,0,10.9704,73.8827,0.181914,7
-1,276.055,100.076,0.0119462,1.6329,1.92745,85.2051,2.16629,6.0488e-13,0,10.9704,73.8827,0.181914,7
-2,259.989,81.3603,0.0104359,1.5979,1.48615,88.371,2.14292,6.08885e-13,0,10.9598,73.8784,0.182358,7
1,259.989,81.3603,0.0104359,1.5979,1.48615,88.371,2.14292,6.08885e-13,0,10.9598,73.8784,0.182358,7
-1,259.989,81.3603,0.0104359,1.5979,1.48615,88.371,2.14292,6.08885e-13,0,10.9598,73.8784,0.182358,4.9
-2,247.537,66.3268,0.00914565,1.59565,1.26921,91.2228,2.09929,6.10623e-13,0,10.9594,73.8704,0.184182,4.9
2,247.537,66.3268,0.00914565,1.59565,1.26921,91.2228,2.09929,6.10623e-13,0,10.9594,73.8704,0.184182,4.9
0,271.838,93.653,0.0115812,1.60717,1.74051,87.7978,2.02609,1.93479e-13,0,10.9626,73.857,0.182124,4.9
-1,271.838,93.653,0.0115812,1.60717,1.74051,87.7978,2.02609,1.93479e-13,0,10.9626,73.857,0.182124,7
-2,257.686,76.9397,0.0097532,1.58192,1.39063,90.769,2.00395,1.94554e-13,0,10.9551,73.8529,0.182894,7
1,257.686,76.9397,0.0097532,1.58192,1.39063,90.769,2.00395,1.94554e-13,0,10.9551,73.8529,0.182894,7
-1,257.686,76.9397,0.0097532,1.58192,1.39063,90.769,2.00395,1.94554e-13,0,10.9551,73.8529,0.182894,4.9
-2,246.626,63.4088,0.00879731,1.58336,1.22306,93.4553,1.96093,1.94962e-13,0,10.9557,73.845,0.185024,4.9
2,246.626,63.4088,0.00879731,1.58336,1.22306,93.4553,1.96093,1.94962e-13,0,10.9557,73.845,0.185024,4.9
0,268.931,88.6672,0.0108467,1.59531,1.61029,90.169,1.90264,6.18809e-14,0,10.9591,73.8343,0.182633,4.9
-1,268.931,88.6672,0.0108467,1.59531,1.61029,90.169,1.90264,6.18809e-14,0,10.9591,73.8343,0.182633,7
-2,255.832,73.1131,0.00943962,1.5741,1.30093,92.9866,1.88096,6.21751e-14,0,10.9528,73.8303,0.183662,7
1,255.832,73.1131,0.00943962,1.5741,1.30093,92.9866,1.88096,6.21751e-14,0,10.9528,73.8303,0.183662,7
-1,255.832,73.1131,0.00943962,1.5741,1.30093,92.9866,1.88096,6.21751e-14,0,10.9528,73.8303,0.183662,4.9
-2,245.875,60.7484,0.00892655,1.57367,1.17647,95.5768,1.8309,6.22988e-14,0,10.9529,73.8212,0.185903,4.9
2,245.875,60.7484,0.00892655,1.57367,1.17647,95.5768,1.8309,6.22988e-14,0,10.9529,73.8212,0.185903,4.9
0,266.72,84.5044,0.0105194,1.59118,1.50312,92.3616,1.7934,1.97827e-14,0,10.958,73.8143,0.183344,4.9
-1,266.72,84.5044,0.0105194,1.59118,1.50312,92.3616,1.7934,1.97827e-14,0,10.958,73.8143,0.183344,7
-2,254.798,70.1689,0.00946421,1.56837,1.2518,95.0907,1.76455,1.9873e-14,0,10.9511,73.809,0.184463,7
1,254.798,70.1689,0.00946421,1.56837,1.2518,95.0907,1.76455,1.9873e-14,0,10.9511,73.809,0.184463,7
0,279.015,97.1682,0.0118086,1.61063,1.83577,91.7258,1.71618,6.2409e-15,0,10.9639,73.8001,0.182678,7
-1,279.015,97.1682,0.0118086,1.61063,1.83577,91.7258,1.71618,6.2409e-15,0,10.9639,73.8001,0.182678,7
-2,263.947,79.4683,0.0102495,1.57369,1.39748,94.8604,1.70338,6.28033e-15,0,10.9527,73.7978,0.183079,7
1,263.947,79.4683,0.0102495,1.57369,1.39748,94.8604,1.70338,6.28033e-15,0,10.9527,73.7978,0.183079,7
-1,263.947,79.4683,0.0102495,1.57369,1.39748,94.8604,1.70338,6.28033e-15,0,10.9527,73.7978,0.183079,4.9
-2,252.313,65.3033,0.00890634,1.56974,1.18422,97.6538,1.66556,6.29528e-15,0,10.9517,73.7908,0.184773,4.9
2,252.313,65.3033,0.00890634,1.56974,1.18422,97.6538,1.66556,6.29528e-15,0,10.9517,73.7908,0.184773,4.9
0,275.534,91.5116,0.0114286,1.59493,1.66259,94.1882,1.63791,1.99701e-15,0,10.9592,73.7858,0.182711,4.9
-1,275.534,91.5116,0.0114286,1.59493,1.66259,94.1882,1.63791,1.99701e-15,0,10.9592,73.7858,0.182711,7
-2,262.093,75.5418,0.00959263,1.56768,1.31543,97.119,1.62226,2.00738e-15,0,10.951,73.7829,0.183334,7
1,262.093,75.5418,0.00959263,1.56768,1.31543,97.119,1.62226,2.00738e-15,0,10.951,73.7829,0.183334,7
-1,262.093,75.5418,0.00959263,1.56768,1.31543,97.119,1.62226,2.00738e-15,0,10.951,73.7829,0.183334,4.9
-2,251.551,62.5272,0.0090423,1.56639,1.17872,99.7778,1.58071,2.01052e-15,0,10.9508,73.7753,0.18538,4.9
2,251.551,62.5272,0.0090423,1.56639,1.17872,99.7778,1.58071,2.01052e-15,0,10.9508,73.7753,0.18538,4.9
0,273.225,87.1799,0.0107273,1.59083,1.54549,96.4179,1.567,6.41294e-16,0,10.958,73.7728,0.182799,4.9
-1,273.225,87.1799,0.0107273,1.59083,1.54549,96.4179,1.567,6.41294e-16,0,10.958,73.7728,0.182799,7
-2,261.113,72.5869,0.00923407,1.56665,1.27615,99.2233,1.54746,6.44175e-16,0,10.9507,73.7692,0.183711,7
1,261.113,72.5869,0.00923407,1.56665,1.27615,99.2233,1.54746,6.44175e-16,0,10.9507,73.7692,0.183711,7
-1,261.113,72.5869,0.00923407,1.56665,1.27615,99.2233,1.54746,6.44175e-16,0,10.9507,73.7692,0.183711,4.9
-2,251.295,60.4231,0.00868949,1.56795,1.14735,101.741,1.50769,6.44662e-16,0,10.9513,73.7619,0.185961,4.9
2,251.295,60.4231,0.00868949,1.56795,1.14735,101.741,1.50769,6.44662e-16,0,10.9513,73.7619,0.185961,4.9
0,271.795,83.8115,0.0103455,1.59162,1.48606,98.4928,1.50099,2.06858e-16,0,10.9583,73.7607,0.183109,4.9
-1,271.795,83.8115,0.0103455,1.59162,1.48606,98.4928,1.50099,2.06858e-16,0,10.9583,73.7607,0.183109,7
-2,260.145,69.7899,0.00934623,1.5701,1.23335,101.167,1.48276,2.07627e-16,0,10.9518,73.7574,0.184167,7
1,260.145,69.7899,0.00934623,1.5701,1.23335,101.167,1.48276,2.07627e-16,0,10.9518,73.7574,0.184167,7
-1,260.145,69.7899,0.00934623,1.5701,1.23335,101.167,1.48276,2.07627e-16,0,10.9518,73.7574,0.184167,4.9
-2,251.053,58.3955,0.00881835,1.57043,1.11543,103.634,1.44063,2.07791e-16,0,10.9522,73.7496,0.186452,4.9
2,251.053,58.3955,0.00881835,1.57043,1.11543,103.634,1.44063,2.07791e-16,0,10.9522,73.7496,0.186452,4.9
0,270.562,80.7771,0.0104556,1.59665,1.43197,100.408,1.4438,6.70057e-17,0,10.9599,73.7502,0.183332,4.9
-1,270.562,80.7771,0.0104556,1.59665,1.43197,100.408,1.4438,6.70057e-17,0,10.9599,73.7502,0.183332,7
-2,259.929,67.7974,0.00932062,1.57426,1.20437,103.037,1.42282,6.72599e-17,0,10.9532,73.7464,0.184409,7
1,259.929,67.7974,0.00932062,1.57426,1.20437,103.037,1.42282,6.72599e-17,0,10.9532,73.7464,0.184409,7
-1,259.929,67.7974,0.00932062,1.57426,1.20437,103.037,1.42282,6.72599e-17,0,10.9532,73.7464,0.184409,4.9
-2,251.384,57.0279,0.00877314,1.5743,1.08896,105.422,1.382,6.72733e-17,0,10.9534,73.7389,0.186881,4.9
2,251.384,57.0279,0.00877314,1.5743,1.08896,105.422,1.382,6.72733e-17,0,10.9534,73.7389,0.186881,4.9
0,270.008,78.4767,0.0104314,1.60223,1.39572,102.247,1.39036,2.18632e-17,0,10.9617,73.7404,0.183537,4.9
-1,270.008,78.4767,0.0104314,1.60223,1.39572,102.247,1.39036,2.18632e-17,0,10.9617,73.7404,0.183537,7
-2,259.915,66.0898,0.00906034,1.57947,1.18974,104.8,1.37,2.19337e-17,0,10.9548,73.7367,0.184778,7
1,259.915,66.0898,0.00906034,1.57947,1.18974,104.8,1.37,2.19337e-17,0,10.9548,73.7367,0.184778,7
-1,259.915,66.0898,0.00906034,1.57947,1.18974,104.8,1.37,2.19337e-17,0,10.9548,73.7367,0.184778,4.9
-2,251.707,55.7232,0.00847386,1.57953,1.0746,107.117,1.33213,2.193e-17,0,10.9551,73.7298,0.187247,4.9
2,251.707,55.7232,0.00847386,1.57953,1.0746,107.117,1.33213,2.193e-17,0,10.9551,73.7298,0.187247,4.9
0,269.82,76.6223,0.0101807,1.60862,1.37662,103.98,1.34309,7.18043e-18,0,10.9637,73.7318,0.183821,4.9
-1,269.82,76.6223,0.0101807,1.60862,1.37662,103.98,1.34309,7.18043e-18,0,10.9637,73.7318,0.183821,7
-2,259.975,64.5566,0.00883647,1.58573,1.15796,106.47,1.32501,7.20118e-18,0,10.9568,73.7285,0.185051,7
1,259.975,64.5566,0.00883647,1.58573,1.15796,106.47,1.32501,7.20118e-18,0,10.9568,73.7285,0.185051,7
-1,259.975,64.5566,0.00883647,1.58573,1.15796,106.47,1.32501,7.20118e-18,0,10.9568,73.7285,0.185051,4.9
-2,252.054,54.5029,0.00823135,1.5842,1.0475,108.758,1.2873,7.19958e-18,0,10.9565,73.7216,0.187551,4.9
2,252.054,54.5029,0.00823135,1.5842,1.0475,108.758,1.2873,7.19958e-18,0,10.9565,73.7216,0.187551,4.9
0,269.727,74.9625,0.00996657,1.61584,1.34173,105.62,1.3028,2.37601e-18,0,10.9659,73.7244,0.183856,4.9
-1,269.727,74.9625,0.00996657,1.61584,1.34173,105.62,1.3028,2.37601e-18,0,10.9659,73.7244,0.183856,7
-2,260.388,63.3918,0.00892989,1.5913,1.16113,108.085,1.28429,2.38302e-18,0,10.9585,73.721,0.185092,7
1,260.388,63.3918,0.00892989,1.5913,1.16113,108.085,1.28429,2.38302e-18,0,10.9585,73.721,0.185092,7
-1,260.388,63.3918,0.00892989,1.5913,1.16113,108.085,1.28429,2.38302e-18,0,10.9585,73.721,0.185092,4.9
-2,252.91,53.8326,0.00831048,1.59018,1.04677,110.321,1.25068,2.38185e-18,0,10.9584,73.7149,0.187501,4.9
2,252.91,53.8326,0.00831048,1.59018,1.04677,110.321,1.25068,2.38185e-18,0,10.9584,73.7149,0.187501,4.9
0,269.914,73.6026,0.0100653,1.62218,1.34221,107.201,1.26609,7.94111e-19,0,10.9679,73.7177,0.183837,4.9
-1,269.914,73.6026,0.0100653,1.62218,1.34221,107.201,1.26609,7.94111e-19,0,10.9679,73.7177,0.183837,7
-2,260.953,62.4558,0.00902525,1.59792,1.15961,109.619,1.25111,7.96242e-19,0,10.9606,73.715,0.184985,7
1,260.953,62.4558,0.00902525,1.59792,1.15961,109.619,1.25111,7.96242e-19,0,10.9606,73.715,0.184985,7
-1,260.953,62.4558,0.00902525,1.59792,1.15961,109.619,1.25111,7.96242e-19,0,10.9606,73.715,0.184985,4.9
-2,253.566,53.037,0.00836642,1.59682,1.04432,111.803,1.21953,7.95576e-19,0,10.9604,73.7092,0.187393,4.9
2,253.566,53.037,0.00836642,1.59682,1.04432,111.803,1.21953,7.95576e-19,0,10.9604,73.7092,0.187393,4.9
0,270.378,72.5957,0.0101704,1.62941,1.33903,108.701,1.23633,2.68197e-19,0,10.9701,73.7123,0.183499,4.9
-1,270.378,72.5957,0.0101704,1.62941,1.33903,108.701,1.23633,2.68197e-19,0,10.9701,73.7123,0.183499,7
-2,261.638,61.7122,0.00909916,1.60502,1.15821,111.073,1.223,2.68832e-19,0,10.9628,73.7098,0.184691,7
1,261.638,61.7122,0.00909916,1.60502,1.15821,111.073,1.223,2.68832e-19,0,10.9628,73.7098,0.184691,7
-1,261.638,61.7122,0.00909916,1.60502,1.15821,111.073,1.223,2.68832e-19,0,10.9628,73.7098,0.184691,4.9
-2,254.506,52.5762,0.00841876,1.60339,1.04282,113.228,1.19298,2.68528e-19,0,10.9625,73.7043,0.187006,4.9
2,254.506,52.5762,0.00841876,1.60339,1.04282,113.228,1.19298,2.68528e-19,0,10.9625,73.7043,0.187006,4.9
0,270.969,71.7915,0.0102535,1.63698,1.33657,110.119,1.21107,9.16236e-20,0,10.9725,73.7076,0.183107,4.9
-1,270.969,71.7915,0.0102535,1.63698,1.33657,110.119,1.21107,9.16236e-20,0,10.9725,73.7076,0.183107,7
-2,262.503,61.2062,0.00916056,1.61193,1.15508,112.467,1.19897,9.18315e-20,0,10.9649,73.7054,0.184188,7
1,262.503,61.2062,0.00916056,1.61193,1.15508,112.467,1.19897,9.18315e-20,0,10.9649,73.7054,0.184188,7
-1,262.503,61.2062,0.00916056,1.61193,1.15508,112.467,1.19897,9.18315e-20,0,10.9649,73.7054,0.184188,4.9
-2,255.58,52.306,0.00846163,1.60993,1.03733,114.597,1.17011,9.16983e-20,0,10.9645,73.7001,0.186503,4.9
2,255.58,52.306,0.00846163,1.60993,1.03733,114.597,1.17011,9.16983e-20,0,10.9645,73.7001,0.186503,4.9
0,271.675,71.1608,0.0103212,1.64425,1.33269,111.476,1.18941,3.17004e-20,0,10.9747,73.7037,0.182582,4.9
-1,271.675,71.1608,0.0103212,1.64425,1.33269,111.476,1.18941,3.17004e-20,0,10.9747,73.7037,0.182582,7
-2,263.141,60.5278,0.0092099,1.6187,1.15319,113.802,1.17821,3.17656e-20,0,10.967,73.7016,0.18364,7
1,263.141,60.5278,0.0092099,1.6187,1.15319,113.802,1.17821,3.17656e-20,0,10.967,73.7016,0.18364,7
-1,263.141,60.5278,0.0092099,1.6187,1.15319,113.802,1.17821,3.17656e-20,0,10.967,73.7016,0.18364,4.9
-2,256.401,51.807,0.00846268,1.61588,1.03933,115.931,1.15064,3.17232e-20,0,10.9664,73.6966,0.185798,4.9
2,256.401,51.807,0.00846268,1.61588,1.03933,115.931,1.15064,3.17232e-20,0,10.9664,73.6966,0.185798,4.9
0,272.256,70.4595,0.0103776,1.65128,1.33028,112.775,1.17063,1.11141e-20,0,10.9769,73.7002,0.181736,4.9
-1,272.256,70.4595,0.0103776,1.65128,1.33028,112.775,1.17063,1.11141e-20,0,10.9769,73.7002,0.181736,7
-2,264.125,60.2291,0.00927095,1.62484,1.14939,115.102,1.16047,1.11377e-20,0,10.9689,73.6984,0.182744,7
1,264.125,60.2291,0.00927095,1.62484,1.14939,115.102,1.16047,1.11377e-20,0,10.9689,73.6984,0.182744,7
-1,264.125,60.2291,0.00927095,1.62484,1.14939,115.102,1.16047,1.11377e-20,0,10.9689,73.6984,0.182744,4.9
-2,257.353,51.5058,0.00847249,1.62164,1.03737,117.201,1.13281,1.11163e-20,0,10.9681,73.6933,0.184879,4.9
2,257.353,51.5058,0.00847249,1.62164,1.03737,117.201,1.13281,1.11163e-20,0,10.9681,73.6933,0.184879,4.9
0,273.172,70.1311,0.0104447,1.65763,1.32603,114.036,1.15452,3.95687e-21,0,10.9789,73.6973,0.180878,4.9
-1,273.172,70.1311,0.0104447,1.65763,1.32603,114.036,1.15452,3.95687e-21,0,10.9789,73.6973,0.180878,7
-2,264.933,59.8185,0.00929937,1.63066,1.14623,116.336,1.14413,3.96401e-21,0,10.9707,73.6954,0.18182,7
1,264.933,59.8185,0.00929937,1.63066,1.14623,116.336,1.14413,3.96401e-21,0,10.9707,73.6954,0.18182,7
-1,264.933,59.8185,0.00929937,1.63066,1.14623,116.336,1.14413,3.96401e-21,0,10.9707,73.6954,0.18182,4.9
-2,258.527,51.4491,0.00848919,1.6272,1.04645,118.434,1.11785,3.95668e-21,0,10.9698,73.6906,0.183905,4.9
2,258.527,51.4491,0.00848919,1.6272,1.04645,118.434,1.11785,3.95668e-21,0,10.9698,73.6906,0.183905,4.9
0,273.845,69.6232,0.0104769,1.66359,1.32257,115.23,1.13951,1.42981e-21,0,10.9807,73.6945,0.180009,4.9
-1,273.845,69.6232,0.0104769,1.66359,1.32257,115.23,1.13951,1.42981e-21,0,10.9807,73.6945,0.180009,7
-2,265.883,59.5807,0.00929786,1.63628,1.14761,117.532,1.1303,1.43259e-21,0,10.9724,73.6928,0.180935,7
1,265.883,59.5807,0.00929786,1.63628,1.14761,117.532,1.1303,1.43259e-21,0,10.9724,73.6928,0.180935,7
-1,265.883,59.5807,0.00929786,1.63628,1.14761,117.532,1.1303,1.43259e-21,0,10.9724,73.6928,0.180935,4.9
-2,259.43,51.1809,0.00851258,1.6329,1.04342,119.616,1.10568,1.42926e-21,0,10.9716,73.6883,0.182975,4.9
2,259.43,51.1809,0.00851258,1.6329,1.04342,119.616,1.10568,1.42926e-21,0,10.9716,73.6883,0.182975,4.9
0,274.753,69.3822,0.0104794,1.66931,1.32367,116.387,1.12674,5.25044e-22,0,10.9825,73.6922,0.179129,4.9
-1,274.753,69.3822,0.0104794,1.66931,1.32367,116.387,1.12674,5.25044e-22,0,10.9825,73.6922,0.179129,7
-2,267.256,59.8232,0.00931656,1.64196,1.14038,118.677,1.11905,5.25908e-22,0,10.9742,73.6908,0.179994,7
1,267.256,59.8232,0.00931656,1.64196,1.14038,118.677,1.11905,5.25908e-22,0,10.9742,73.6908,0.179994,7
-1,267.256,59.8232,0.00931656,1.64196,1.14038,118.677,1.11905,5.25908e-22,0,10.9742,73.6908,0.179994,4.9
-2,260.43,51.1073,0.00850854,1.6391,1.03887,120.701,1.09287,5.2403e-22,0,10.9735,73.686,0.182098,4.9
2,260.43,51.1073,0.00850854,1.6391,1.03887,120.701,1.09287,5.2403e-22,0,10.9735,73.686,0.182098,4.9
-1,260.43,51.1073,0.00850854,1.6391,1.03887,120.701,1.09287,5.2403e-22,0,10.9735,73.686,0.182098,3.43
-2,255.482,44.3781,0.00833002,1.6488,1.01542,122.531,1.05878,5.20485e-22,0,10.9767,73.6797,0.185581,3.43
3,255.482,44.3781,0.00833002,1.6488,1.01542,122.531,1.05878,5.20485e-22,0,10.9767,73.6797,0.185581,3.43
-1,255.482,44.3781,0.00833002,1.6488,1.01542,122.531,1.05878,5.20485e-22,0,10.9767,73.6797,0.185581,2.401
-2,251.161,38.66,0.00784116,1.67154,0.919434,124.026,1.02781,5.14945e-22,0,10.984,73.6741,0.190826,2.401
4,251.161,38.66,0.00784116,1.67154,0.919434,124.026,1.02781,5.14945e-22,0,10.984,73.6741,0.190826,2.401
-1,251.161,38.66,0.00784116,1.67154,0.919434,124.026,1.02781,5.14945e-22,0,10.984,73.6741,0.190826,1.6807
-2,248.089,34.2801,0.00791222,1.69669,0.915327,125.337,0.993869,5.08623e-22,0,10.992,73.6679,0.197773,1.6807
5,248.089,34.2801,0.00791222,1.69669,0.915327,125.337,0.993869,5.08623e-22,0,10.992,73.6679,0.197773,1.6807
-1,248.089,34.2801,0.00791222,1.69669,0.915327,125.337,0.993869,5.08623e-22,0,10.992,73.6679,0.197773,1.17649
-2,245.83,30.9893,0.00818122,1.73,0.908291,126.356,0.966117,5.01805e-22,0,11.0025,73.6628,0.206122,1.17649
6,245.83,30.9893,0.00818122,1.73,0.908291,126.356,0.966117,5.01805e-22,0,11.0025,73.6628,0.206122,1.17649
-1,245.83,30.9893,0.00818122,1.73,0.908291,126.356,0.966117,5.01805e-22,0,11.0025,73.6628,0.206122,0.823543
-2,243.883,28.221,0.00828139,1.76911,0.888619,127.165,0.941876,4.94699e-22,0,11.0147,73.6583,0.216007,0.823543
7,243.883,28.221,0.00828139,1.76911,0.888619,127.165,0.941876,4.94699e-22,0,11.0147,73.6583,0.216007,0.823543
-1,243.883,28.221,0.00828139,1.76911,0.888619,127.165,0.941876,4.94699e-22,0,11.0147,73.6583,0.216007,0.57648
-2,242.3,25.9921,0.00824012,1.81181,0.854339,127.806,0.918582,4.88192e-22,0,11.028,73.6541,0.226197,0.57648
8,242.3,25.9921,0.00824012,1.81181,0.854339,127.806,0.918582,4.88192e-22,0,11.028,73.6541,0.226197,0.57648
-1,242.3,25.9921,0.00824012,1.81181,0.854339,127.806,0.918582,4.88192e-22,0,11.028,73.6541,0.226197,0.403536
-2,241.501,24.6074,0.00820504,1.85563,0.853741,128.353,0.895194,4.82222e-22,0,11.0417,73.6498,0.236916,0.403536
9,241.501,24.6074,0.00820504,1.85563,0.853741,128.353,0.895194,4.82222e-22,0,11.0417,73.6498,0.236916,0.403536
0,245.569,29.498,0.00903352,1.90687,0.875381,127.45,0.892794,1.52245e-22,0,11.0574,73.6493,0.229944,0.282475
-1,245.569,29.498,0.00903352,1.90687,0.875381,127.45,0.892794,1.52245e-22,0,11.0574,73.6493,0.229944,7
-2,244.646,28.1628,0.00894328,1.90315,0.892455,127.869,0.873277,1.51252e-22,0,11.0561,73.6458,0.234757,7
1,244.646,28.1628,0.00894328,1.90315,0.892455,127.869,0.873277,1.51252e-22,0,11.0561,73.6458,0.234757,7
0,249.243,33.601,0.00991108,1.9534,0.935211,126.925,0.871335,4.83857e-23,0,11.0715,73.6454,0.230587,4.9
-1,249.243,33.601,0.00991108,1.9534,0.935211,126.925,0.871335,4.83857e-23,0,11.0715,73.6454,0.230587,7
-2,247.843,31.5199,0.00897001,1.93898,0.915136,127.654,0.861051,4.81224e-23,0,11.0669,73.6435,0.235034,7
1,247.843,31.5199,0.00897001,1.93898,0.915136,127.654,0.861051,4.81224e-23,0,11.0669,73.6435,0.235034,7
-1,247.843,31.5199,0.00897001,1.93898,0.915136,127.654,0.861051,4.81224e-23,0,11.0669,73.6435,0.235034,4.9
-2,246.413,29.3757,0.00862594,1.9444,0.891148,128.392,0.850293,4.77905e-23,0,11.0686,73.6415,0.240962,4.9
2,246.413,29.3757,0.00862594,1.9444,0.891148,128.392,0.850293,4.77905e-23,0,11.0686,73.6415,0.240962,4.9
-1,246.413,29.3757,0.00862594,1.9444,0.891148,128.392,0.850293,4.77905e-23,0,11.0686,73.6415,0.240962,3.43
-2,245.415,27.6218,0.00870047,1.96212,0.889696,129.133,0.838196,4.74045e-23,0,11.0741,73.6393,0.248375,3.43
3,245.415,27.6218,0.00870047,1.96212,0.889696,129.133,0.838196,4.74045e-23,0,11.0741,73.6393,0.248375,3.43
0,244.781,33.0471,0.0096279,2.01157,0.925556,122.977,0.836712,1.48208e-23,0,11.0893,73.6391,0.244698,2.401
-1,244.781,33.0471,0.0096279,2.01157,0.925556,122.977,0.836712,1.48208e-23,0,11.0893,73.6391,0.244698,7
-2,243.755,31.2865,0.00965005,2.00516,0.9393,123.711,0.829176,1.47475e-23,0,11.0872,73.6377,0.249196,7
1,243.755,31.2865,0.00965005,2.00516,0.9393,123.711,0.829176,1.47475e-23,0,11.0872,73.6377,0.249196,7
-1,243.755,31.2865,0.00965005,2.00516,0.9393,123.711,0.829176,1.47475e-23,0,11.0872,73.6377,0.249196,4.9
-2,242.281,29.1248,0.00930479,2.01851,0.920132,124.404,0.821341,1.46429e-23,0,11.0914,73.6362,0.255311,4.9
2,242.281,29.1248,0.00930479,2.01851,0.920132,124.404,0.821341,1.46429e-23,0,11.0914,73.6362,0.255311,4.9
-1,242.281,29.1248,0.00930479,2.01851,0.920132,124.404,0.821341,1.46429e-23,0,11.0914,73.6362,0.255311,3.43
-2,241.136,27.2778,0.00888978,2.04238,0.880906,125.118,0.811745,1.45278e-23,0,11.0989,73.6345,0.262766,3.43
3,241.136,27.2778,0.00888978,2.04238,0.880906,125.118,0.811745,1.45278e-23,0,11.0989,73.6345,0.262766,3.43
-1,241.136,27.2778,0.00888978,2.04238,0.880906,125.118,0.811745,1.45278e-23,0,11.0989,73.6345,0.262766,2.401
-2,240.109,25.5552,0.00890929,2.07417,0.858046,125.801,0.798976,1.4397e-23,0,11.1088,73.6321,0.27173,2.401
4,240.109,25.5552,0.00890929,2.07417,0.858046,125.801,0.798976,1.4397e-23,0,11.1088,73.6321,0.27173,2.401
-1,240.109,25.5552,0.00890929,2.07417,0.858046,125.801,0.798976,1.4397e-23,0,11.1088,73.6321,0.27173,1.6807
-2,239.533,24.3369,0.00885832,2.11431,0.842443,126.413,0.785028,1.4262e-23,0,11.1213,73.6296,0.281708,1.6807
5,239.533,24.3369,0.00885832,2.11431,0.842443,126.413,0.785028,1.4262e-23,0,11.1213,73.6296,0.281708,1.6807
